track_artist,track_popularity,track_album_release_date
Ed Sheeran,66,2019-06-14
Maroon 5,67,2019-12-13
Zara Larsson,70,2019-07-05
The Chainsmokers,60,2019-07-19
Lewis Capaldi,69,2019-03-05
Ed Sheeran,67,2019-07-11
Katy Perry,62,2019-07-26
Sam Feldt,69,2019-08-29
Avicii,68,2019-06-14
Shawn Mendes,67,2019-06-20
Ed Sheeran,58,2019-06-21
Ellie Goulding,67,2019-08-16
Loud Luxury,67,2019-03-29
Avicii,68,2019-05-17
Martin Garrix,63,2019-07-12
Ed Sheeran,66,2019-12-11
AJ Mitchell,60,2019-05-03
David Guetta,65,2018-12-28
Sam Smith,69,2019-03-08
Steve Aoki,35,2019-10-18
Avicii,70,2019-08-23
R3HAB,64,2019-08-23
David Guetta,62,2019-05-08
AJ Mitchell,70,2019-10-25
The Chainsmokers,58,2019-05-24
Lewis Capaldi,63,2019-06-21
Marshmello,66,2019-08-09
Ellie Goulding,8,2019-02-01
Ava Max,62,2019-05-23
Nikki Vianna,30,2019-04-19
Charlie Puth,56,2019-11-01
Starley,56,2018-11-30
Zara Larsson,58,2018-11-23
Ava Max,60,2019-09-05
James Arthur,60,2019-11-22
MAX,55,2019-06-21
Marshmello,59,2018-11-30
The Chainsmokers,63,2018-07-25
ILLENIUM,67,2019-07-12
Bazzi vs.,55,2019-06-27
Charli XCX,56,2019-10-25
Kygo,87,2019-06-28
Armin van Buuren,62,2019-10-18
Billie Eilish,83,2019-07-11
Ava Max,55,2019-11-01
Sia,61,2019-05-24
Sean Paul,56,2019-10-25
Charli XCX,57,2019-08-09
Estelle,56,2019-06-14
Bastille,53,2019-09-27
for KING & COUNTRY,56,2019-01-25
Steve Aoki,34,2019-11-12
Lil Nas X,74,2019-04-29
Starley,46,2019-11-15
Calvin Harris,63,2018-10-19
R3HAB,55,2019-12-12
Why Don't We,52,2019-11-01
Olympis,67,2019-11-01
DJ Snake,63,2019-08-09
Smash Mouth,60,2019-08-23
SHAED,45,2019-12-27
David Guetta,58,2019-07-11
Kaskade,51,2019-09-12
GASHI,58,2019-11-15
Bazzi vs.,56,2018-09-28
Khalid,60,2019-03-27
Herve Pagez,48,2019-10-11
Mark Ronson,56,2019-10-04
James Arthur,56,2019-09-13
Arlissa,65,2018-02-09
The Chainsmokers,39,2019-05-31
Sam Feldt,83,2019-05-24
Marshmello,83,2019-03-08
5 Seconds of Summer,71,2019-07-12
Ellie Goulding,81,2019-04-12
Katy Perry,85,2019-05-31
Gryffin,76,2019-03-27
NOTD,71,2019-05-03
Ed Sheeran,65,2019-10-04
The Chainsmokers,67,2019-07-24
Zara Larsson,74,2019-06-21
Jonas Blue,81,2019-03-22
Kaskade,71,2019-06-14
Gryffin,75,2019-10-18
Kygo,73,2019-05-23
Zara Larsson,79,2018-10-18
NOTD,74,2018-03-16
3LAU,63,2019-03-01
Kygo,79,2019-04-19
Jonas Blue,16,2018-11-09
Shawn Mendes,75,2018-09-27
ILLENIUM,75,2019-08-16
Loud Luxury,55,2019-07-12
Avicii,30,2019-04-10
Jax Jones,62,2019-07-12
Zedd,84,2018-01-23
NOTD,70,2019-09-27
Steve Aoki,37,2019-07-12
Gryffin,70,2019-10-24
ILLENIUM,74,2019-05-13
Mabel,85,2019-01-18
A R I Z O N A,36,2019-06-18
Steve Aoki,52,2019-09-06
Starley,58,2019-10-11
Alesso,72,2019-06-14
ayokay,64,2018-08-31
ARTY,63,2019-01-25
Maggie Lindemann,77,2017-03-02
Martin Garrix,76,2019-02-21
Gryffin,74,2017-03-03
Cashae,56,2019-07-12
Galantis,77,2019-10-25
Kygo,71,2019-02-14
Carly Rae Jepsen,64,2019-05-17
Tiësto,82,2019-05-31
Silk City,81,2018-09-06
Shallou,41,2018-01-25
benny blanco,62,2018-12-07
Carly Rae Jepsen,5,2019-02-27
R3HAB,72,2019-10-25
DVBBS,24,2019-08-16
Lost Kings,58,2017-10-13
Armin van Buuren,65,2019-07-12
Alesso,64,2019-03-08
Elderbrook,53,2019-08-09
Martin Garrix,72,2019-08-16
FANNYPACK,39,2019-04-12
Joel Corry,75,2019-04-05
Herve Pagez,60,2019-05-30
Lindsey Stirling,18,2019-08-02
Zedd,79,2017-02-23
Armin van Buuren,60,2019-10-25
DJ Snake,83,2018-09-28
The Chainsmokers,85,2016-07-29
ODESZA,47,2014-10-13
Zedd,74,2012-01-01
Clean Bandit,80,2018-05-17
Martin Garrix,81,2017-01-27
Justin Bieber,76,2017-08-17
The Black Eyed Peas,96,2019-10-12
Calvin Harris,84,2018-08-17
Riton,86,2019-09-13
San Holo,68,2017-02-10
David Guetta,66,2017-06-09
The Chainsmokers,83,2017-04-07
Calvin Harris,85,2018-04-06
Alesso,73,2015-05-26
Kygo,69,2017-02-17
Ne-Yo,69,2012-01-01
DJ Snake,81,2016-08-05
The Chainsmokers,73,2015-06-16
Zedd,61,2012
Disclosure,19,2013-01-01
David Guetta,57,2018-09-14
Justin Bieber,81,2015-11-13
Calvin Harris,79,2016-04-29
Avicii,84,2013-01-01
Dynoro,84,2018-06-08
David Guetta,66,2011-08-26
Skrillex,8,2015-11-13
Katy Perry,64,2010-01-01
J Balvin,61,2017-09-28
Swedish House Mafia,27,2012-01-01
Justin Timberlake,74,2016-09-23
Ellie Goulding,57,2012-01-01
Lady Gaga,69,2008-01-01
Calvin Harris,77,2015-07-17
Robin Schulz,74,2020-01-10
Sigala,5,2019-09-27
Kaskade,57,2019-09-12
Hot Shade,68,2019-12-20
Paul Kalkbrenner,65,2019-07-26
MOTi,58,2019-01-25
Dimitri Vegas & Like Mike,81,2019-07-05
Becky Hill,68,2020-01-10
Molella,43,2019-06-21
MOTi,57,2019-12-20
The Chainsmokers,58,2019-07-19
GATTÜSO,58,2019-12-19
MEDUZA,91,2019-10-11
Jonas Blue,67,2019-07-19
Matt Simons,42,2019-09-19
Skrillex,70,2019-08-29
Ed Marquis,64,2017-04-28
NOTD,79,2018-11-02
Brando,48,2020-01-10
Glaceo,53,2019-12-20
Tiësto,75,2019-12-13
Kharfi,46,2019-11-08
Lost Frequencies,67,2019-10-04
Dua Lipa,65,2019-12-18
Steve Void,56,2019-12-20
Jax Jones,42,2019-08-28
Armin van Buuren,58,2019-10-25
David Guetta,74,2019-05-09
PNAU,65,2019-05-02
Mike Perry,64,2019-09-27
FAULHABER,51,2019-10-18
Audien,63,2018-11-09
Martin Garrix,83,2019-10-31
Prince Paris,55,2019-11-29
Georgia Ku,39,2019-10-18
Icarus,48,2019-10-04
Madison Mars,59,2019-12-06
Nahaze,64,2019-12-11
DJ Ross,42,2019-11-15
R3HAB,70,2018-01-26
Phantoms,57,2019-07-19
Deorro,21,2019-07-12
Gryffin,68,2019-10-24
Tiësto,63,2019-08-08
Yves V,54,2019-05-31
Alok,79,2019-11-22
Martin Solveig,72,2019-12-06
R3HAB,80,2019-04-05
Steve Aoki,47,2019-02-22
Alex Gaudino,19,2019-03-01
Felix Jaehn,79,2019-11-22
Audien,59,2019-11-08
David Guetta,68,2019-07-26
SAINt JHN,72,2019-09-13
Ofenbach,66,2019-11-15
ARTY,59,2020-01-03
Rita Ora,64,2019-04-05
Ellie Goulding,9,2019-02-01
Drax Project,41,2019-05-02
Ed Sheeran,69,2019-09-27
Kygo,66,2019-07-05
Dzeko,68,2019-01-04
Ellie Goulding,66,2019-05-10
R3HAB,63,2019-05-10
Don Diablo,68,2019-04-26
Steve Aoki,23,2019-09-06
Kygo,67,2019-05-30
Sam Feldt,62,2019-05-10
Andy Grammer,9,2019-04-12
MOTi,59,2019-02-15
Martin Garrix,71,2019-07-18
Jonas Blue,21,2018-11-09
Kygo,81,2018-10-26
Valerie Broussard,69,2019-08-16
Khalid,56,2019-04-04
Alok,56,2019-07-19
Panic! At The Disco,60,2019-01-11
Hardwell,40,2019-05-31
P!nk,57,2019-06-28
Lewis Capaldi,70,2019-09-27
Daya,63,2019-05-17
Zara Larsson,65,2019-04-24
NOTD,56,2019-06-07
Why Don't We,2,2018-09-28
James Arthur,53,2018-06-29
Gryffin,11,2018-10-26
Alesso,77,2018-08-31
Borgeous,56,2019-01-25
Clean Bandit,65,2019-03-08
Hardwell,34,2019-03-08
Dan + Shay,54,2019-03-21
Marshmello,51,2018-10-19
JP Cooper,50,2019-06-21
Jess Glynne,52,2018-12-07
David Guetta,76,2019-02-08
Sigala,75,2019-05-24
Frank Walker,52,2019-03-29
Mabel,62,2019-07-05
Ava Max,65,2018-08-16
Young Bombs,62,2019-11-01
OneRepublic,10,2019-08-02
Syn Cole,55,2019-05-31
Tyler Shaw,49,2019-02-01
Sam Feldt,70,2020-01-10
Nicky Romero,61,2019-06-21
Sam Feldt,75,2019-08-16
Faustix,60,2019-03-29
George Ezra,63,2018-06-15
XO Cupid,73,2018-09-21
Faustix,60,2018-11-23
Faustix,62,2019-07-26
Winati,67,2019-06-21
Tungevaag & Raaban,61,2019-03-22
Jubël,71,2018-06-22
Avicii,80,2019-06-06
John De Sohn,68,2018-07-27
Olympis,60,2019-08-16
Martin Jensen,66,2019-03-01
Jax Jones,75,2019-07-12
Lauv,58,2018-11-01
Kris Kross Amsterdam,74,2018-06-22
Tungevaag & Raaban,68,2018-03-23
GAMPER & DADONI,72,2019-03-29
Jess Glynne,70,2018-10-12
Lauv,58,2019-08-30
Vigiland,67,2018-03-02
Marshmello,62,2018-10-19
Drax Project,56,2019-05-02
Sigala,65,2018-09-28
Jess Glynne,51,2019-03-15
Robin Schulz,54,2019-03-22
Ellie Goulding,61,2019-02-01
Alan Walker,76,2018-12-14
Martin Garrix,83,2019-04-25
Loud Luxury,63,2017-10-27
Cheat Codes,70,2019-03-15
Dennis Lloyd,70,2019-06-07
Klingande,56,2017-09-08
Hot Shade,65,2018-05-04
Martin Jensen,61,2016-11-04
Davai,60,2017-08-25
Kygo,63,2019-04-12
Loud Luxury,54,2018-08-31
Alan Walker,70,2018-12-14
Avicii,6,2018-11-23
Kygo,70,2017-11-03
Axel Johansson,54,2018-04-20
Calvin Harris,83,2019-01-11
Ed Sheeran,53,2018-06-01
John De Sohn,55,2017-06-09
Avicii,81,2017-08-10
Starley,58,2016-10-07
Chico Rose,75,2019-08-30
Kygo,73,2017-09-21
Clean Bandit,73,2018-11-30
Mike Perry,57,2017-09-01
Axwell /\ Ingrosso,25,2017-05-24
Steff da Campo,55,2019-06-07
Avicii,80,2014-01-01
OneRepublic,69,2017-07-14
Jonas Blue,74,2018-11-09
Felix Jaehn,65,2018-02-16
Dua Lipa,50,2018-02-23
Jax Jones,66,2019-07-12
Ilkay Sencan,71,2019-06-21
Tiësto,79,2018-05-18
Gaullin,76,2018-09-07
Martin Jensen,55,2016-04-08
Ava Max,87,2018-08-17
Lost Frequencies,35,2018-06-15
Martin Garrix,77,2018-07-29
Ava Max,83,2019-03-07
Craig David,51,2018-02-09
Lyente,2,2018-04-17
Martin Garrix,68,2018-09-14
Dimitri Vangelis & Wyman,50,2019-03-29
Steve Brian,42,2018-10-12
Billie Eilish,95,2019-03-29
Fluex,50,2018-06-22
Rob Tirea,21,2018-04-13
SLATIN,63,2018-11-30
Martin Garrix,56,2018-12-14
Lvly,2,2018-04-13
PULLER,2,2017-01-23
CAZZETTE,49,2018-10-12
Tiësto,60,2019-03-15
Dropgun,45,2019-01-25
Galantis,56,2018-07-13
Alicia Madison,41,2018-05-11
Mike Williams,70,2018-07-23
Armin van Buuren,57,2018-10-12
Avicii,16,2015-10-02
Dash Berlin,48,2018-04-20
David Guetta,72,2018-02-22
Catiso,2,2018-02-23
Lush & Simon,2,2018-06-01
Vargas & Lagola,66,2018-02-09
Tiësto,60,2018-05-18
Sigala,68,2017-06-09
Kygo,50,2018-05-11
Bombs Away,39,2018-04-16
Catiso,1,2018-02-23
STVCKS,4,2018-03-02
Ariana Grande,16,2014-08-22
Tritonal,58,2016-09-09
DJ Khaled,77,2018-07-27
Axwell /\ Ingrosso,71,2017-07-28
Jax Jones,65,2017-12-01
Martin Garrix,80,2016-07-29
oomiee,1,2017-09-01
ARASHI,67,2019-11-03
Shinn Yamada,28,2019-12-11
TOMORROW X TOGETHER,48,2020-01-14
Hiroomi Tosaka,39,2020-01-08
GENERATIONS from EXILE TRIBE,60,2019-11-21
E-girls,29,2020-01-29
iamSHUM,21,2019-12-11
DAOKO,40,2020-01-15
CHANMINA,37,2020-01-17
香取慎吾,38,2020-01-01
EMMA WAHLIN,17,2020-01-17
Ghost like girlfriend,30,2020-01-15
Ryuji Imaichi,31,2020-01-15
CREAM,37,2019-12-25
THE RAMPAGE from EXILE TRIBE,35,2020-01-15
INTERSECTION,49,2020-01-08
chelmico,42,2020-01-17
ASOBOiSM,23,2020-01-17
FlowBack,34,2019-12-11
SARM,27,2020-01-12
ARASHI,60,2019-12-20
SIRUP,53,2019-11-22
Yo-Sea,30,2020-01-15
eill,41,2019-11-06
Rei Yasuda,29,2019-11-27
Daichi Miura,54,2019-12-04
phai,21,2020-01-15
BABY-T,21,2019-12-02
CREAM,40,2019-11-27
真之介,26,2020-01-08
KEITA,26,2019-12-18
空音,36,2019-11-20
Sakurako Ohara,32,2020-01-15
HAN-KUN,34,2019-12-16
RUN THE FLOOR,21,2020-01-15
INTERSECTION,36,2019-12-25
DEAN FUJIOKA,36,2019-12-11
Chocoholic,42,2019-11-20
片寄涼太,49,2020-01-07
Boys Get Hurt,12,2019-12-23
SkyLogic,16,2019-12-14
YUTO,27,2019-10-26
AAAMYYY,44,2019-11-13
HarukiD,21,2020-01-12
HIRAIDAI,41,2019-11-17
eill,44,2019-11-06
blanchehor,39,2019-11-09
KEITA,21,2019-11-20
Kumi Koda,35,2019-11-13
yu-re:meu,16,2020-01-11
Gear 2nd,27,2019-10-30
Miliyah,37,2019-10-26
広瀬大地,30,2019-10-23
DJ PIGER,35,2019-10-16
RYPPHYPE,26,2019-11-20
sooogood!,30,2019-11-20
Monkey Majik,40,2019-10-23
WAPLAN,31,2019-10-30
AATA,27,2019-12-11
Beverly,31,2019-12-04
EVERGLOW,74,2019-08-19
BVNDIT,59,2019-11-05
GOT7,63,2019-11-04
CHUNG HA,73,2019-06-24
ATEEZ,72,2019-10-08
BLACKPINK,68,2018-06-15
X1,58,2019-08-27
ATEEZ,72,2020-01-06
Red Velvet,70,2017-11-17
HINAPIA,59,2019-11-03
SuperM,75,2019-10-04
Mamamoo,81,2019-11-14
MOMOLAND,70,2018-01-03
KARD,65,2019-09-22
K/DA,75,2018-11-03
Monsta X,69,2019-12-06
BTS,85,2019-04-12
EVERGLOW,72,2019-03-18
Mamamoo,72,2019-03-14
BTS,75,2018-08-24
BTS,65,2017-11-24
iKON,63,2018-08-02
BLACKPINK,2,2017-06-22
Stray Kids,71,2019-03-25
YOUNGJAE,48,2019-10-22
NCT,68,2018-03-14
BLACKPINK,65,2018-06-15
Mamamoo,70,2018-07-16
KARD,66,2019-03-27
BTS,71,2017-09-18
CHUNG HA,2,2018-01-18
TWICE,7,2018-11-05
X1,69,2019-08-27
(G)I-DLE,66,2018-08-14
GOT7,1,2016-09-27
CLC,64,2019-05-30
MOMOLAND,66,2018-06-26
EXID,60,2017-11-08
Mamamoo,67,2018-03-07
SUNMI,0,2018-09-26
SEVENTEEN,66,2019-08-05
SUNMI,62,2018-01-18
SHAUN,66,2018-06-27
MOMOLAND,61,2019-03-20
EXID,61,2019-05-15
CLC,61,2019-01-30
PRODUCE 48,58,2018-05-10
TAEMIN,63,2019-02-11
GFRIEND,67,2019-07-01
Ailee,57,2019-07-02
Red Velvet,65,2018-08-06
SUNMI,70,2019-08-27
twlv,40,2019-08-04
THE BOYZ,55,2019-08-19
gugudan,54,2018-11-06
PENTAGON,63,2019-07-17
Monsta X,56,2019-02-18
WINNER,60,2019-05-15
PENTAGON,56,2019-03-27
FANATICS,42,2019-08-06
RUANN,45,2019-07-31
Raiden,54,2019-08-02
ELYAZ,30,2018-07-06
Becky Hill,64,2019-03-29
Armin van Buuren,52,2018-04-20
David Guetta,54,2012-12-07
Calvin Harris,16,2019-02-15
The Chainsmokers,13,2018-04-20
Lost Frequencies,58,2018-09-14
Alle Farben,61,2019-03-29
Armin van Buuren,24,2017-01-27
Avicii,27,2017-08-10
The Chainsmokers,56,2017-04-28
Swedish House Mafia,77,2012-09-14
Keanu Silva,2,2018-07-27
Tiësto,70,2018-01-26
ELYAZ,9,2016-12-02
Tiësto,65,2015-04-03
Martin Garrix,62,2017-10-20
KSHMR,64,2018-06-15
Coldplay,78,2014-05-19
The Chainsmokers,64,2016-05-27
Dimitri Vegas & Like Mike,69,2019-02-15
Avicii,67,2014-01-01
Calvin Harris,77,2016-09-16
Axwell /\ Ingrosso,7,2017-02-10
Zedd,80,2018-07-18
Kygo,75,2018-06-15
OneRepublic,80,2013-01-01
Lost Frequencies,36,2019-03-08
Lost Frequencies,48,2018-09-14
Armin van Buuren,49,2019-03-29
Tim Berg,7,2013-11-22
Armin van Buuren,65,2013-05-03
OneRepublic,44,2013-01-01
Martin Garrix,2,2016-05-27
Calvin Harris,75,2014-10-31
David Guetta,47,2014-11-24
Avicii,10,2015-10-02
Tiësto,69,2014-06-13
Martin Garrix,57,2016-03-11
Avicii,66,2012-01-01
Axwell /\ Ingrosso,4,2015-01-20
Alan Walker,85,2019-12-27
The Chainsmokers,85,2019-12-06
Campsite Dream,50,2020-01-10
The Chainsmokers,66,2019-11-08
Nea,63,2020-01-10
Campsite Dream,43,2019-12-06
SAINt JHN,88,2019-10-09
Aivarask,56,2019-08-23
GASHI,63,2019-08-28
Oliver Heldens,61,2019-04-12
Sigala,76,2019-11-01
Riton,50,2019-12-13
Alle Farben,66,2019-10-11
Snakehips,64,2019-08-28
Henri PFR,59,2019-11-29
Ina Wroldsen,64,2019-09-20
Hypanda,56,2019-08-30
Younotus,77,2019-04-26
The Chainsmokers,17,2019-04-26
Wiley,38,2019-08-02
CamelPhat,66,2019-06-04
Craig David,30,2019-09-13
Au/Ra,72,2019-10-17
LORYN,58,2019-05-17
MAX,65,2019-07-19
The Chainsmokers,12,2019-03-29
Zara Larsson,48,2019-05-03
Campsite Dream,41,2019-06-21
Herve Pagez,59,2019-05-30
Oliver Heldens,38,2019-06-28
Martin Garrix,68,2019-03-31
Dimitri Vegas & Like Mike,41,2019-11-08
Steve Aoki,5,2019-04-19
P!nk,75,2019-04-11
Alan Walker,83,2019-03-21
MK,61,2019-05-10
Mark Ronson,58,2019-05-20
Campsite Dream,48,2019-04-12
Mark Ronson,69,2019-04-12
Sia,55,2019-05-16
benny blanco,79,2019-02-28
Sia,62,2019-04-12
Snakehips,74,2015-10-21
Sam Smith,87,2019-01-11
K-391,78,2019-08-30
Campsite Dream,40,2019-01-18
Alan Walker,69,2018-12-14
The Chainsmokers,75,2017-01-13
Kygo,75,2016-05-13
Daft Punk,71,2013-05-17
David Guetta,78,2018-09-14
George Ezra,54,2018-11-23
MØ,71,2016-05-13
Normani,55,2018-10-22
OMI,76,2015-10-16
Kygo,64,2018-06-15
Faul & Wad Ad,39,2013-11-15
Campsite Dream,55,2016-09-23
Zara Larsson,76,2017-03-17
Calvin Harris,66,2018-07-13
Calvin Harris,76,2017-06-30
Fatboy Slim,62,2018-11-02
MK,72,2018-09-07
Calvin Harris,74,2017-02-24
Daft Punk,76,2013-04-19
QUIX,38,2018-11-09
MK,69,2017-09-01
Sigala,66,2018-02-23
The Chainsmokers,23,2019-02-07
Oliver Heldens,70,2018-10-26
Wiktoria,42,2020-01-17
John De Sohn,67,2019-11-15
Vide,46,2020-01-03
Ludvigsson,51,2019-11-22
Caj Morgan,41,2019-12-27
Andrew Roman,47,2019-12-06
Ljung,45,2019-12-06
John De Sohn,54,2019-11-29
Hogland,54,2019-11-15
Ericé,47,2019-11-29
Ria Mae,66,2019-10-16
AronChupa,61,2019-11-22
Wahlstedt,53,2019-11-22
Skylike,63,2019-09-06
JRL,44,2019-11-29
Kesha,62,2019-11-21
Justin Jesso,70,2019-11-15
John De Sohn,49,2019-09-20
Haze & Mellow,44,2019-11-22
Sterkøl,50,2019-11-01
Moe Aly,44,2019-11-22
Laureano,34,2019-11-08
Addal,57,2019-11-08
Madeon,60,2019-11-15
Bakermat,76,2019-11-08
TooManyLeftHands,49,2019-11-22
Greyson Chance,55,2019-11-08
Ludvigsson,49,2019-09-27
Lost Kings,54,2019-10-18
Tom Walker,45,2019-10-03
AJ Mitchell,62,2019-11-08
TRXD,50,2019-10-25
henrikz,37,2019-10-18
Frans,44,2019-09-20
Hogland,53,2019-09-13
jayover,34,2019-10-25
Regard,94,2019-07-26
Erlandsson,48,2019-10-11
Jonasu,51,2019-10-18
Captain Cuts,55,2019-08-23
Martin Jensen,58,2019-10-04
Lost Kings,60,2019-10-11
Starley,37,2019-10-11
Sterkøl,45,2019-09-06
Sick Individuals,52,2019-10-11
Davai,57,2019-09-20
AMAANDA,32,2019-09-20
Papa Ya,40,2019-09-27
Guy Sebastian,54,2019-09-27
Roman Müller,41,2019-08-30
BAARD,42,2019-09-13
Normani,83,2019-08-16
Theresa Rex,40,2019-09-27
Hellberg,52,2019-08-23
Marshmello,85,2019-06-21
Hogland,66,2019-06-07
Mark Ronson,58,2019-09-27
Foxa,45,2019-08-09
Lewka,41,2019-08-16
Lost Kings,55,2019-08-23
Vinil,22,2019-08-23
Tom Ferry,47,2019-08-09
Haze & Mellow,38,2019-08-02
Jonasu,51,2019-07-05
henrikz,28,2019-08-16
Moe Aly,38,2019-08-09
End of the World,65,2019-07-26
Closed Doors,31,2019-07-26
Ashley O,70,2019-06-14
Loud Luxury,46,2019-07-12
Pedro Capó,63,2019-06-21
Charming Horses,39,2019-08-02
Le P,35,2019-07-26
Alex Mattson,44,2019-06-28
Davai,47,2019-06-28
Out Of Sound,45,2018-09-28
ILIRA,48,2019-07-26
KAROL G,98,2019-11-07
Aitana,81,2019-12-17
Billie Eilish,97,2019-11-13
David Bisbal,66,2020-01-02
Omar Montes,82,2019-10-24
Morat,77,2019-10-31
J Balvin,82,2020-01-09
Justin Bieber,95,2020-01-03
Daddy Yankee,90,2019-10-18
Halsey,86,2020-01-10
Lérica,49,2020-01-16
Reik,88,2019-08-23
Bad Gyal,77,2019-12-12
DJ Snake,80,2019-12-27
Jonas Brothers,73,2020-01-17
Anuel AA,93,2019-07-19
Miki Núñez,57,2019-09-12
Selena Gomez,73,2020-01-10
Jhay Cortez,81,2019-11-19
Eminem,79,2020-01-17
Tainy,90,2019-08-22
J Balvin,88,2019-11-15
Shawn Mendes,93,2019-06-21
Major Lazer,84,2019-09-11
Maroon 5,98,2019-09-20
Mariah Carey,18,2010-01-01
Manuel Carrasco,72,2018-12-07
Gregory Porter,51,2020-01-16
Morat,71,2019-04-12
The Weeknd,98,2019-11-29
Lérica,74,2019-11-05
Lewis Capaldi,94,2019-05-17
Bad Gyal,70,2019-07-19
Juice WRLD,92,2019-10-04
Antonio José,69,2019-09-26
Lola Indigo,69,2019-07-30
Post Malone,49,2019-08-30
Aitana,70,2019-06-07
J Balvin,91,2019-06-28
Lalo Ebratt,77,2019-02-28
David Bisbal,70,2019-07-04
Niall Horan,87,2019-10-04
Yera,75,2019-09-26
The Weeknd,93,2019-11-27
Damien,56,2019-11-21
Daddy Yankee,87,2019-01-24
Juanes,78,2019-09-06
Lola Indigo,62,2019-12-05
Taylor Swift,85,2019-11-13
Bad Gyal,65,2019-07-05
Sebastian Yatra,80,2019-06-21
Alba Reche,50,2019-10-17
Selena Gomez,93,2019-10-23
Guaynaa,78,2019-07-12
David Bisbal,57,2019-11-08
Lewis Capaldi,90,2019-11-19
Pablo López,59,2019-11-07
Lunay,85,2019-05-10
Natalia Lacunza,59,2019-06-13
Don Patricio,79,2019-01-27
Lou Bega,10,2008-07-25
Darude,61,2007-04-18
Vengaboys,51,1998
Mr. President,18,1996
Eiffel 65,16,1999
Aqua,5,2009-01-01
Haddaway,70,1993
Scatman John,10,1995-06-01
Paradisio,59,1996
La Bouche,13,2009-06-11
Gigi D'Agostino,48,2014-05-30
Britney Spears,75,1999-01-12
SNAP!,12,1991
Real McCoy,2,2000-01-01
Chumbawamba,53,2008-04-28
Ace of Base,16,1994-01-01
Corona,56,2009-03-16
Los Del Rio,38,2008-07-25
Cher,76,1998
Britney Spears,2,1999-01-12
Ace of Base,55,2008-11-14
Alice DJ,49,2000
Prince Ital Joe,50,1994-04-29
T-Spoon,3,2008-11-15
The Mamas,55,2019-11-08
Aqua,0,2009-01-01
Haddaway,44,1993-09-13
Amber,52,1996-11-26
Grace Gracie,35,2019-11-29
C & C Music Factory,2,2010-02-26
Real McCoy,41,1995-03-28
Robert Miles,67,1996-07-11
Corona,55,1994
Technotronic,38,2010-11-16
Jennifer Lopez,55,2012-07-20
2 Brothers On The 4th Floor,61,1994
Des'ree,27,2010-09-10
Spice Girls,79,1996-01-01
Nelly,2,2007
Vengaboys,60,2000
La Bouche,62,2007
Alice DJ,45,1999
Vengaboys,62,1998
Captain Hollywood Project,60,1993-03-05
Masterboy,1,1995-01-01
Real McCoy,49,1995-03-28
Deee-Lite,33,1994
Britney Spears,40,2014-07-29
Ace of Base,4,1999-01-03
Kylie Minogue,27,1992-11-29
Culture Beat,48,1993-01-01
Maxx,48,1994
DJ Bobo,40,2014-05-02
Salt-N-Pepa,2,2015-10-30
Aqua,0,2009-01-01
Will Smith,70,1997-10-03
Rednex,5,2010-02-26
Maxx,60,1994
Mr. President,4,1996
Vanilla Ice,70,2008-11-04
Casey Derhak,39,2019-04-23
Dune,57,1995-07-31
Alice Deejay,3,1999
Aqua,2,2009-01-01
Ice Mc,59,1994-01-01
Corona,48,1994
E-Rotic,46,2001-07-01
*NSYNC,54,1997-05-26
Sash!,45,2016-09-30
Whigfield,6,2013-12-17
Scooter,47,2013-10-11
Me & My,49,1995
Zombie Nation,47,2006-03-07
Whigfield,50,1995-05-08
The Bucketheads,50,1995-03-03
Culture Beat,7,2009-07-24
Inner Circle,70,2010-12-14
Cappella,46,2010-06-18
Masterboy,50,2006-01-23
Captain Jack,48,2008-11-21
O-Zone,8,2009-12-25
DJ Bobo,43,2014-05-02
DJ Sammy,64,2002-08-06
A Touch Of Class,5,2000-11-24
Aqua,43,1997-01-01
Pet Shop Boys,63,2003
Dr. Alban,21,1992-05-04
Faithless,57,2005-08-30
Madonna,51,1990-03-22
DJ Jean,53,1999-02-02
Grace,20,2007-01-30
2 Brothers On The 4th Floor,55,1994
SNAP!,57,1992-01-01
Vengaboys,61,2000
Scatman John,54,1995-06-01
Culture Beat,54,1993-01-01
Gigi D'Agostino,69,2014-05-30
SNAP!,59,1990-01-01
Double You,53,1994-01-01
SNAP!,67,1992-01-01
Hillsong UNITED,43,2018-09-28
Hillsong Young & Free,52,2018-06-29
Youngheart,33,2018-05-11
Neon Feather,34,2019-02-15
Verses,31,2019-03-29
Tauren Wells,32,2019-11-01
Local Sound,46,2018-09-21
Dan Bremnes,36,2019-09-20
Logan Pollard,21,2018-08-11
Verses,38,2018-04-26
TobyMac,41,2019-08-23
Mass Anthem,39,2018-06-08
Passion,40,2018-06-22
Highlands Worship,31,2018-07-06
Verses,38,2018-10-26
Elizabeth Grace,38,2018-08-02
Matthew Parker,32,2018-10-26
Rachael Nemiroff,31,2018-05-18
Hillsong Young & Free,39,2018-06-29
York Worship,29,2018-02-27
for KING & COUNTRY,53,2019-10-04
Marci Coleman,27,2018-08-21
Bryan Boliver,30,2018-10-12
Marshall Marshall,40,2018-08-24
Alive City,54,2019-08-15
for KING & COUNTRY,52,2019-05-31
Bright Ones,35,2018-04-27
Heather Schnoor,33,2018-03-30
Verses,30,2018-08-03
Apollo LTD,35,2019-06-07
Manafest,28,2018-09-21
Influence Music,34,2019-02-15
The Young Escape,39,2019-05-31
Cade Thompson,33,2018-08-24
Bryan Boliver,27,2018-09-07
TobyMac,43,2019-08-23
Influencers Worship,0,2018-07-06
Youngheart,37,2018-11-02
Hyper Fenton,35,2018-05-13
Austin & Lindsey Adamec,31,2018-06-01
Stars Go Dim,2,2018-04-20
for KING & COUNTRY,5,2018-05-18
Citipointe Live,33,2017-06-03
Platon Emil,33,2017-10-20
Galactus Jack,27,2017-08-25
Elevation Youth,37,2018-08-03
Long Hollow Wave,30,2018-06-08
ELEVATION RHYTHM,43,2019-09-13
Planetshakers,38,2018-10-12
Hillsong Young & Free,43,2018-05-18
Chris Howland,38,2018-11-23
Canyon Hills Worship,29,2018-11-23
Hollyn,43,2018-10-19
Meredith Andrews,50,2019-02-08
Hillsong Young & Free,44,2017-08-04
Newday,25,2017-07-28
The Young Escape,47,2017-10-20
SEU Worship,46,2019-11-08
GAWVI,4,2018-07-06
Long Hollow Wave,25,2018-03-23
Happi,27,2019-02-08
Amplify Worship,33,2018-09-15
For All Seasons,39,2017-10-06
Holly Starr,27,2018-08-10
Jabin Chavez,35,2017-05-26
Northwood Worship,3,2017-10-21
Brandon Seibert,29,2018-01-05
WYLD,6,2018-09-28
Heart Youth,33,2018-07-06
TobyMac,36,2019-08-23
Influencers Worship,29,2018-11-09
The Vicious Vic,27,2019-02-22
Urban Rescue,38,2017-10-13
Marshall Marshall,38,2018-06-29
Nadia Grace,20,2018-08-17
Tones and I,92,2019-08-29
Covenants,32,2020-01-10
Argui,28,2019-12-06
ReauBeau,18,2020-01-17
Gregor Potter,29,2020-01-03
DJ MEG,38,2019-11-29
FUNKYBEAT,33,2019-11-22
Rubayne,38,2019-11-15
Tim Hox,37,2019-12-13
Argui,40,2019-10-25
IIWII,31,2019-10-04
Martin Mix,37,2019-09-27
Bancali,0,2018-01-17
Armand Van Helden,0,2012-11-16
DJ MEG,38,2019-09-20
Venomenal,28,2019-08-30
Noah Neiman,38,2019-08-16
Venomenal,28,2019-05-24
Tim van Werd,32,2019-07-26
Ortzy,21,2019-08-02
Brieuc,30,2019-11-01
Noah Neiman,31,2019-10-18
TheLavish,21,2019-09-13
Rich Edwards,33,2019-06-21
eSQUIRE,18,2019-04-12
Matt Strike,19,2019-03-29
Olmos,33,2019-03-15
ReauBeau,39,2019-03-01
WHYLO,29,2019-02-15
Funk Machine,42,2019-02-08
REK,18,2019-02-01
Prince Paris,33,2019-01-25
Matt Strike,32,2019-01-18
Olmos,31,2019-01-11
Steve Hartz,19,2018-12-14
Julian Calor,24,2018-11-30
Snareskin,36,2018-11-23
The Partysquad,32,2018-11-16
VIVID,31,2018-11-09
Aerreo,44,2018-11-02
Matt Strike,20,2018-10-26
Junior J,19,2018-10-12
Karim Mika,41,2018-10-05
Rich Edwards,30,2018-09-21
Tom & Jame,34,2018-09-14
Anthony Dircson,24,2018-07-27
Charming Horses,24,2018-07-06
WHYLO,30,2018-06-22
Sick Individuals,20,2018-05-11
Sick Individuals,24,2018-05-11
Matt Strike,28,2018-04-27
Rich Edwards,28,2018-04-13
Steve Hartz,23,2019-08-02
ORACLES,18,2019-08-02
Costa Leon,41,2019-06-28
Tungevaag & Raaban,60,2019-05-03
Team Deep,13,2019-06-28
Avoure,54,2019-04-18
Eddie Thoneick,35,2019-07-05
Sultan + Shepard,55,2019-02-22
Venomenal,41,2019-07-12
Hardwell,51,2019-05-31
Pierce Fulton,2,2019-05-03
Quentyn,45,2019-11-22
Kydus,49,2018-11-09
Lane 8,59,2019-01-31
Afrojack,54,2019-04-26
Curbi,56,2019-03-01
Otherwise Fine,35,2019-05-15
Calippo,49,2019-04-19
Wolves By Night,14,2019-04-12
Felix Cartal,58,2019-05-03
Duskus,33,2019-03-22
Junior Sanchez,40,2019-06-14
EAUXMAR,40,2019-01-18
Funk Machine,25,2019-06-07
Adam K,44,2019-05-10
Watermät,40,2019-02-11
The Him,61,2019-05-03
Keanu Silva,45,2019-06-13
Redondo,50,2019-08-02
Linier,31,2019-03-15
Kidnap,45,2018-08-24
RKCB,48,2019-04-18
Horisone,20,2019-03-08
Who,54,2019-04-12
Bolier,15,2019-03-15
Tobtok,36,2018-07-27
Mercer,23,2019-04-05
Dannic,39,2019-05-10
Dombresky,55,2019-05-03
Hanne Mjøen,26,2018-11-23
Brieuc,33,2019-05-10
Prince Paris,39,2019-04-26
Radiology,31,2018-12-14
Sick Individuals,24,2019-01-28
Monkey Majik,49,2019-03-06
INTERSECTION,32,2018-12-07
RIRI,42,2018-10-31
RAMMELLS,29,2019
Thelma Aoyama,28,2018-12-19
LOZAREENA,31,2018-11-09
Lucky Kilimanjaro,41,2018-11-21
BananaLemon,30,2018-12-17
I Don't Like Mondays.,30,2018-12-01
KEN THE 390,26,2019-03-22
AYA A.K.A PANDA,42,2019-01-16
YOSA & TAAR,38,2018-11-16
NONA REEVES,37,2019-03-13
ASOBOiSM,29,2018-10-10
Akane,27,2019-01-16
Shin Sakiura,29,2019-01-09
MaisonDe,36,2019-07-14
Taichi Mukai,40,2018-11-28
BoA,36,2018-12-26
EMMA WAHLIN,45,2019-02-06
DJ PIGER,18,2019-05-01
CIRRRCLE,27,2019-02-20
IZ*ONE,67,2019-04-01
ITZY,52,2019-02-13
CHANMINA,54,2019-07-19
EXILE SHOKICHI,29,2019-05-15
Reiji Kawaguchi,26,2019-07-24
BananaLemon,28,2018-12-08
TAEMIN,55,2019-07-27
TaeyoungBoy,0,2019-02-27
Rude-α,38,2018-11-28
DEAN FUJIOKA,37,2019-01-30
TWICE,65,2019-06-12
THE RAMPAGE from EXILE TRIBE,48,2019-01-30
DJ RYOW,36,2019-03-20
Stray Kids,45,2019-03-26
FlowBack,24,2019-06-12
AmPm,45,2019-05-22
Unwork,25,2019-04-02
eill,28,2018-11-14
RIKE,26,2019-07-31
Sigala,34,2018-10-03
ramhead,22,2019-06-05
Shuta Sueyoshi,30,2019-01-16
YonYon,34,2019-03-21
Dream Shizuka,26,2019-05-22
BLACKPINK,58,2019-04-05
竹内アンナ,37,2019-01-23
ANIMAL HACK,37,2019-01-26
Mitski,31,2017-10-20
Robyn,61,2010-06-11
Future Islands,66,2014-03-24
FKA twigs,58,2014-08-12
Lana Del Rey,55,2012-01-30
Perfume Genius,58,2014-09-22
Frank Ocean,77,2016-08-20
Grimes,60,2012-02-21
Tame Impala,75,2015-07-17
Young Thug,57,2015-08-28
Soccer Mommy,61,2018-03-02
Vampire Weekend,62,2013-05-27
Vince Staples,70,2015-06-30
Lorde,78,2013-01-01
Bon Iver,70,2011-06-21
Angel Olsen,64,2016-09-02
KAYTRANADA,64,2016-05-06
Jai Paul,58,2011-04-21
M83,71,2011
Parquet Courts,48,2013-10-15
Thundercat,58,2017-02-24
Kurt Vile,66,2015-09-25
The Weeknd,70,2012-01-01
Sufjan Stevens,65,2015-03-31
Pinegrove,60,2016-02-12
Run The Jewels,62,2014-10-24
Arcade Fire,63,2010
Clairo,70,2019-08-02
Courtney Barnett,59,2014-04-15
James Blake,67,2013-04-08
Beach House,54,2010-01-26
The War On Drugs,65,2014-03-18
The xx,65,2017-01-13
Noname,63,2016-08-12
Youth Lagoon,58,2011
Mac DeMarco,63,2012-10-16
Solange,61,2016-09-30
Fleet Foxes,59,2011-05-03
Alabama Shakes,9,2015-04-21
SBTRKT,62,2011-06-27
The National,47,2010-05-11
Snail Mail,60,2018-06-08
The Internet,67,2015-06-26
Tame Impala,75,2012-01-01
Unknown Mortal Orchestra,68,2013-02-05
Maggie Rogers,69,2019-01-18
Lucy Dacus,57,2016-06-22
"Tyler, The Creator",79,2017-07-21
Caribou,54,2010-04-20
Wet,46,2016-01-29
Yaeji,65,2017-10-30
Purple Mountains,57,2019-07-12
Lykke Li,62,2011
Tierra Whack,67,2019-02-19
Bon Iver,59,2016-09-30
Father John Misty,60,2015-02-10
Rex Orange County,80,2017-10-11
Sampha,63,2017-02-03
Phoebe Bridgers,67,2017-09-22
John Maus,54,2011-06-28
Blood Orange,63,2013-11-18
Sharon Van Etten,63,2014-05-27
Jon Hopkins,53,2013-06-03
Destroyer,49,2011-01-25
Car Seat Headrest,60,2016-05-20
Danny Brown,60,2012-06-12
The 1975,73,2018-11-30
Earl Sweatshirt,67,2013-08-16
Ariel Pink,57,2010-06-07
Japanese Breakfast,60,2017-07-14
Flying Lotus,60,2014-10-06
Deerhunter,56,2010-09-27
Cloud Nothings,44,2014-04-01
The Blaze,64,2017-04-07
Majical Cloudz,53,2015-10-16
Still Woozy,45,2017-11-05
Local Natives,49,2010-02-16
Grimes,62,2015-11-06
Mitski,67,2018-08-17
Whitney,65,2016-06-03
Sylvan Esso,61,2014-05-13
Jamie xx,7,2015-03-27
Bill Callahan,48,2011-04-19
St. Vincent,55,2011-09-12
Frank Ocean,75,2012-01-01
Orion Sun,58,2017-07-02
Death Grips,58,2012-04-20
HAIM,60,2013-09-30
Sleigh Bells,56,2010-06-01
Big Thief,62,2019-10-11
CHVRCHES,61,2013-09-20
Alvvays,62,2014-07-22
Nicolas Jaar,59,2010-01-25
Cuco,76,2017-05-25
U.S. Girls,40,2015-09-25
PJ Harvey,37,2011-02-15
Choker,63,2019-02-08
Purity Ring,60,2012-07-23
Jungle,53,2014-07-15
Selena Gomez,88,2020-01-10
Shawn Mendes,88,2019-06-19
Deborah Dworshipper,46,2019-12-21
Halsey,79,2019-12-06
Marshmello,46,2019-12-17
Keo Nozari,23,2019-06-11
Lou Ella,29,2019-03-29
Tom Goss,37,2019-11-13
Keo Nozari,27,2019-06-11
Saint Mars,42,2019-11-22
Adil C,39,2019-04-05
Nick Hames,38,2019-11-20
Bailey Crego,29,2019-08-02
Harry Styles,91,2019-12-06
Chip Conyard,33,2020-01-03
Blair Woods,27,2019-12-10
Sam Smith,78,2019-11-01
Melissa Crispo,21,2019-03-22
Maxwell Luke,36,2019-12-20
Amber Ryann,29,2020-01-10
Kat Holland,31,2020-01-03
Lauren Presley,42,2020-01-06
CTZNJ,43,2020-01-02
Ksenia,39,2019-12-12
Kevlah,38,2019-11-06
Maml,28,2019-12-16
Downlowd,33,2019-12-30
Asher Knight,42,2019-10-04
Two Neighbors,23,2020-01-10
Royse,38,2019-05-10
Seven Lights,32,2018-08-24
Scriss,24,2019-12-20
KINGDØMS,41,2020-01-20
Plastician,38,2018-11-16
Guy Tang,32,2020-01-03
Eivind Husebø,27,2019-07-12
Natixx,26,2020-01-10
Modhayan,38,2019-08-25
Davina Leone,13,2019-11-29
TYFI,43,2019-11-29
Sia,77,2016-01-29
Ariana Grande,9,2014-08-22
Kygo,16,2015-08-28
Don Mills,44,2020-01-09
Camila Cabello,26,2017-08-03
Fifth Harmony,78,2016-05-27
Calvin Harris,69,2017-06-30
Justin Timberlake,78,2016-05-06
Alan Walker,77,2015-12-04
Shannon K,34,2018-03-15
Adele,79,2011-01-19
The Chainsmokers,76,2017-02-22
Ed Sheeran,86,2017-03-03
Josh Stanley,49,2019-10-04
Beyoncé,75,2016-04-23
Sia,79,2014-07-04
Doje,42,2019-11-15
Daft Punk,75,2013-05-17
Ant Saunders,89,2019-06-18
Josh Stanley,41,2019-06-07
Foster The People,83,2011-05-23
Miley Cyrus,77,2013-10-04
The FifthGuys,43,2020-01-17
John Legend,85,2013-08-30
Camila Cabello,73,2019-10-04
Calvin Harris,71,2012-10-26
Connor Bvrns,48,2020-01-10
Elle King,73,2015-02-13
Josh Stanley,34,2019-07-26
The Chainsmokers,81,2016-02-05
R. City,73,2015-10-09
ØMG,50,2020-01-03
Surfaces,81,2019-01-06
Zara Larsson,76,2017-03-17
Joanna Crass,42,2020-01-03
Mark Ronson,82,2015-01-12
ØMG,43,2019-12-05
Beyoncé,77,2008-11-14
DJ Khaled,15,2017-06-16
Alicia Keys,75,2012-11-18
Pochin Mirkin,42,2019-12-20
Camila Cabello,87,2019-09-04
Avicii,25,2013-01-01
MAGIC!,78,2014-06-25
Paul Butcher,40,2019-11-15
P!nk,80,2012-09-18
Labrinth,75,2019-10-04
Meghan Trainor,70,2015-01-09
One Direction,80,2013-11-25
Dua Lipa,83,2017-06-02
Pitbull,76,2012
MØ,53,2019-11-01
ZAYN,81,2017-09-07
James Arthur,76,2013-11-01
Mark Ronson,74,2019-05-30
Chris Linton,44,2019-12-13
Beyoncé,75,2011-06-24
Khalid,79,2018-02-14
Adele,74,2011-01-19
Louis Tomlinson,66,2019-09-05
ZAYN,78,2016-03-25
Kesha,80,2010-01-01
John Mayer,80,2018-05-10
P!nk,15,2008
Mark Ronson,79,2018-11-30
Sia,74,2016-10-21
A Great Big World,78,2014-01-17
Deorro,68,2017-03-31
Miley Cyrus,21,2017-05-11
DJ Khaled,18,2017-04-27
Train,27,2009-08-06
Justin Timberlake,77,2013-03-15
Marshmello,81,2017-08-11
Khalid,76,2018-09-14
Shawn Mendes,11,2017-04-20
Meghan Trainor,69,2017-05-12
Imagine Dragons,16,2012-09-04
P!nk,65,2017-08-10
George Ezra,76,2014-06-27
Major Lazer,19,2016-07-22
Maroon 5,78,2012-01-01
James Arthur,76,2016-09-09
Charlie Puth,23,2017-04-20
Zedd,82,2019-09-27
Tiësto,45,2019-10-25
BENEE,67,2019-11-15
Herb Barclay,13,2019-04-08
Chico Rose,49,2019-11-08
Tokyo Tav,17,2019-11-29
Pink Sweat$,6,2019-03-28
Urchin,21,2019-12-06
Dan + Shay,79,2018-06-22
Tones and I,79,2019-05-10
Selena Gomez,93,2019-10-23
Maroon 5,98,2019-09-20
Post Malone,98,2019-09-06
Dua Lipa,97,2019-10-31
Travis Scott,94,2019-10-04
Lewis Capaldi,94,2019-05-17
Shawn Mendes,88,2019-06-19
blackbear,94,2019-08-23
The Black Eyed Peas,96,2019-10-12
Kanye West,85,2019-10-25
Dan + Shay,91,2019-10-04
Regard,94,2019-07-26
Ed Sheeran,85,2019-07-12
Arizona Zervas,71,2019-10-10
Selena Gomez,86,2019-10-24
Sam Smith,91,2019-07-19
Harry Styles,74,2019-10-11
Billie Eilish,95,2019-03-29
Juice WRLD,92,2019-10-04
Anuel AA,93,2019-07-19
SHAED,90,2019-09-26
Ed Sheeran,91,2019-07-12
Camila Cabello,87,2019-09-04
Post Malone,51,2019-07-05
Ed Sheeran,84,2019-07-12
Y2K,91,2019-06-28
Post Malone,87,2019-09-06
Young Thug,86,2019-11-01
Lizzo,89,2019-10-25
Tainy,90,2019-08-22
Lil Tecca,90,2019-08-30
J Balvin,91,2019-06-28
Ali Gatie,68,2019-06-14
Halsey,87,2019-09-13
Bad Bunny,90,2019-05-31
Lil Nas X,79,2019-09-13
Ariana Grande,76,2019-11-01
Post Malone,87,2019-09-06
MEDUZA,91,2019-10-11
Jhay Cortez,86,2019-05-24
Rauw Alejandro,92,2019-08-29
The Chainsmokers,67,2019-07-24
DJ Snake,88,2019-07-25
YNW Melly,85,2019-08-09
Lil Mosey,64,2019-09-17
Sech,88,2019-09-26
Daddy Yankee,90,2019-10-18
Lil Nas X,90,2019-06-21
ROSALÍA,88,2019-08-15
Post Malone,49,2019-08-30
Tones and I,43,2019-05-10
Zedd,82,2019-09-27
Major Lazer,80,2019-10-24
Niall Horan,87,2019-10-04
BTS,83,2019-10-18
Diplo,80,2019-09-27
Camila Cabello,78,2019-10-11
Katy Perry,78,2019-10-16
Normani,83,2019-08-16
Ed Sheeran,89,2019-06-28
Lauv,81,2019-09-19
Lewis Capaldi,86,2019-05-17
Noah Cyrus,88,2019-07-31
Diplo,82,2019-08-16
Lil Nas X,84,2019-06-21
Bazzi,33,2019-07-18
Coldplay,78,2019-10-24
Why Don't We,79,2019-08-23
5 Seconds of Summer,80,2019-08-21
Dermot Kennedy,80,2019-06-13
Summer Walker,80,2019-10-04
Martin Garrix,76,2019-02-21
Kygo,79,2019-04-19
MEDUZA,30,2019-02-01
David Guetta,76,2019-02-08
Dynoro,69,2019-03-22
Martin Garrix,68,2019-03-31
Marshmello,83,2019-03-08
Aaron Smith,84,2014-11-07
Galantis,77,2019-01-31
Kygo,81,2018-10-26
Jax Jones,21,2018-10-12
Avicii,80,2019-06-06
Cheat Codes,64,2019-03-15
Marshmello,89,2018-08-17
Kygo,71,2019-02-14
Don Diablo,68,2019-04-26
Martin Garrix,77,2018-07-29
R3HAB,62,2019-04-05
Robin Schulz,78,2018-11-16
Oliver Heldens,70,2018-10-26
Gryffin,61,2018-10-26
Silk City,81,2018-09-06
Jess Glynne,16,2019-09-06
Alex Gaudino,19,2019-03-01
NOTD,79,2018-11-02
Calvin Harris,83,2019-01-11
Camila Cabello,73,2019-10-04
Lauv,84,2019-08-02
Selena Gomez & The Scene,75,2011-01-01
Nick Jonas,73,2018-08-24
Fifth Harmony,78,2016-05-27
Jonas Brothers,87,2019-06-07
Demi Lovato,80,2017-09-29
Cher Lloyd,68,2018-10-19
Jesse McCartney,72,2004-01-01
Bridgit Mendler,68,2012-01-01
Austin Mahone,71,2014
Cody Simpson,61,2019-02-22
Miley Cyrus,81,2019-08-16
JoJo,66,2018-12-20
Ashley Tisdale,56,2019-05-03
Hannah Montana,65,2009-01-01
The Cheetah Girls,51,2006-01-01
Victorious Cast,54,2012-11-06
Jordin Sparks,63,2007-11-19
Jessie J,72,2015-04-14
Hilary Duff,55,2003-01-01
Madison Beer,75,2018-11-09
Kelly Clarkson,73,2011-10-24
Vanessa Hudgens,56,2006-01-01
Greyson Chance,58,2019-03-15
Big Time Rush,62,2010-10-11
Little Mix,77,2015-11-06
Hot Chelle Rae,74,2011-11-25
The Wanted,71,2011-01-01
The Vamps,74,2019-04-19
Christopher Wilde,60,2010-01-01
Zendaya,67,2013-01-01
Miranda Cosgrove,34,2008
Louis Tomlinson,75,2019-11-23
Aly & AJ,61,2007-01-01
DNCE,80,2016-11-18
Kesha,80,2010-01-01
Sabrina Carpenter,75,2018-11-09
Liam Payne,71,2019-12-06
Carly Rae Jepsen,76,2012-01-01
Selena Gomez,88,2020-01-10
One Direction,80,2013-11-25
Pia Mia,74,2015-05-04
The Pussycat Dolls,70,2008-09-23
Lucy Hale,51,2011-09-06
Glee Cast,62,2010-05-18
Bea Miller,73,2018-02-23
MKTO,77,2012
Emily Osment,44,2010-01-01
MAX,78,2019-04-05
ZAYN,81,2017-09-07
Tori Kelly,67,2013-01-01
Avril Lavigne,77,2002-06-04
High School Musical Cast,67,2008-01-01
Hailee Steinfeld,81,2017-09-08
Rita Ora,72,2018-11-23
Christina Grimmie,57,2017-04-21
Katy Perry,85,2019-05-31
Alessia Cara,78,2018-11-30
5 Seconds of Summer,81,2019-05-23
The Saturdays,57,2010-01-01
Fergie,74,2006-01-01
David Archuleta,70,2008-11-11
Austin Moon,65,2015-01-01
Joe Jonas,44,2018-07-06
Julia Michaels,78,2019-01-24
Pixie Lott,57,2011-01-01
Camila Cabello,94,2019-12-06
Britney Spears,78,2003-11-13
Rixton,76,2014-01-01
China Anne McClain,66,2017-07-21
Cimorelli,55,2019-01-26
PRETTYMUCH,76,2019-04-26
Olivia Holt,62,2016-07-15
Jordan Pruitt,40,2007-01-01
Olly Murs,68,2014-11-21
Meghan Trainor,78,2015-01-09
Justin Bieber,95,2020-01-03
Zara Larsson,79,2018-10-18
Mitchel Musso,38,2009-01-01
Daya,75,2019-03-08
Leona Lewis,77,2007
The Veronicas,58,2016-06-10
Jack & Jack,79,2019-01-25
Bebe Rexha,80,2018-06-22
Corbin Bleu,50,2007-01-01
Karmin,63,2014-03-21
Nicole Scherzinger,56,2011-01-01
Jennette McCurdy,36,2009-03-10
Sofia Carson,71,2019-12-16
Maggie Lindemann,77,2017-03-02
Christina Perri,79,2011-10-18
Lindsay Lohan,50,2004-01-01
Adam Lambert,65,2015-06-11
Nick Jonas & The Administration,49,2010-02-02
Conor Maynard,68,2019-06-28
Jason Derulo,76,2017-02-23
Allstar Weekend,45,2011-09-27
Victoria Justice,43,2013-06-18
AJ Mitchell,78,2019-08-09
Shane Harper,45,2016-05-27
Adam Hicks,64,2011-01-01
Rowan Blanchard,56,2014-01-01
Sofia Carson,65,2017-07-21
Zendaya,52,2015-01-01
Olivia Holt,41,2014-01-01
Selena Gomez & The Scene,74,2011-01-01
Selena Gomez,59,2008-08-26
China Anne McClain,47,2011-01-01
Selena Gomez,47,2009-01-01
Laura Marano,47,2016-03-11
Little Mix,76,2015-11-06
Austin Mahone,64,2014
Bely Basarte,37,2017-03-17
Ignasi Vidal,32,2017-03-17
Carmen López,41,2011-01-01
Carmen López,37,2011-01-01
Fernando García Baró,27,2003-01-01
Helen Quiroga,26,2002-01-01
María Caneda,33,2002-01-01
Carmen López,37,2011-01-01
Marta Martorell,37,2002-01-01
María Parrado,47,2016-12-02
"Matthew ""Mdot"" Finley",40,2010-01-01
Demi Lovato,43,2010-01-01
Demi Lovato,40,2010-01-01
Demi Lovato,52,2010-01-01
Nick Jonas,49,2010-01-01
Demi Lovato,44,2010-01-01
Cast Of Camp Rock,38,2008-01-01
Jonas Brothers,42,2008-01-01
Joe Jonas,45,2008-01-01
Demi Lovato,50,2008-01-01
Renee Sandstrom,35,2008-01-01
Aaryn Doyle,31,2008-01-01
China Anne McClain,35,2012-01-01
Anna Margaret,44,2010-01-01
Nick Strand,39,2019-09-20
Astrid S,55,2019-09-26
Astrid S,70,2019-09-26
Astrid S,69,2019-09-26
Nea,81,2019-09-06
Tungevaag & Raaban,68,2018-03-23
Anna Clendening,69,2018-06-01
AJ Mitchell,41,2019-08-23
Charlotte Lawrence,68,2019-07-19
Madison Beer,73,2018-02-02
Madison Beer,75,2019-05-17
Jax Jones,75,2019-07-12
Madison Beer,54,2015-09-04
Madison Beer,61,2017-05-19
Astrid S,54,2019-09-26
Billie Eilish,97,2019-11-13
Astrid S,66,2019-08-30
Lana Del Rey,75,2013-01-01
Tones and I,100,2019-10-17
Tones and I,69,2019-08-29
Tones and I,84,2019-08-29
Tones and I,71,2019-08-29
Tones and I,68,2019-08-29
Madison Beer,57,2018-02-02
JP Saxe,88,2019-10-17
Tones and I,67,2019-08-29
Camila Cabello,73,2019-12-06
SHAED,65,2019-12-27
Camila Cabello,77,2019-12-06
Mabel,70,2019-08-02
Camila Cabello,73,2019-12-06
Khalid,87,2019-11-14
Astrid S,60,2019-02-01
Alessia Cara,77,2019-07-22
Ali Gatie,89,2019-11-08
Lauv,69,2019-11-14
Noah Cyrus,75,2019-09-27
Alec Benjamin,77,2019-07-16
Ina Wroldsen,64,2019-09-20
Ava Max,81,2019-08-19
Ava Max,80,2019-12-12
Ava Max,76,2019-07-31
Ava Max,87,2018-08-17
Ava Max,83,2019-03-07
Ava Max,62,2018-04-20
AJ Mitchell,70,2019-10-25
The Chainsmokers,85,2019-12-06
Lewis Capaldi,83,2019-11-22
Lauv,70,2019-11-14
Matt and Kim,10,2009
Natasha Bedingfield,76,2004-08-30
Calvin Harris,69,2012-10-26
Ellie Goulding,65,2013-01-01
Lady Gaga,70,2013-11-11
Lady Gaga,56,2011-01-01
DJ White Shadow,23,2013-12-10
Beyoncé,75,2011-06-24
Avicii,84,2013-01-01
Avicii,77,2013-01-01
Calvin Harris,75,2014-10-31
Capital Cities,77,2013
Imagine Dragons,72,2012-09-04
Mr. Probz,76,2014-02-07
will.i.am,60,2013-01-01
Pitbull,76,2012
Kesha,73,2012-11-30
Pitbull,79,2011-06-17
Nicki Minaj,69,2011-01-01
Mike Posner,73,2016-05-06
Tove Lo,48,2014-03-03
Bastille,70,2013-01-01
Imagine Dragons,66,2012-09-04
The Weeknd,98,2019-11-29
CLMD,76,2019-10-18
Astrid S,67,2019-05-24
Ruben,63,2019-10-11
Camila Cabello,70,2019-12-06
Seeb,73,2018-12-06
Harry Styles,90,2019-11-17
The Lounge Lizards,35,1988
The Neighbourhood,0,2018-01-12
Lonely The Brave,0,2014-09-03
Sleeping With Sirens,65,2011-05-10
Sleeping With Sirens,60,2010-03-23
Sleeping With Sirens,49,2010-03-23
Sleeping With Sirens,45,2010-03-23
Sleeping With Sirens,38,2010-03-23
Sleeping With Sirens,40,2010-03-23
Sleeping With Sirens,42,2010-03-23
You Me At Six,38,2010-01-01
You Me At Six,55,2010-01-01
You Me At Six,38,2010-01-01
You Me At Six,38,2010-01-01
You Me At Six,42,2010-01-01
You Me At Six,37,2010-01-01
You Me At Six,37,2010-01-01
You Me At Six,42,2010-01-01
You Me At Six,0,2008
You Me At Six,0,2008
You Me At Six,0,2008
You Me At Six,0,2008
You Me At Six,0,2008
You Me At Six,0,2008
You Me At Six,0,2008
You Me At Six,0,2008
You Me At Six,0,2008
You Me At Six,0,2008
You Me At Six,0,2008
You Me At Six,0,2008
You Me At Six,0,2008
You Me At Six,19,2011-01-01
You Me At Six,22,2011-01-01
You Me At Six,28,2010-01-01
All Time Low,0,2011-01-01
AS IT IS,8,2015-04-20
All Time Low,0,2011-01-01
All Time Low,0,2011-01-01
All Time Low,0,2009-07-06
All Time Low,0,2009-07-06
All Time Low,0,2009-07-06
All Time Low,0,2009-07-06
All Time Low,0,2009-07-06
All Time Low,0,2009-07-06
All Time Low,0,2009-07-06
All Time Low,0,2008-05-20
All Time Low,0,2008-05-20
All Time Low,0,2008-05-20
All Time Low,0,2008-08-04
All Time Low,0,2008-08-04
All Time Low,0,2008-08-04
All Time Low,0,2008-08-04
The Friday Night Boys,12,2011-02-01
The Friday Night Boys,13,2011-02-01
The Friday Night Boys,27,2009
The Friday Night Boys,31,2009
The Friday Night Boys,25,2008-10-13
Mayday Parade,44,2011-10-03
Mayday Parade,43,2011-10-03
Mayday Parade,42,2011-10-03
Mayday Parade,38,2011-10-03
Mayday Parade,59,2009-10-06
Mayday Parade,45,2009-10-05
Mayday Parade,44,2009-10-05
Mayday Parade,37,2009-10-05
Mayday Parade,50,2009-10-05
The Audition,49,2008
The Audition,21,2008
The Audition,31,2005
The Audition,29,2005
The Audition,37,2009
The Audition,20,2009
The Audition,31,2009
Boys Like Girls,51,2006-08-22
Boys Like Girls,38,2006-08-22
Boys Like Girls,38,2006-08-22
Transit,32,2011-10-03
Man Overboard,13,2011-09-26
Man Overboard,13,2011-09-26
Man Overboard,16,2011-09-26
Man Overboard,14,2011-09-26
Man Overboard,0,2010-06-23
The Years Gone By,0,2008-09-02
The Years Gone By,0,2008-09-02
The Years Gone By,0,2008-09-02
Sparks The Rescue,0,2009-09-28
Sparks The Rescue,0,2009-09-28
fun.,42,2009
blink-182,1,2011-01-01
blink-182,0,2003-10-24
blink-182,0,2003-10-24
blink-182,24,2001-01-01
blink-182,18,2001-01-01
blink-182,26,2001-01-01
blink-182,16,2001-01-01
blink-182,13,1999-01-01
blink-182,17,1999-01-01
blink-182,3,1997-01-01
Box Car Racer,1,2002-01-01
Bowling For Soup,59,2004-09-11
Camila Cabello,84,2018-01-12
Shawn Mendes,77,2015-04-14
Selena Gomez,73,2017-05-18
Hailee Steinfeld,76,2017-04-28
Katy Perry,71,2017-06-09
Liam Payne,74,2017-05-18
Demi Lovato,70,2015-01-01
Justin Bieber,81,2015-11-13
Taylor Swift,78,2014-01-01
Shawn Mendes,83,2017-04-20
Selena Gomez,68,2015-10-09
Ariana Grande,87,2019-02-08
Katy Perry,77,2013-01-01
Daya,59,2017-01-06
Miley Cyrus,78,2009-01-01
Sia,79,2014-07-04
Lady Gaga,70,2017-04-16
One Direction,72,2013-11-25
Niall Horan,77,2017-10-20
The Chainsmokers,85,2016-07-29
Miley Cyrus,77,2013-10-04
Ariana Grande,83,2018-08-17
Maroon 5,80,2018-06-15
Emblem3,51,2013-07-26
Mark Ronson,82,2015-01-12
Alessia Cara,70,2016-10-28
Calvin Harris,85,2018-04-06
Britney Spears,59,2015-05-04
Rita Ora,62,2015-08-07
Mabel,85,2019-01-18
Selena Gomez & The Scene,61,2010-01-01
Marshmello,81,2017-08-11
Selena Gomez,82,2017-10-25
5 Seconds of Summer,66,2018-06-15
Krewella,55,2013-09-20
Plain White T's,80,2005-01-01
John Legend,85,2013-08-30
Ariana Grande,79,2014-08-25
James Arthur,85,2016-10-28
Miley Cyrus,21,2017-05-11
Beyoncé,66,2008-11-12
Rihanna,80,2008-06-02
Foster The People,83,2011-05-23
Smash Mouth,79,1999-01-01
Troye Sivan,61,2018-08-31
5 Seconds of Summer,77,2018-12-21
Jennifer Lopez,68,2011-01-01
WALK THE MOON,82,2014-12-02
Hot Chelle Rae,55,2011-11-25
Post Malone,88,2018-12-14
Bruno Mars,20,2010-07-20
Daniel Powter,76,2005-02-22
Backstreet Boys,76,2001-10-23
Gotye,77,2011-01-01
Hozier,24,2014-10-07
Rihanna,17,2008-06-02
Wham!,26,1984-10-23
Idina Menzel,75,2013-01-01
Maroon 5,12,2014-09-02
Maroon 5,3,2014-08-29
Idina Menzel,2,2014-04-15
Ed Sheeran,84,2014-06-21
Carly Rae Jepsen,10,2012-01-01
David Guetta,79,2012-12-07
MAX,69,2016-04-08
American Authors,76,2014-01-01
Hozier,80,2014-07-20
Selena Gomez,85,2020-01-10
Hailee Steinfeld,79,2020-01-01
Harry Styles,88,2019-12-13
Ariana Grande,90,2019-02-08
5 Seconds of Summer,77,2019-08-23
Halsey,88,2018-10-04
Anne-Marie,83,2018-04-27
Jessie J,39,2014-10-13
Taylor Swift,86,2019-08-23
Bebe Rexha,71,2018-06-22
Alessia Cara,73,2015-11-13
Little Mix,76,2018-11-16
Kelly Clarkson,71,2004
Liam Payne,71,2019-12-06
Zac Efron,74,2017-11-17
Ellie Goulding,88,2019-06-26
The Vamps,64,2014-11-04
Cody Simpson,16,2013-07-12
Lauv,83,2017-05-19
Anna Margaret,31,2010-01-01
Demi Lovato,0,2008-01-01
Nick Jonas,49,2010-01-01
Jonas Brothers,0,2008-01-01
Bazzi,81,2018-04-12
Becky G,50,2015-04-07
Becky G,74,2014-04-23
One Direction,72,2012-11-09
Kesha,15,2012-11-30
Spice Girls,79,1996-01-01
One Direction,70,2012-11-09
Katy Perry,74,2012-03-12
Kesha,0,2010
Taylor Swift,0,2012-01-01
The Vamps,0,2013-09-29
Avril Lavigne,14,2011-03-04
Little Mix,64,2016-04-15
Jessie J,69,2011-01-01
Justin Bieber,76,2010-01-01
The Aces,51,2018-04-06
The Summer Set,0,2013-04-15
Kid Ink,1,2015-01-02
One Direction,67,2014-11-17
Demi Lovato,59,2013-01-01
Marianas Trench,56,2012-10-24
Sabrina Carpenter,33,2014-08-12
Hannah Montana,58,2009-01-01
Selena Gomez & The Scene,52,2010-01-01
Dove Cameron,55,2015-01-01
Olivia Holt,51,2012-10-16
Sabrina Carpenter,55,2016-05-20
Lucy Hale,0,2011-09-06
R5,41,2013-01-01
R5,47,2015-01-01
Dove Cameron,51,2014-01-01
Naomi Scott,66,2011-01-01
Hannah Montana,58,2006-01-01
Pat Benatar,55,1982-01-01
Belinda Carlisle,70,2013-06-03
Kim Petras,62,2017-08-01
Kim Petras,56,2017-09-22
Jessie Paege,48,2019-12-06
Shawn Mendes,53,2017-04-20
George Ezra,67,2015-01-20
lovelytheband,74,2018-08-03
Waterparks,52,2019-10-11
Waterparks,60,2016-11-03
Young the Giant,70,2011
Kat Dahlia,68,2015-01-09
Halsey,86,2020-01-10
Troy Murray,2,2017-06-30
Lil Baby,84,2018-10-05
Mustard,31,2019-01-16
L0uie L0u,3,2017-12-01
L0uie L0u,1,2017-10-27
Kodak Black,83,2018-12-14
Jae Mazor,1,2016-03-01
Jae Mazor,4,2016-03-01
Jae Mazor,5,2016-03-01
A Boogie Wit da Hoodie,85,2018-12-21
Orion Paxx,3,2018-08-10
Post Malone,87,2018-04-27
Only1Tipy,0,2018-08-24
Blueface,78,2018-12-18
Rippa da Kid,1,2017-03-23
21 Savage,81,2018-12-21
Rippa da Kid,5,2017-03-23
Fayn,1,2017-03-17
Cardi B,79,2019-02-15
DJ Snake,83,2018-09-28
Fayn,0,2019-03-15
A Boogie Wit da Hoodie,81,2018-12-21
Travis Scott,87,2018-08-03
Fayn,5,2017-03-17
Meek Mill,85,2018-11-30
Paulo Londra,79,2018-11-05
Fall Out Boy,59,2015-10-16
Far East Movement,68,2010-01-01
Fall Out Boy,76,2007-01-01
Bastille,66,2018-05-09
Fall Out Boy,60,2013-01-01
Coldplay,78,2008-05-26
Fall Out Boy,62,2013-01-01
Flo Rida,73,2012-06-22
Maroon 5,76,2015-05-15
Imagine Dragons,11,2017-06-23
Imagine Dragons,9,2017-06-23
Green Day,67,2017-11-17
Green Day,74,2017-11-17
The Offspring,77,2008-06-17
Green Day,79,1994-02-01
Flo Rida,79,2008-03-17
Taio Cruz,71,2010-01-01
Blue Swede,75,1973
Rupert Holmes,71,1979-01-01
Fall Out Boy,59,2008-01-01
Fall Out Boy,69,2015-01-20
Panic! At The Disco,50,2018-03-21
Imagine Dragons,85,2017-06-23
Green Day,78,2004-09-21
Fall Out Boy,79,2015-01-20
Fall Out Boy,73,2015-01-20
5 Seconds of Summer,84,2018-06-15
Blue Öyster Cult,62,1977
Warrant,60,1990-05-01
Foreigner,67,1981
Loverboy,66,1981
Lynyrd Skynyrd,27,1974-04-15
Led Zeppelin,77,1970
Green Day,75,2009-05-15
Chamillionaire,69,2005-01-01
Boney M.,59,1984-12-03
Usher,78,2010-03-30
Kansas,74,1976
Bastille,50,2016-09-09
Men At Work,73,1996-02-01
Cobra Starship,66,2011-08-29
Twenty One Pilots,81,2015-05-15
Imagine Dragons,73,2012-09-04
Fall Out Boy,68,2013-01-01
Fall Out Boy,64,2015-01-20
Panic! At The Disco,68,2013-10-04
Imagine Dragons,81,2017-06-23
The Killers,69,2004-06-15
Maroon 5,70,2010
LMFAO,67,2011-01-01
Bastille,51,2013-01-01
Def Leppard,74,1987-08-03
Tsuko G.,61,2017-05-20
Van Halen,64,1978-02-10
TOTO,75,1978-10-10
Duran Duran,61,1982-05-10
Whitesnake,19,1987
Fountains Of Wayne,73,2003-01-01
Creedence Clearwater Revival,80,1969-11-02
Michael Jackson,68,2017-09-27
Wham!,54,2006-11-11
Rascal Flatts,46,2008-01-01
The White Stripes,15,2003-04-01
Bon Jovi,16,1986-01-01
The Proclaimers,74,2003-09-01
Daryl Hall & John Oates,66,2001-01-23
fun.,70,2012-02-21
Florida Georgia Line,70,2012-01-01
Neon Trees,65,2012-01-01
AC/DC,81,1990-09-24
Neon Trees,68,2010-01-01
Scorpions,14,1984-05-04
Journey,71,1980
Electric Light Orchestra,70,1979-05-31
Journey,67,1983-02-01
Blondie,55,1978-09-23
John Denver,44,1997-06-17
The Cab,64,2011
Maroon 5,75,2015-05-15
Josh Thompson,58,2010-02-22
Billy Joel,70,2001-10-02
Bleachers,53,2014-02-18
Barenaked Ladies,69,1998-07-07
Twisted Sister,73,1984
Cutting Crew,68,1993-01-01
Queen,75,1978-11-10
Boston,78,1976
Michael Jackson,77,1982-11-30
R.E.M.,81,1991-03-12
The Outfield,70,1985
Guns N' Roses,16,1987-01-01
AC/DC,83,1980-07-25
Bon Jovi,24,1986-01-01
The Deep Dixie Boys,35,2015-07-23
Coolio,80,1995-11-07
Post Malone,74,2018-04-27
LÉON,62,2017-10-06
Kim Petras,47,2019-06-28
K.Flay,51,2019-07-12
Maisie Peters,64,2019-10-04
Kim Petras,60,2019-10-01
Lauv,55,2019-10-03
Terror Jr,41,2019-10-04
EXES,39,2019-10-04
Charlotte Lawrence,61,2018-09-13
bülow,66,2019-02-22
Daya,61,2018-06-22
Lennon Stella,69,2018-11-17
Alec Benjamin,78,2018-11-16
Brooke Alexx,26,2019-09-05
Evan Blum,16,2019-04-16
A R I Z O N A,72,2019-10-11
Mating Ritual,33,2019-10-10
88rising,71,2019-10-11
Girl Wilde,12,2019-10-11
GALXARA,38,2019-09-20
Hailee Steinfeld,71,2019-09-19
Jack Newsome,28,2019-08-16
Meg & Dia,14,2019-07-26
L Devine,52,2019-10-18
Whethan,66,2018-11-09
Ashe,42,2019-04-03
More Giraffes,46,2019-06-12
The Script,59,2014-09-12
Hazey Eyes,45,2019-01-30
Trynket,24,2019-08-31
Refs,31,2019-08-02
Frawley,33,2019-06-28
Thomston,34,2019-09-06
IRIS,36,2019-06-21
Brooke Sierra,33,2019-05-10
Joseph Tilley,40,2019-07-05
Jena Rose,6,2019-06-21
Julian Daniel,29,2019-08-23
Ben Zaidi,32,2019-10-25
SONIA,61,2019-09-13
Cashmere Cat,51,2019-09-20
CALI JEWLS,24,2019-09-06
Tove Lo,55,2019-09-20
Sigrid,58,2019-11-01
REYNA,31,2019-11-01
MØ,53,2019-11-01
Mokita,61,2019-11-01
James Quick,23,2019-10-30
Bea Miller,66,2019-11-01
benny blanco,82,2019-08-30
Emily Vaughn,44,2017-10-27
Ant Saunders,62,2019-06-18
RUFUS,44,2019-07-26
Rat City,45,2019-08-16
Kito,60,2019-09-27
Phil Good,57,2019-10-30
Ekali,56,2019-09-26
bülow,67,2019-04-05
Wells*,44,2019-08-30
Meghan Trainor,64,2019-10-31
Chymes,36,2019-11-07
The Chainsmokers,66,2019-11-08
Allie X,52,2019-11-08
Terror Jr,42,2019-11-08
Deborah's Child,34,2019-08-21
Lennon Stella,74,2019-11-01
Parson James,38,2019-06-21
Grey,40,2019-06-28
Dove Cameron,63,2019-11-01
Hearts & Colors,47,2019-10-11
Becoming Young,38,2019-09-27
Tove Lo,51,2019-11-15
Fly By Midnight,61,2019-11-15
Olivia O'Brien,63,2019-11-15
Transviolet,38,2019-11-14
Marshmello,61,2019-11-13
Lauv,85,2019-11-14
Glass Animals,73,2019-11-13
Sam Tsui,29,2019-09-06
Cashae,27,2019-09-20
prettyboyshav,46,2019-06-14
Annika Grace,29,2019-09-20
Kid Elliot,24,2019-09-13
AJ Mitchell,51,2019-11-22
Yoshi Flower,19,2019-08-02
Josh Arce,38,2019-10-18
Lauren Sanderson,48,2019-09-24
Oscar Louis,32,2019-08-28
ÊMIA,36,2019-03-29
Olmos,30,2019-09-20
Dillistone,37,2019-09-13
Lee Bowie,30,2019-10-25
Miley Cyrus,72,2009-01-01
Selena Gomez & The Scene,63,2009-01-01
Jonas Brothers,65,2007-01-01
Lady Gaga,78,2009-11-05
Taylor Swift,76,2012-10-21
Britney Spears,76,2000-05-16
Avril Lavigne,72,2007-04-17
Cher Lloyd,62,2011-11-07
Lorde,78,2013-01-01
P!nk,67,2008-10-24
Clean Bandit,69,2018-11-30
Vanessa Carlton,76,2002-04-30
Rachel Platten,79,2016-01-01
Simple Plan,70,2018-04-06
The Click Five,59,2005-08-08
Paramore,71,2007-06-11
Demi Lovato,59,2008-01-01
Britney Spears,75,1999-01-12
Lady Gaga,76,2008-01-01
Selena Gomez,62,2013-01-01
Melodyia Music,59,2014-09-05
High School Musical Cast,60,2008-01-01
Adam Hicks,56,2011-01-01
High School Musical Cast,55,2008-01-01
Kelly Clarkson,61,2004
P!nk,80,2012-09-18
Taylor Swift,61,2006-10-23
Taylor Swift,62,2010-01-01
One Direction,78,2012-05-25
Owl City,78,2009-01-01
Sean Kingston,77,2007-07-23
Train,82,2010-12-01
Gym Class Heroes,77,2011-11-11
Jason Mraz,71,2008-05-01
Maroon 5,80,2002
R. City,73,2015-10-09
Bruno Mars,73,2010-10-05
Taio Cruz,77,2010-01-01
Kesha,61,2010-01-01
Colbie Caillat,71,2007-01-01
R5,48,2015-01-01
R5,49,2015-01-01
Shakira,80,2005-11-28
The Vamps,69,2014-01-01
Rihanna,65,2010-11-16
Jacques Renault,44,2009-12-14
Tame Impala,18,2015-07-17
Vampire Weekend,50,2010-01-11
a-ha,83,1985-06-01
Lipps Inc.,70,2010-02-01
Nena,24,1984-08-21
The Cardigans,17,1996-09-17
Eiffel 65,64,1998-11-11
O-Zone,47,2003-08-01
Eurythmics,81,1983-01-21
CeCe Peniston,56,2007-01-01
Jamiroquai,13,2006-11-06
Childish Gambino,76,2018-05-06
Bloodhound Gang,11,1999
Kesha,15,2010
Beyoncé,72,2007-05-29
The Black Eyed Peas,70,2010-01-01
Mohombi,7,2010-01-01
DJ Casper,22,2004-01-01
Christina Milian,54,2001-01-01
Kraantje Pappie,53,2016-10-28
Beyoncé,69,2003-03-10
Enrique Iglesias,72,2016-04-18
Lady Gaga,73,2008-01-01
Lady Gaga,69,2008-01-01
Lady Gaga,19,2009
Lady Gaga,8,2009-01-01
Lady Gaga,55,2009-01-01
Rihanna,15,2008-06-02
Jason Derulo,64,2010-02-24
Ariana Grande,9,2014-08-22
Michel Teló,5,2011-08-21
Iggy Azalea,64,2014-01-01
De Jeugd Van Tegenwoordig,55,2008-01-01
Iyaz,72,2009-08-11
Boef,57,2017-03-17
Timbaland,3,2013-04-15
Jennifer Lopez,65,2002
Calvin Harris,79,2016-04-29
Fetty Wap,48,2014-12-15
Drake,0,2016-05-06
Camila Cabello,26,2017-08-03
Naughty Boy,67,2013-01-01
Café Amargo,42,2013-01-15
Sigma,0,2014-06-30
Klaxons,0,2014-06-09
Blonde,55,2014-11-28
Wankelmut,28,2014-08-18
Redondo,23,2015-05-18
Bomfunk MC's,8,2012-11-22
The Magician,11,2015-07-06
Jess Glynne,50,2014-06-12
Route 94,14,2014-01-01
Kungs,20,2016-11-04
Secondcity,0,2014-05-26
Netsky,10,2012-11-22
Room 5,52,2003-11-24
Martin Solveig,34,2015-02-24
Karen Harding,6,2014-01-01
Joe Stone,24,2015-06-15
fun.,75,2012-02-14
MIKA,55,2006-01-01
MIKA,67,2006-01-01
Jax Jones,14,2016-12-09
Chiddy Bang,57,2010-10-01
Coldplay,74,2015-12-04
Clean Bandit,70,2014-06-02
Robin Thicke,18,2013-01-01
Coldplay,77,2015-12-04
The Weeknd,80,2016-11-25
Coldplay,77,2011-10-24
Charlie Puth,17,2017-10-05
Kendrick Lamar,7,2012-08-03
Vic Mensa,1,2016-06-03
Kendrick Lamar,12,2017-04-14
Desiigner,4,2016-07-22
Run The Jewels,1,2014-10-24
Esko,0,2015-03-07
Lil Kleine,6,2017-06-23
Kendrick Lamar,4,2017-04-14
Kendrick Lamar,10,2015-03-16
Mr. Belt & Wezol,1,2016-12-23
Tujamo,2,2017-02-13
Yeah Yeah Yeahs,66,2009-01-01
Sia,72,2014-07-04
Asaf Avidan & the Mojos,14,2012-06-04
Bastille,5,2013-01-01
Felix Jaehn,19,2015-03-03
Major Lazer,4,2013-03-15
Portugal. The Man,66,2017-03-02
Eminem,0,2013-11-05
Eminem,0,2013-11-05
Twenty One Pilots,83,2015-05-15
Young Fathers,39,2015-04-06
Dua Lipa,82,2017-06-02
One Direction,76,2015-11-13
Shawn Mendes,82,2017-04-20
Lauv,79,2018-05-31
Charlie Puth,82,2018-05-11
Sam Smith,87,2019-01-11
Clean Bandit,73,2018-11-30
Zedd,84,2018-01-23
Taylor Swift,74,2017-11-08
Meghan Trainor,67,2015-01-09
Sia,77,2016-01-29
Iggy Azalea,69,2014-01-01
Why Don't We,80,2019-01-17
Bruno Mars,82,2016-11-17
Troye Sivan,75,2018-08-31
ZAYN,78,2016-03-25
Panic! At The Disco,86,2018-06-22
Louis Tomlinson,74,2017-07-21
Khalid,83,2017-04-27
Lorde,73,2017-06-16
Echosmith,70,2013-10-04
Jonas Blue,74,2018-11-09
LANY,54,2015-12-11
LANY,5,2018-08-22
5 Seconds of Summer,69,2014-06-27
Troye Sivan,74,2018-08-31
Bebe Rexha,58,2018-10-19
Katy Perry,67,2010-08-24
Katy Perry,71,2012-03-12
Katy Perry,53,2017-06-09
Katy Perry,50,2017-06-09
Nicki Minaj,46,2018-08-10
Katy Perry,67,2017-06-09
Katy Perry,71,2017-06-09
Katy Perry,52,2017-06-09
Katy Perry,49,2017-06-09
Katy Perry,41,2017-06-09
Nicki Minaj,72,2018-08-10
Katy Perry,55,2017-06-09
Shawn Mendes,11,2018-05-25
K/DA,75,2018-11-03
Rita Ora,60,2015-05-18
Ariana Grande,46,2018-08-17
Ariana Grande,40,2018-08-17
Ariana Grande,40,2018-08-17
Ariana Grande,39,2018-08-17
Ariana Grande,36,2018-08-17
Ariana Grande,30,2019-01-18
Ariana Grande,69,2018-08-17
Taylor Swift,67,2017-11-08
Ariana Grande,39,2018-08-17
Ariana Grande,36,2018-08-17
Ariana Grande,35,2018-08-17
Ariana Grande,76,2019-02-08
Ariana Grande,73,2019-02-08
Ariana Grande,84,2019-02-08
Ariana Grande,76,2019-02-08
Shawn Mendes,18,2016-09-23
Nicki Minaj,55,2018-08-10
Ariana Grande,70,2018-08-17
Ariana Grande,44,2018-08-17
Ariana Grande,36,2018-08-17
Ross Lynch,57,2013-01-01
Jordan Fisher,46,2015-01-01
Demi Lovato,53,2010-01-01
Austin Moon,52,2012-01-01
Laura Marano,44,2013-01-01
Demi Lovato,69,2013-01-01
One Direction,73,2014-11-17
Selena Gomez,69,2013-01-01
Sabrina Carpenter,57,2015-04-14
Bella Thorne,40,2011-01-01
China Anne McClain,38,2014-01-01
Melodyia Music,61,2014-09-05
Christopher Wilde,55,2010-01-01
Miley Cyrus,61,2008-01-01
Jeff Lewis,59,2015-01-01
Bella Thorne,47,2012-01-01
Hannah Montana,56,2007-01-01
Troy,61,2007-01-01
Troy,52,2007-01-01
Spencer Lee,51,2013-01-01
Ross Lynch,64,2013-01-01
Maia Mitchell,55,2013-01-01
Ross Lynch,53,2013-01-01
Teen Beach Movie Cast,39,2013-01-01
Demi Lovato,50,2010-01-01
Selena Gomez,50,2011-01-01
Nick Jonas,67,2010-01-01
High School Musical Cast,58,2008-01-01
CHAD,60,2007-01-01
Ashley Tisdale,34,2007-01-01
Hannah Montana,52,2007-01-01
Sharpay Evans,58,2007-01-01
Demi Lovato,53,2010-01-01
Anna Margaret,54,2010-01-01
Zendaya,37,2014-01-01
Melodyia Music,58,2014-11-04
Meghan Trainor,71,2015-01-09
Big Time Rush,58,2010-10-11
Margaret Durante,30,2011-01-01
Drew Ryan Scott,21,2012-01-01
Milo Manheim,53,2018-02-16
Christopher Wilde,43,2010-01-01
Anna Margaret,32,2010-01-01
Jasmine Sagginario,27,2010-01-01
Olivia Holt,39,2012-10-16
Grace Phipps,59,2013-01-01
Maia Mitchell,46,2013-01-01
Dove Cameron,64,2015-01-01
Big Time Rush,57,2010-10-11
Maroon 5,61,2015-09-25
Maroon 5,76,2002
Of Monsters and Men,75,2012-01-01
Maroon 5,72,2012-01-01
OneRepublic,80,2013-01-01
Ed Sheeran,86,2017-03-03
Katy Perry,69,2008-06-17
Katy Perry,70,2012-03-12
Selena Gomez,70,2014-01-01
David Guetta,64,2012-12-07
Jessie J,70,2011-01-01
Jessie J,49,2011-01-01
Olly Murs,59,2012-11-23
Clean Bandit,72,2014-01-17
The Black Eyed Peas,68,2009-01-01
Jason Derulo,68,2013-09-10
Shake,38,2013-09-03
DNCE,65,2017-04-14
YG,69,2014-01-01
The Weeknd,84,2016-11-25
Taylor Swift,74,2012-10-21
Christian Leave,66,2016-07-01
Big Sean,75,2015-02-24
Pharrell Williams,79,2014-03-03
The Weeknd,70,2016-11-24
He Is We,55,2010-01-01
Justin Bieber,72,2012-01-01
Taylor Swift,68,2012-10-21
Ellie Goulding,70,2014-01-01
Ellie Goulding,64,2018-02-09
One Direction,77,2012-11-09
Justin Timberlake,74,2002-11-04
Austin Mahone,53,2014
David Guetta,72,2010-11-22
Pitbull,63,2009-08-27
Don Omar,75,2010-01-01
Kid Cudi,50,2008-01-01
Flo Rida,57,2012-06-22
The Script,78,2012-09-07
Macklemore & Ryan Lewis,83,2012-10-09
Lil Jon,60,2010-01-01
Macklemore & Ryan Lewis,71,2012-10-10
LMFAO,71,2011-01-01
Nayer,54,2011-08-02
will.i.am,73,2013-01-01
Baby Blue,34,2017-01-27
Iggy Azalea,66,2014-01-01
Madonna,60,2015-03-10
Gwen Stefani,69,2004-11-22
Jennifer Lopez,57,2011-01-01
G-Eazy,77,2015-12-04
Flo Rida,76,2012-06-22
Luis Fonsi,79,2019-02-01
Katy Perry,73,2012-03-12
Kesha,68,2010-01-01
Dolapdere Big Gang,16,2010-04-30
LMFAO,24,2019-12-20
Clean Bandit,46,2014-05-25
Maroon 5,80,2015-05-15
Ylvis,65,2013-09-02
Britney Spears,67,2011-03-25
Charlie Puth,23,2017-04-20
Justin Bieber,84,2011-01-01
Imagine Dragons,68,2015-10-30
Demi Lovato,74,2013-01-01
Katy Perry,55,2008
Kelly Clarkson,68,2004
Ariana Grande,84,2019-08-02
Ariana Grande,80,2018-08-17
Ariana Grande,79,2016-05-20
Katy Perry,77,2013-01-01
Taylor Swift,68,2017-11-10
Anne-Marie,65,2016-05-20
Bruno Mars,80,2010-10-05
MAGIC!,78,2014-06-25
Alicia Keys,75,2012-11-18
Sean Kingston,69,2009-09-04
Katy Perry,65,2010-01-01
Justin Timberlake,77,2013-03-15
Ed Sheeran,67,2013
Meghan Trainor,70,2015-01-09
Rihanna,66,2012-01-01
Jason Derulo,66,2010-02-24
Nick Jonas,69,2015-11-20
5 Seconds of Summer,69,2014-06-27
Pharrell Williams,54,2014-03-03
Jason Derulo,76,2015-05-29
The Weeknd,80,2015-08-28
Ne-Yo,68,2008-01-01
P!nk,76,2010-10-05
Usher,79,2004-03-23
Nicki Minaj,71,2010-01-01
Flo Rida,72,2010-11-24
Jay Sean,76,2009-01-01
3OH!3,68,2008-07-07
Akon,66,2008-01-01
Ariana Grande,67,2013-01-01
3OH!3,61,2010-06-25
R5,46,2013-01-01
Ashlee Simpson,54,2004-01-01
Christina Aguilera,71,1999
Michelle Branch,64,2001-07-31
Katy Perry,64,2010-01-01
The Pussycat Dolls,66,2005-01-01
Jonas Brothers,71,2008-08-12
P!nk,66,2001
Ashley Tisdale,53,2007
Michelle Branch,53,2003-06-24
Liz Phair,55,2003-01-01
Lindsay Lohan,42,2004-01-01
Kesha,71,2010-11-19
P!nk,69,2006-04-04
Shakira,71,2001-11-13
Alanis Morissette,70,1995
Jonas Brothers,68,2019-05-09
M83,74,2011-10-17
Josha Daniel,32,2020-01-10
Quentyn,45,2019-11-22
MGMT,77,2007-12-14
Josha Daniel,41,2019-09-13
Quentyn,38,2019-05-17
New Spell,26,2019-12-06
Josha Daniel,39,2019-10-25
Local Natives,56,2019-04-26
Quentyn,32,2017-06-30
The Able Bodies,12,2020-01-07
Röyksopp,45,2019-04-03
Quentyn,34,2018-12-14
Transviolet,45,2020-01-03
teepee,20,2020-01-10
Quentyn,34,2019-08-16
INTET,23,2020-01-10
dolorifics,25,2019-11-15
Sacred Animals,39,2019-09-27
Strath,34,2020-01-07
Imitating Aeroplanes,0,2017-07-28
Quentyn,38,2019-03-08
Nathaniel Stewart,12,2019-12-27
The Bergamot,18,2019-09-19
Quentyn,36,2017-09-29
Electric Shore,24,2019-12-20
Perttu,41,2019-12-20
CHVRCHES,36,2018-05-25
Quentyn,37,2019-06-21
Devin Farney,23,2018-09-14
KEV,0,2018-01-26
Quentyn,37,2017-12-08
Bildjan,38,2019-04-27
Steve Angello,36,2017-08-04
Quentyn,33,2018-06-15
Futurist,24,2019-09-27
Carl Louis,23,2019-08-16
Hause Plants,19,2020-01-06
Roosevelt,0,2016-08-19
Moli,44,2019-12-13
The Restless Age,18,2019-12-13
Maximum Love,42,2018-08-24
So So Sun,20,2019-12-20
EAUXMAR,46,2019-05-03
Dance Yourself Clean,33,2019-09-26
Kirmont,20,2019-01-18
TOFFE,29,2017-04-28
East Harbor,18,2019-12-12
Michael Moawad,47,2019-12-06
Tame Impala,12,2015-07-17
The Chainsmokers,81,2016-02-05
The Chainsmokers,85,2016-07-29
OneRepublic,67,2014-01-01
Alan Walker,77,2015-12-04
Major Lazer,8,2015-11-27
Clean Bandit,77,2016-10-21
Drake,20,2016-05-06
Selena Gomez,63,2015-10-09
Gryffin,10,2017-03-03
Katy Perry,9,2017-02-10
Ariana Grande,79,2016-05-20
Hailee Steinfeld,77,2016-07-22
Fifth Harmony,78,2016-05-27
Galantis,74,2015-06-05
The Chainsmokers,76,2017-02-22
Clean Bandit,70,2014-06-02
Tiësto,5,2013-12-13
Katy Perry,14,2017-02-10
ZAYN,22,2016-12-09
The Weeknd,6,2015-05-27
Sean Paul,16,2016-11-18
Kungs,20,2016-11-04
Maroon 5,11,2016-10-11
Sia,67,2016-11-18
Selena Gomez & The Scene,9,2014-11-21
Zedd,7,2015-05-15
Jessie J,70,2011-01-01
Kygo,69,2017-04-28
Eva Simons,0,2015-08-28
Dimitri Vegas & Like Mike,0,2016-11-04
Bebe Rexha,62,2016-10-28
Luis Fonsi,24,2017-04-17
Katy Perry,77,2013-01-01
Katy Perry,65,2012-03-12
OneRepublic,10,2017-04-28
Major Lazer,4,2017-06-02
Mike Perry,73,2016-04-15
Fifth Harmony,66,2016-05-27
Alan Walker,61,2016-06-03
Justin Timberlake,78,2016-05-06
Alan Walker,70,2016-12-02
The Weeknd,16,2016-11-25
Jason Derulo,76,2017-02-23
Major Lazer,7,2017-01-26
David Guetta,71,2017-06-09
G-Eazy,65,2017-03-17
Kygo,78,2017-02-16
Shawn Mendes,25,2017-04-20
Avicii,25,2013-01-01
Avicii,22,2011-01-01
Bruno Mars,63,2017-06-27
Capital Cities,13,2013-01-01
DJ Snake,9,2015-10-16
Drake,12,2016-05-06
DJ Snake,9,2014-10-14
Willy William,47,2017-03-28
Imagine Dragons,18,2017-06-23
AlunaGeorge,5,2016-01-21
Calvin Harris,77,2015-07-17
Calvin Harris,79,2016-04-29
Calvin Harris,74,2014-10-31
Calvin Harris,75,2012-10-26
Maroon 5,16,2017-08-30
Stefflon Don,6,2017-08-10
Sean Paul,7,2016-11-18
Sak Noel,45,2016-06-03
DJ Snake,0,2016-12-21
Flo Rida,76,2012-06-22
Edward Maya,65,2010-01-31
David Guetta,79,2012-12-07
Taylor Swift,18,2014-10-27
Lady Gaga,14,2009-01-01
Sia,54,2014-03-17
DJ Snake,9,2017-09-21
Bruno Mars,78,2012-12-07
Bruno Mars,82,2016-11-17
Katy Perry,77,2013-01-01
Desiigner,6,2016-06-26
Lana Del Rey,11,2013-02-01
Dua Lipa,83,2017-06-02
Martin Garrix,81,2017-01-27
Calvin Harris,66,2017-06-16
Jonas Blue,20,2017-05-05
Gryffin,3,2017-10-06
Major Lazer,0,2017-11-17
Pitbull,51,2017-02-17
Maroon 5,16,2017-11-03
Foster The People,83,2011-05-23
Robin Schulz,76,2015-09-25
Sia,77,2016-01-29
Becky G,56,2014-11-04
Mike Posner,73,2016-05-06
DJ Snake,8,2015-10-16
DNCE,10,2015-10-23
Calvin Harris,79,2014-10-31
Jack Ü,76,2015-02-24
Maroon 5,7,2017-11-03
Heikki L,19,2014-05-23
David Guetta,64,2015-11-27
Frank Walker,50,2018-08-03
Post Malone,87,2018-04-27
Ariana Grande,28,2018-11-03
Post Malone,24,2018-10-18
The Chainsmokers,22,2018-09-18
Calvin Harris,55,2018-02-08
Silk City,81,2018-09-06
Neon Dreams,0,2018-08-24
Khalid,81,2018-10-18
Ariana Grande,78,2018-08-17
Famba,46,2018-10-19
Halsey,88,2018-10-04
Marshmello,81,2017-08-11
Marshmello,89,2018-08-17
benny blanco,84,2018-07-12
Loud Luxury,69,2018-08-31
Calvin Harris,84,2018-08-17
Tyler Shaw,42,2018-07-06
Rita Ora,72,2018-09-21
Little Mix,70,2018-10-12
Ellie Goulding,82,2018-10-24
Martin Garrix,77,2018-07-29
Calvin Harris,83,2019-01-11
Jonas Blue,68,2017-05-05
Gesaffelstein,20,2019
Post Malone,44,2018-12-24
Sam Smith,87,2019-01-11
Galantis,58,2018-12-21
Troye Sivan,6,2018-08-31
The Chainsmokers,74,2018-12-14
Imagine Dragons,13,2018-11-06
Mark Ronson,79,2018-11-30
Mike Posner,17,2019-01-04
ZAYN,4,2018-11-15
RÜFÜS DU SOL,61,2018-11-09
Clean Bandit,71,2018-11-30
benny blanco,51,2018-11-30
Clean Bandit,53,2018-11-30
James Arthur,72,2018-10-19
benny blanco,71,2018-11-02
Bazzi,69,2018-04-12
Cheat Codes,63,2018-11-30
Sia,3,2018-11-01
Nicky Romero,12,2018-11-30
Major Lazer,46,2018-10-17
Slushii,53,2019-01-18
Greyson Chance,49,2018-12-07
Dua Lipa,70,2019-01-24
ZAYN,72,2018-12-13
Lost Frequencies,38,2018-09-14
R3HAB,36,2018-09-14
R3HAB,60,2018-12-07
Khalid,65,2018-10-18
Lauv,83,2019-01-24
Twenty One Pilots,79,2018-10-05
Seeb,73,2018-12-06
Galantis,77,2019-01-31
Jax Jones,65,2018-11-28
Kehlani,13,2019-01-10
Cash Cash,60,2018-11-30
Hardwell,61,2018-12-07
Gryffin,59,2018-12-14
NOTD,79,2018-11-02
Ariana Grande,11,2018-12-14
Kygo,81,2018-10-26
Gryffin,51,2018-12-14
Ava Max,87,2018-08-17
Rudimental,49,2019-01-25
Lost Kings,67,2019-01-18
Alan Walker,71,2018-12-14
Massari,46,2018-07-20
The Chainsmokers,23,2019-02-07
Robin Schulz,78,2018-11-16
Clean Bandit,80,2018-05-17
Bazzi,81,2018-08-02
Jonas Blue,76,2018-05-25
Charli XCX,71,2018-10-05
Nick Jonas,73,2018-08-24
Backstreet Boys,59,2019-01-04
Zedd,80,2018-07-18
Ria Mae,38,2018-10-05
Meghan Trainor,54,2018-05-11
Shawn Desman,44,2010-08-03
Neon Dreams,2,2019-01-04
Niall Horan,14,2017-10-20
FLETCHER,24,2019-01-25
Drake,72,2010-01-01
OneRepublic,70,2018-06-26
Lo Lo,28,2018-04-27
Why Don't We,11,2018-08-09
David Guetta,76,2019-02-08
Martin Garrix,76,2019-02-21
Lauren Daigle,21,2018-07-13
Mabel,85,2019-01-18
Ariana Grande,72,2019-04-01
John Legend,67,2019-02-15
Felix Cartal,60,2019-02-14
Fefe Dobson,24,2010-01-01
Maroon 5,0,2012-06-22
LU KALA,0,2018-09-05
Martin Garrix,80,2016-07-29
Selena Gomez,69,2015-10-09
Zara Larsson,8,2016
Daft Punk,75,2013-05-17
Alan Walker,2,2016-04-29
Daft Punk,74,2001-03-07
Zara Larsson,14,2015-09-10
GRiZ,45,2013
Two Feet,13,2016-07-29
The Weeknd,15,2016-09-22
Sia,63,2016-02-18
Charlie Puth,79,2016-01-29
The Black Eyed Peas,20,2003-01-01
David Guetta,68,2016-05-13
Major Lazer,52,2015-11-27
Major Lazer,19,2016-07-22
Zara Larsson,20,2015-06-09
Cheat Codes,1,2016-05-27
Galantis,72,2016-04-01
Twenty One Pilots,81,2016-06-16
P!nk,70,2016-04-15
Lil Wayne,77,2016-06-24
Imagine Dragons,15,2015-05-11
Flo Rida,68,2015-04-07
The Chainsmokers,73,2015-06-16
ZAYN,78,2016-03-25
Desiigner,11,2016-02-26
Beyoncé,71,2014-11-24
Drake,12,2016-04-05
Major Lazer,2,2013-04-16
David Guetta,66,2014-11-21
Imagine Dragons,16,2012-09-04
G-Eazy,77,2015-12-04
The Black Eyed Peas,12,2005-01-01
Adele,71,2016-06-24
David Guetta,67,2012-12-07
David Guetta,43,2014-11-21
Calvin Harris,75,2014-10-31
Avicii,16,2015-10-02
David Guetta,65,2014-11-21
Major Lazer,4,2015-05-29
Jason Derulo,76,2015-05-29
Mike Posner,17,2016-05-06
Alan Walker,20,2015-12-04
DNCE,15,2015-10-23
R. City,73,2015-10-09
Madcon,66,2015-04-10
Sia,79,2014-07-04
Pitbull,77,2014-11-21
David Guetta,18,2010-11-22
Twenty One Pilots,83,2015-05-15
David Guetta,55,2012-12-07
David Guetta,60,2014-11-21
The Weeknd,18,2015-08-28
Katy Perry,13,2013-01-01
David Guetta,71,2014-11-21
Coldplay,77,2011-10-24
David Guetta,69,2012-12-07
Jason Derulo,60,2016-04-01
Fifth Harmony,13,2016-02-27
Ellie Goulding,77,2015-11-06
Twenty One Pilots,81,2015-05-15
Jonas Blue,22,2015-12-04
Drake,10,2015-07-31
Charlie Puth,63,2016-01-29
Alan Walker,10,2016-06-03
Kygo,62,2016-05-13
Coldplay,71,2016-03-25
Major Lazer,13,2015-05-29
Twenty One Pilots,71,2015-05-15
Avicii,6,2014-12-01
Imagine Dragons,19,2012-09-04
Avicii,13,2014-12-01
Ellie Goulding,64,2015-11-06
Calvin Harris,69,2012-10-26
Ellie Goulding,70,2014-01-01
Ellie Goulding,9,2010-01-01
Rihanna,21,2015-01-24
Pitbull,79,2011-06-17
Pitbull,65,2014-11-21
Javiera Mena,1,2014-10-28
Javiera Mena,0,2014-10-28
Javiera Mena,0,2014-10-28
Javiera Mena,37,2018-04-27
Javiera Mena,0,2010-09-01
Javiera Mena,0,2010-09-01
Javiera Mena,0,2014-10-28
Javiera Mena,40,2018-04-27
Javiera Mena,35,2018-04-27
Javiera Mena,0,2006-10-05
Javiera Mena,0,2006-10-05
Javiera Mena,0,2010-09-01
Javiera Mena,0,2014-10-28
Javiera Mena,0,2010-09-01
Javiera Mena,0,2014-10-28
Javiera Mena,0,2006-10-05
Javiera Mena,31,2018-04-27
Javiera Mena,0,2014-10-28
Javiera Mena,27,2018-04-27
Javiera Mena,26,2018-04-27
Javiera Mena,26,2018-04-27
Javiera Mena,26,2018-04-27
Javiera Mena,0,2010-09-01
Javiera Mena,0,2006-10-05
Javiera Mena,0,2014-10-28
Javiera Mena,0,2006-10-05
Javiera Mena,0,2010-09-01
Javiera Mena,26,2018-04-27
Javiera Mena,0,2006-10-05
Javiera Mena,0,2014-10-28
Javiera Mena,0,2006-10-05
Javiera Mena,0,2014-10-28
Javiera Mena,25,2018-04-27
Javiera Mena,0,2010-09-01
Javiera Mena,0,2010-09-01
Javiera Mena,19,2016-12-02
Pol Del Sur,23,2008-05-10
Javiera Mena,0,2010-09-01
Javiera Mena,0,2006-10-05
El Último Vecino,33,2014-12-04
Gepe,31,2015-08-10
Javiera Mena,0,2006-10-05
Ruzzi,0,2017-06-16
Javiera Mena,0,2017-11-10
Javiera Mena,18,2011-01-01
Javiera Mena,0,2013-09-20
Dapuntobeat,17,2014-04-24
El Guincho,28,2012-03-12
Javiera Mena,5,2011-01-01
LOS PILOTOS,18,2018-03-16
Petit Biscuit,72,2017-11-10
Major Lazer,68,2015-11-27
The Chainsmokers,63,2015-10-23
The Chainsmokers,83,2017-04-07
The Chainsmokers,62,2016-11-04
Van Halen,56,1996-09-24
Cash Cash,51,2013-10-29
DJ Snake,76,2016-08-05
Kygo,77,2016-05-13
Kygo,9,2017-09-21
Kygo,56,2017-09-21
Zedd,79,2017-02-23
Fuff,32,2017-12-22
DNCE,80,2016-11-18
Diplo,34,2015-08-13
L. Starz,54,2018-10-15
Deep Chills,60,2017-08-18
Rae Sremmurd,74,2015-01-06
Aaron Smith,84,2014-11-07
Breakbot,71,2012-09-17
Jonas Blue,76,2018-11-09
Cheat Codes,73,2017-03-31
DJ Snake,81,2016-08-05
Axwell /\ Ingrosso,80,2017-07-28
Axwell /\ Ingrosso,71,2017-07-28
Clean Bandit,73,2018-11-30
Kungs,78,2016-11-04
Bingo Players,41,2011
Shawn Mendes,82,2017-04-20
Charlie Puth,82,2018-05-11
DJ Khaled,76,2017-06-22
Imagine Dragons,85,2017-06-23
Ed Sheeran,86,2017-03-03
Calvin Harris,76,2017-06-30
Jonas Blue,74,2018-11-09
Selena Gomez,82,2017-10-25
Ed Sheeran,80,2017-03-03
MØ,71,2016-05-13
Alok,75,2016
Hailee Steinfeld,81,2017-09-08
M.I.A.,71,2007-08-20
TheFatRat,55,2015-01-29
Elektronomia,53,2017-03-14
Diplo,58,2013-10-08
Major Lazer,69,2016-07-22
Sia,16,2018-05-10
Kygo,75,2016-05-13
Dimitri Vegas & Like Mike,66,2017-07-28
Cartoon,71,2015-07-09
Cartoon,65,2015-06-11
Maroon 5,75,2015-05-15
Jetta,66,2015-12-18
The Chainsmokers,70,2016-09-29
Cheat Codes,66,2016-04-13
Zara Larsson,76,2017-03-17
Avicii,78,2015-10-02
Yall,64,2015-10-16
Coldplay,77,2015-12-04
Martin Garrix,72,2017-12-01
Adele,75,2011-01-19
Martin Garrix,76,2018-06-15
Dua Lipa,82,2017-06-02
Afrojack,1,2014-01-01
Rihanna,8,2010-09-10
Drake,83,2016-05-06
Fifth Harmony,74,2015-01-30
OneRepublic,76,2009-01-01
David Guetta,64,2012-12-07
Deorro,70,2015-03-03
Zonoma,54,2017-01-13
Charlie Puth,23,2017-04-20
Galantis,8,2017-05-05
Zedd,17,2017-02-23
The Chainsmokers,17,2019-04-26
Selena Gomez,66,2014-11-24
OneRepublic,27,2017-10-27
Calvin Harris,72,2014-10-31
Armin van Buuren,43,2016-11-11
Maroon 5,80,2015-05-15
KSHMR,46,2018-02-16
David Guetta,68,2018-09-14
The.madpix.project,24,2015-08-07
Rihanna,19,2012-07-18
The.madpix.project,20,2017-04-10
DJ Snake,21,2016-08-05
The.madpix.project,0,2014-04-22
Lady Gaga,6,2008-09-26
Charlie Puth,17,2017-10-05
Rihanna,74,2012-12-11
Ariana Grande,9,2014-08-22
Steve Aoki,49,2018-11-09
Hardwell,35,2015-01-20
Maroon 5,64,2015-05-18
David Guetta,64,2016-09-30
Imagine Dragons,20,2012-09-04
Afrojack,4,2014-01-01
The.madpix.project,5,2016-03-16
Maroon 5,76,2010
David Guetta,66,2013-03-15
The Black Eyed Peas,20,2009-01-01
Pitbull,76,2012
Usher,44,2013-06-21
Snoop Dogg,3,2012-12-07
LMFAO,71,2011-01-01
David Guetta,58,2012-12-07
Jason Derulo,67,2013-09-10
Shawn Mendes,11,2017-04-20
Martin Garrix,74,2017-05-26
Hardwell,38,2015-01-20
The.madpix.project,12,2015-03-25
Martin Garrix,61,2016-10-28
Ian Storm,19,2019-03-22
Jay-C,35,2019-07-05
Kxa,37,2019-07-19
Martin Jensen,61,2016-11-04
Maroon 5,15,2016-10-11
The Weeknd,80,2016-11-25
David Guetta,44,2015-11-27
Austin Mahone,3,2016-12-30
Jonas Blue,9,2016-10-28
Robin Schulz,65,2016-11-25
OneRepublic,16,2013-01-01
Shawn Mendes,9,2017-04-20
David Guetta,48,2015-11-27
Janelle Monáe,48,2018-04-16
Janelle Monáe,39,2018-04-10
Janelle Monáe,52,2018-02-22
Janelle Monáe,37,2018-02-21
Janelle Monáe,56,2010-05-17
fun.,75,2012-02-14
Janelle Monáe,54,2013-09-06
Janelle Monáe,55,2015-03-31
Janelle Monáe,44,2010-05-17
Grimes,57,2015-11-06
Janelle Monáe,53,2013-09-06
The Internet,47,2015-06-26
Janelle Monáe,41,2010-05-17
Janelle Monáe,38,2008-08-12
Janelle Monáe,48,2013-09-06
Jidenna,38,2017-02-17
Janelle Monáe,40,2010-05-17
Janelle Monáe,36,2008-08-12
Janelle Monáe,45,2013-09-06
Janelle Monáe,31,2006-01-01
Janelle Monáe,39,2010-05-17
Janelle Monáe,34,2008-08-12
Janelle Monáe,38,2013-09-06
B.o.B,41,2010-04-26
Janelle Monáe,38,2010-05-17
Janelle Monáe,30,2008-08-12
Janelle Monáe,37,2013-09-06
Janelle Monáe,33,2016-12-09
Paolo Nutini,42,2014-04-11
Janelle Monáe,30,2008-08-12
Estelle,39,2012-02-24
Janelle Monáe,31,2016-12-09
OutKast,35,2006-08-22
Janelle Monáe,30,2008-08-12
Duran Duran,40,2015-06-17
Janelle Monáe,37,2014-03-04
Jeezy,35,2015-11-13
Janelle Monáe,30,2016-09-09
OutKast,31,2006-08-22
Big Boi,27,2010-01-01
Janelle Monáe,30,2014-01-01
Coldplay,78,2014-05-19
Coldplay,74,2015-12-04
Calvin Harris,69,2017-06-30
Major Lazer,75,2015-11-27
Major Lazer,72,2015-11-27
Major Lazer,58,2016-07-22
Wale,64,2017-04-28
Major Lazer,57,2017-06-01
Dua Lipa,68,2017-06-02
Future,81,2017-06-30
Drake,83,2018-06-29
Drake,86,2018-06-29
Kygo,73,2017-09-21
Kygo,51,2018-02-14
Capital Cities,77,2013
Capital Cities,64,2013
Skrillex,67,2017-07-26
Skrillex,72,2017-09-29
Skrillex,72,2016-07-22
Jack Ü,63,2015-02-24
Jack Ü,61,2015-02-24
Jack Ü,57,2015-02-24
David Guetta,72,2018-02-22
Marshmello,83,2018-02-09
Logic,77,2018-03-09
Marshmello,20,2016-05-13
Marshmello,63,2018-05-04
Marshmello,52,2018-06-22
SZA,76,2017-12-15
Mr. Pig,45,2018-03-30
Miley Cyrus,77,2017-09-29
Dillon Francis,62,2015-08-14
Dillon Francis,64,2014-10-22
Dillon Francis,32,2015-04-07
Fanvel,26,2017-05-03
Papa Wave,42,2016-12-30
G-Eazy,4,2016-03-18
Starley,58,2016-10-07
SOLANO,25,2017-08-11
San Holo,68,2017-02-10
1Kilo,61,2018-01-29
Major Lazer,22,2015-09-04
Liu,60,2017-10-13
Sean Paul,76,2018-06-29
San Holo,1,2018-08-03
San Holo,63,2015-02-23
DROELOE,56,2017-05-16
Drake,68,2016-05-13
Maroon 5,77,2018-06-15
Drake,15,2017-03-18
Maroon 5,80,2002
Maroon 5,76,2015-05-15
Coldplay,81,2000-07-10
Coldplay,81,2005-06-07
Coldplay,78,2008-05-26
The 1975,73,2016-02-26
Drake,73,2016-05-06
Madeon,56,2015-03-27
Clean Bandit,78,2017-03-16
Clean Bandit,23,2017-10-26
Daft Punk,62,2001-03-07
Daft Punk,70,1997-01-16
Daft Punk,71,2013-05-17
Daft Punk,76,2013-04-19
Daft Punk,73,2013-05-17
Avicii,84,2013-01-01
Avicii,81,2017-08-10
Avicii,73,2017-08-10
Avicii,80,2014-01-01
Avicii,67,2013-01-01
Avicii,66,2015-10-02
Avicii,69,2013-01-01
Avicii,53,2015-10-02
Daft Punk,59,2001-03-07
Daft Punk,64,2001-03-07
Daft Punk,70,2001-03-07
Eurythmics,81,1983-01-21
Eurythmics,62,1983-11-26
Erasure,0,2015-10-30
Erasure,3,2009-10-26
Erasure,1,2015-10-30
Erasure,0,1991-06-17
Pet Shop Boys,38,1987-09-07
Pet Shop Boys,70,1998-03-31
Pet Shop Boys,63,2003
Alphaville,65,1984-09-27
Frankie Goes To Hollywood,11,1984
Duran Duran,71,1982-05-10
a-ha,83,1985-06-01
Depeche Mode,58,2006-11-08
Depeche Mode,71,1981-11-02
Depeche Mode,56,2006-11-08
Roxette,72,1988-10-19
Ace of Base,16,1994-01-01
Ace of Base,68,1993
KVSH,69,2019-07-12
Jacala,39,2019-08-23
Sub Urban,78,2019-01-04
Twenty One Pilots,73,2015-05-15
pewdiepie,66,2019-03-31
Blanco Brown,52,2019-05-03
Confetti,53,2018-07-20
Lil Nas X,13,2019-06-20
KALEO,76,2016-06-10
Scotty Sire,57,2018-10-12
Panic! At The Disco,86,2018-06-22
Lil Nas X,33,2019-03-14
Don Diablo,61,2017-02-06
Lil Peep,76,2019-01-31
Tiësto,79,2018-05-18
Timmy Trumpet,32,2019-01-11
Prismo,60,2017-10-16
Kina,86,2018-10-08
Dropgun,60,2018-08-24
Confetti,54,2019-09-06
Confetti,40,2018-02-21
Confetti,42,2018-04-19
Confetti,59,2019-10-18
Two Feet,61,2019-10-11
Bleeke,43,2017-07-24
Mike Vallas,39,2019-09-13
Silent Child,44,2019-10-11
Besomorph,52,2019-10-25
blackbear,62,2017-04-21
pewdiepie,64,2019-10-23
Major Lazer,52,2015-11-27
blackbear,79,2017-04-21
blackbear,94,2019-08-23
Confetti,55,2018-09-28
blackbear,74,2017-04-21
blackbear,71,2017-04-21
pewdiepie,71,2018-11-06
Marshmello,78,2019-11-13
Travis Scott,86,2016-09-16
Doja Cat,85,2018-03-30
Halsey,74,2017-06-02
Billie Eilish,73,2017-01-13
Thutmose,54,2018-08-08
Sean&Bobo,50,2018-02-17
True Damage,77,2019-11-10
Hippie Sabotage,81,2016-02-05
Bohnes,66,2015-12-14
grandson,73,2018-05-04
Prismo,60,2017-12-09
Twenty One Pilots,70,2018-10-05
AViVA,68,2017-10-13
Unlike Pluto,45,2019-09-18
Nexy,37,2019-11-20
updog,46,2019-08-02
updog,40,2019-09-18
Jacob Tillberg,58,2016-02-05
8 Graves,59,2019-02-22
Unlike Pluto,57,2019-04-26
Confetti,51,2019-11-22
blackbear,61,2015-02-14
Ansel Elgort,68,2017-01-27
MEMBA,49,2017-04-10
Macklemore & Ryan Lewis,63,2012-10-10
YUNGBLUD,75,2019-10-18
Sangarang,38,2019-10-25
Frank Ocean,82,2017-03-10
X Ambassadors,62,2019-06-14
Lil Uzi Vert,84,2017-08-25
8 Graves,28,2017-04-12
Glass Animals,68,2016-08-26
Layto,59,2018-04-13
XYLØ,61,2019-05-31
Cosmo Sheldrake,69,2018-04-06
Arizona Zervas,71,2019-10-10
grandson,61,2019-08-16
K CAMP,79,2019-06-21
Pham,67,2015-03-18
Arizona Zervas,71,2018-06-03
Joji,60,2018-11-09
Bea Miller,73,2018-02-23
A$AP Rocky,74,2015-05-26
Lil Skies,81,2019-03-01
Mike Vallas,43,2019-11-01
Alexander Lewis,39,2018-06-01
Alok,65,2019-06-28
girl in red,74,2018-03-02
Mike Vallas,37,2019-10-15
Alexander Lewis,52,2019-11-22
5 Seconds of Summer,84,2018-06-15
Trevor Daniel,97,2018-10-05
Depeche Mode,49,1990-03-19
French 79,43,2019-11-08
Four Tet,52,2019-07-17
Todd Terje,48,2014-04-07
The Divine Comedy,31,2019-06-07
The Cars,56,1978-06-06
New Order,19,2017-12-01
Llewellyn,14,2017-09-08
Shaun Cassidy,18,1980-09-01
Ludvig Forssell,53,2019-10-30
Isobel Campbell,32,2019-10-18
Discovery,45,2009-07-06
Britta Phillips,1,2016-04-29
Llewellyn,29,2019-07-05
Satin Jackets,49,2019-10-11
Lescop,41,2013-01-14
Run River North,29,2019-05-03
Freestyle,39,2007-08-14
Gorillaz,38,2018-05-31
Japan,14,1996-09-27
Phantoms,48,2019-07-19
Lloyd Cole,18,2019-07-26
The Midnight,7,2019-05-03
Night Moves,33,2016-03-25
The Cars,14,1981
Jane Weaver,34,2015-03-30
Bryan Ferry,15,1978
The Books,42,2013-10-15
Charlotte Gainsbourg,0,2017-09-08
Gary Numan,29,2008-03-04
Jennifer Touch,15,2019-03-01
Baustelle,43,2017-01-13
Gunship,45,2018-10-05
Sid Luscious and The Pants,6,2019-02-22
Kraftwerk,36,1978
Depeche Mode,24,1983-09-14
COMPUTER DATA,45,2019-06-07
The Midnight,45,2018-09-21
Heaven 17,44,1982
Paradis,50,2016-09-23
Orchestral Manoeuvres In The Dark,33,1983-03-04
Chromatics,38,2018-06-12
Magic Sword,56,2015-01-09
Class Actress,10,2010-02-09
Yello,31,2016-09-30
Herbie Hancock,12,1988-05-17
Power Glove,43,2015-04-29
Pet Shop Boys,58,1986-03-24
Phoenix,0,2017-06-09
Robag Wruhme,20,2019-07-05
Makeup And Vanity Set,51,2017-02-06
A Flock Of Seagulls,29,2008-08-19
Charlotte Gainsbourg,39,2018-12-14
Gunship,40,2018-10-05
Jóhann Jóhannsson,14,2018-07-13
Luscious-235,7,2019-01-01
Mitch Murder,0,2011-10-28
Josh Rouse,1,2018-04-13
Power Glove,38,2015-04-29
Christine and the Queens,54,2015-06-05
Gunship,39,2018-10-05
Orchestral Manoeuvres In The Dark,54,1981-11-08
Baxter Dury,16,2014-10-21
Carpenter Brut,0,2017-06-28
St. Vincent,58,2017-10-13
Perturbator,40,2017-09-05
Stars,14,2017-08-25
Sonic Mayhem,47,2015-07-17
Makeup And Vanity Set,1,2018-07-13
Sébastien Tellier,32,2010-04-09
M|O|O|N,56,2012-09-01
Friendly Fires,51,2008
Mitch Murder,43,2013-12-24
Lorn,34,2018-09-05
Carpenter Brut,0,2017-06-28
Com Truise,37,2011-06-14
Carpenter Brut,0,2018-02-23
Mitch Murder,1,2011-10-28
Arcis,41,2017-01-24
Nightstop,1,2013-11-09
Lost Years,0,2012-12-19
Róisín Murphy,52,2007-10-01
Aphex Twin,35,2018-08-07
Mitch Murder,0,2014-07-29
Orchestral Manoeuvres In The Dark,32,1981-11-08
YELLOW MAGIC ORCHESTRA,16,1981-11-21
Goldfrapp,18,2018-05-21
Loom:ngs,4,2018-05-21
Ryuichi Sakamoto,18,2017-04-28
Simian Mobile Disco,37,2007-01-01
Laura Marling,30,2018-06-01
Soft Metals,17,2011
Gunship,56,2015-07-24
Goldfrapp,17,2017-03-31
The Decemberists,33,2018-01-17
Paul Haslinger,26,2016-08-19
Hajk,25,2017-04-28
LCD Soundsystem,0,2017-08-16
Róisín Murphy,16,2016-07-08
Calvin Harris,77,2016-09-16
Jonas Blue,64,2016-06-03
Jonas Blue,68,2015-12-04
Macklemore & Ryan Lewis,83,2012-10-09
Macklemore & Ryan Lewis,71,2012-10-09
Maroon 5,81,2018-05-30
Swedish House Mafia,77,2012-09-14
The Black Eyed Peas,70,2010-01-01
Maroon 5,72,2012-01-01
Coldplay,83,2002-08-08
Shawn Mendes,83,2017-04-20
Maroon 5,78,2012-01-01
Coldplay,75,2002-08-08
The Black Eyed Peas,54,2007-01-01
Coldplay,70,2002-08-08
Tiësto,69,2014-06-13
David Guetta,2,2010-11-22
Alesso,73,2015-05-26
Calvin Harris,61,2014-10-31
Calvin Harris,85,2018-04-06
Mr. Probz,76,2014-02-07
Coldplay,51,2014-09-16
Sebastian Ingrosso,7,2013-01-01
Robin Schulz,63,2015-04-03
Alesso,59,2012-01-01
Alex Kenji,33,2012-03-26
Dirty South,61,2013-01-01
Bastille,55,2014-01-01
Martin Garrix,64,2015-02-23
Sebastian Ingrosso,61,2012-01-01
Afrojack,55,2014-01-01
John Legend,64,2014-02-25
David Guetta,46,2011-12-09
Claptone,62,2015-10-16
Claptone,65,2013-11-26
Gregory Porter,63,2015-07-17
Claptone,54,2018-06-08
Claptone,55,2015-10-16
Claptone,46,2018-06-08
Vintage Culture,67,2018-12-21
Maroon 5,59,2007-01-01
MAGIC!,78,2014-06-25
U2,79,1987-03-03
Avicii,83,2019-06-06
Swedish House Mafia,67,2011-05-13
Chris Brown,62,2012-07-03
Matt Simons,69,2015-09-30
Sam Feldt,67,2015-06-14
Burak Yeter,74,2016-09-02
Calvin Harris,67,2012-10-26
Kungs,64,2016-11-04
Alesso,49,2016-05-13
Belanova,57,2006
Belanova,33,2014-10-14
Belanova,31,2014-10-14
Mœnia,23,1999-01-01
Belanova,25,2010-01-01
Sentidos Opuestos,30,1997-01-01
Fey,51,2004-01-01
Belanova,40,2014-10-14
Belanova,61,2006
Mœnia,2,2005-01-01
Belanova,47,2006
Belanova,56,2003-01-01
Byte,24,2005-01-01
Mœnia,68,2005
Cesar Vilo,38,2008-10-21
Jotdog,0,2015-11-06
Playa Limbo,59,2007-06-01
Fase,27,2002-01-01
Above & Beyond,27,2012-09-04
Belanova,51,2006
Jotdog,1,2012-01-17
Jotdog,0,2009
Jotdog,0,2009
Jotdog,0,2009
Belanova,53,2010-01-01
Jotdog,0,2012-01-17
Jotdog,0,2012-01-17
Jotdog,0,2009
Ana Torroja,24,2006-07-20
Mœnia,8,2009-06-06
Bomba Estéreo,60,2015-06-02
Valeria,15,2015-11-25
Valeria,11,2015-11-25
Bomba Estéreo,72,2016-12-16
Zoé,61,2018-04-18
Bomba Estéreo,60,2015-06-02
Caloncho,62,2015-10-30
Pau Muro,38,2017-07-21
The Guadaloops,33,2017-07-28
Azul Violeta,50,1996-01-01
Soraya,54,2003-01-01
JEANS,17,1998-01-01
Miguel Bosé,34,1984-02-22
Mœnia,34,1999-01-01
Mœnia,22,2015-10-09
Motel,35,2019-01-25
Fey,61,1996-06-04
Tony Dark Eyes,19,2014-06-17
Tony Dark Eyes,14,2014-06-17
Chela,31,2011-07-06
Ulises Hadjis,4,2015-05-26
Ragazzi,13,2001-01-01
Luz Casal,56,1989-03-01
Mœnia,49,1997
Mœnia,65,1999-01-01
Aleks Syntek,45,2002-01-01
Mœnia,62,1999-01-01
Kabah,68,1996-01-01
Sentidos Opuestos,60,1998-01-01
JEANS,52,1996-01-01
Cesar Vilo,45,2008-10-21
Miguel Bosé,55,2007
Miguel Bosé,63,2012-09-04
Mœnia,49,2005
Morbo,30,2001-01-01
Morbo,29,2001-01-01
Morbo,28,2001-01-01
Morbo,20,2001-01-01
María Barracuda,26,2004-05-31
María Barracuda,23,2019-04-05
Zoé,69,2011-01-01
Morbo,18,2001-01-01
Morbo,18,2001-01-01
Morbo,18,2001-01-01
Morbo,16,2001-01-01
Camilo Séptimo,55,2017-03-31
A Flock Of Seagulls,13,2006-09-19
Angelic Upstarts,33,1983
Interfront,32,2008-09-17
And One,0,1991
The Neon Judgement,20,2010-03-22
Broken English,0,1987
Information Society,0,1988-06-15
B-Movie,0,2016-03-18
The Snake Corps,34,1990-01-01
Midnight Oil,63,1997-10-13
Depeche Mode,0,2004
Front 242,42,1988-10-24
Peter Murphy,26,2013-11-25
Real Life,55,1983-01-01
Timmy T,25,1990-03-15
Robert Palmer,6,1980-01-01
A Split Second,0,2003-01-01
Alphaville,57,1991-12-17
Baltimora,51,2010-01-01
The Bolshoi,1,1986
The Bolshoi,0,1986
Groovezone,0,2012-11-26
Duran Duran,54,1998-11-09
Escape With Romeo,32,1989-06-02
Falco,47,2010-10-22
Gary Numan / Tubeway Army,51,1979
ICEHOUSE,0,2013-09-20
ICEHOUSE,0,2011
Frankie Goes To Hollywood,0,2013-05-07
Invisible Limits,0,1989
Johnny O.,47,2011-08-15
Peter Schilling,58,1989-04-04
Peter Schilling,49,1983-06-27
Paul Haig,23,1989
Megabeat,24,2009-11-09
New Order,54,2011-06-03
New Order,67,1986-09-29
Nick Kamen,61,1990
Orchestral Manoeuvres In The Dark,17,1998-01-01
This Mortal Coil,51,1984
R.E.M.,63,1987-09-01
The Silencers,23,1996-10-03
Simple Minds,44,2013-03-25
Simple Minds,42,1981-09-12
The Human League,74,1981
Hard Rain London,0,2010-11-22
The Essence,20,1990-01-01
The Stranglers,50,1990-03-14
Depeche Mode,18,2014-03-24
Then Jerico,0,1990-06-12
New Model Army,43,1989-03-15
When In Rome,63,1988-01-01
Wolfsheim,46,1991-07-15
The Lotus Eaters,21,1984
Anne Clark,37,1987-01-01
Nitzer Ebb,16,1987-01-01
Then Jerico,0,1990-06-12
The Smiths,2,2009-07-14
Love and Rockets,52,1989-09-04
Roxy Music,59,2004-01-01
Soft Cell,8,2002-01-01
Men At Work,0,2009-11-06
Joolz,23,1990-01-01
Soft Cell,18,1981-12
The Cure,13,1987-05-25
The The,27,2002-05-07
Depeche Mode,10,1987-09-28
Tears For Fears,0,1983-03-07
Orchestral Manoeuvres In The Dark,8,1998-01-01
The Alarm,8,2018-03-16
Talk Talk,41,1997-01-27
Joy Division,64,2010
Depeche Mode,8,2006
UV Pop,16,2011
Immaculate Fools,0,2010-01-01
Depeche Mode,1,2006
Simple Minds,11,2012-01-01
The Cure,0,2010-01-01
Lloyd Cole and the Commotions,32,1987-01-01
The Alarm,28,1987-01-01
Anne Clark,0,2010-03-12
Erasure,69,1988-04-18
Big Audio Dynamite,30,1987-03-31
ICEHOUSE,24,2011-06-27
Tears For Fears,2,1985-02-25
Bronski Beat,12,1984
Depeche Mode,0,2004-12-07
Modern English,46,1992-01-01
Boytronic,34,2004-03-01
Somewhere over England,32,1992-06-15
The Blue Nile,54,1984-04-30
Spanic,38,1994-01-01
A Flock Of Seagulls,43,2008-08-19
Talk Talk,57,1990-05-21
New Order,13,2013-07-08
Depeche Mode,14,1981
Depeche Mode,30,1982-09-27
Freakangel,0,2011-10-17
Centhron,0,2009-08-28
Agonoize,0,2007-11-09
Agonoize,0,2012-05-25
Nachtmahr,0,2009-08-07
X-RX,0,2012-05-25
X-RX,0,2012-05-25
Straftanz,0,2008-06-13
The Crüxshadows,0,2010-12-17
Mindless Self Indulgence,0,2008-04-29
And One,0,2006-09-01
Megaherz,0,2009-03-13
VNV Nation,40,2011-09-16
VNV Nation,36,2011-09-16
Solitary Experiments,0,2005-11-08
Colony 5,0,2009-10-23
Suicide Commando,0,2010-05-21
Deine Lakaien,0,2005-01-01
Solitary Experiments,0,2012-11-30
Frozen Plasma,0,2009-05-29
Emilie Autumn,25,2010-07-13
And One,0,2006-09-01
[:SITD:],3,2011-11-18
Deine Lakaien,0,2005-01-01
Incubite,0,2011-02-18
Rotersand,0,2009-08-28
Shiv-R,0,2011-10-07
Mindless Self Indulgence,0,2010-09-24
Nachtmahr,0,2010-01-29
Wynardtage,5,2007-10-12
FGFC820,0,2009
Agonoize,0,2008-10-31
Feindflug,0,2008-12-02
[:SITD:],12,2011-11-18
Assemblage 23,33,2012-06-08
Grendel,0,2007-12-03
Nachtmahr,0,2007-09-14
Reaper,0,2007-02-23
VNV Nation,50,2007-04-12
Das Ich,38,2007
Hertzinfarkt,0,2012-11-30
OOMPH!,45,2012-05-21
Grossstadtgeflüster,46,2006-01-01
DAF,0,2009-03-30
DAF,2,1981-03
Agonoize,0,2006-06-29
Solitary Experiments,0,2009-05-29
Culture Kultur,33,2006-01-01
Subway To Sally,34,2009-03-27
Centhron,0,2009-08-28
Frozen Plasma,0,2006-11-22
Frozen Plasma,0,2008-09-19
Frozen Plasma,0,2006
Unter Null,24,2005-11-28
Talk Talk,30,1997-01-27
Soft Cell,12,2009-01-01
Light Asylum,0,2010
Depeche Mode,44,2004-10-25
Alphaville,53,1984-09-27
Lights Of Euphoria,0,2003-04-04
Down Below,0,2009-06-26
Schandmaul,11,2009-01-03
Haujobb,0,2011-11-11
Subway To Sally,41,2005-08-22
ASP,0,2007-03-30
OOMPH!,45,2008
Anne Clark,33,2010-01-01
Saltatio Mortis,26,2009-01-01
Placebo,42,2009-06-29
Covenant,0,2013-06-07
[:SITD:],4,2011-11-18
[:SITD:],5,2007-09-07
VNV Nation,31,2013-10-04
Joy Division,71,2008-03-20
Soft Cell,1,1997-09-27
SAM,0,2006-12-08
Aesthetic Perfection,41,2008-01-01
Aesthetic Perfection,40,2008-01-01
Eisbrecher,55,2012-02-03
Unzucht,0,2013-10-04
Code 64,0,2006-06-16
Ascii.Disko,0,2003
Depeche Mode,0,2001-05-14
Depeche Mode,40,1981-11-02
Sisters of Mercy,9,2000
Wynardtage,26,2010-11-26
Depeche Mode,41,2013-03-22
CHROM,0,2012-03-30
Subway To Sally,41,2001
Blutengel,0,2001
Subway To Sally,23,2011-01-01
Saltatio Mortis,37,2011-01-01
Deine Lakaien,0,1991
Sündenklang,0,2014-01-24
ASP,0,2014-09-26
Funker Vogt,0,2013-06-28
Xotox,0,2013-05-24
Laura Branigan,40,1995-06-06
The Communards,3,1987
Madonna,71,2009-09-18
Soul&Roll,15,2013-05-20
a-ha,15,2005-07-19
Queen,3,1984-02-27
Ken Clayton,24,2014-03-20
Bruce Springsteen,9,2003-10-16
Nena,24,1984-08-21
Kim Carnes,62,2007-01-01
TOTO,55,2010-02-26
Billy Joel,68,2001-10-02
Laura Tain,14,2015-04-20
Carl Wave,34,2014-11-20
Journey,74,2001-09-19
Luck Wallace,21,2014-09-20
Tom Petty,5,2010-01-01
Foreigner,26,2017-05-12
Taylor Dayne,56,2003-06-17
The Pointer Sisters,63,1989-09-21
Toni Lo,32,2013-12-20
Culture Club,64,1983-10-01
The Bangles,48,1990-01-01
Survivor,48,2006
Willie Nelson,51,1975
REO Speedwagon,73,1984-11-05
Sebastián Mato,12,2015-02-20
Starship,24,1987
Wham!,54,2006-11-11
The Bangles,63,2004
Prince,73,1986-03-31
Ken Clayton,16,2014-03-20
Michael Jackson,77,1982-11-30
Cyndi Lauper,72,2014-03-28
Dead Or Alive,17,1985-09-05
George Michael,75,1987-10-30
The Police,67,2017-10-27
Luck Wallace,17,2014-09-20
Soul&Roll,13,2014-06-20
Spandau Ballet,72,2008-04-25
Madonna,54,1984-11-12
Whitney Houston,18,1987-06-02
Lionel Richie,36,2003-02-04
Narada Michael Walden,46,1985
Toni Lo,29,2013-12-20
Laura Tain,11,2015-04-20
Lipps Inc.,0,2015-08-28
Limahl,4,2008-01-01
Toni Lo,41,2013-12-20
Carl Wave,14,2014-11-20
Guns N' Roses,78,1987-01-01
Bon Jovi,15,2010-01-01
Warrant,65,1990-10-14
Aerosmith,5,2001-11-20
Nirvana,14,2002-01-01
Guns N' Roses,82,1987-01-01
Whitesnake,53,1994-07-04
Ken Clayton,19,2014-03-20
Status Quo,0,1986
Europe,8,1983
Poison,50,2009-01-01
Scorpions,64,2011-11-04
AC/DC,78,1980-07-25
The Cure,73,1979-05-11
The Buggles,70,1980-01-10
Kim Wilde,4,1981
New Order,0,2016-11-04
Bananarama,6,1986
Air Supply,64,2003-05-29
Berlin,60,2007-01-01
Laura Tain,10,2015-04-20
Chicago,49,2005-01-25
Dire Straits,24,1985-05-13
Rebeca Marin,12,2017-05-20
The Cars,5,2002-03-11
Suzanne Vega,10,2010-10-17
Mr. Mister,65,1985-06-01
George Michael,60,1998-11-09
Chris Isaak,69,2006
Soul&Roll,30,2013-05-20
Tracy Chapman,77,1988-01-01
Asia,8,1982-01-01
Cutting Crew,71,1986-01-01
Foreigner,77,1984-12-12
Ken Clayton,12,2014-03-20
Roxette,75,1988-10-19
Richard Marx,75,1989-01-01
Carl Wave,28,2014-11-20
Chris de Burgh,14,1986-01-01
Luck Wallace,16,2014-09-20
George Michael,2,1998-11-09
Rick Astley,66,1987-12-08
Cyndi Lauper,76,1983-10-14
Bonnie Tyler,74,1999-02-08
Cher,72,1989-01-01
John Waite,15,1996-11-12
Pat Benatar,66,1984
Black Strobe,0,2012-07-16
Feathers,35,2013-05-27
Poolside,42,2011-03-14
Yeasayer,46,2013-09-24
Battle Tapes,44,2012-04-13
Dan Croll,46,2014-01-01
Tony Castles,44,2011-08-24
Jai Paul,49,2012-04-09
DJ Mehdi,29,2007-03-05
Nite Jewel,42,2013-09-24
YACHT,47,2009
The C90s,52,2010-11-05
Twin Shadow,34,2010-10-18
The Chain Gang Of 1974,57,2013-09-24
Toro y Moi,43,2013-01-21
Miami Horror,51,2010
Favored Nations,55,2013-09-24
The Ruby Suns,27,2013-01-28
Panama,31,2013-11-01
!!!,48,2013
Yeasayer,46,2010
Niki & The Dove,13,2012-01-01
Hot Chip,49,2012-06-11
Holy Ghost!,34,2011-04-04
Scenic,0,2013-09-13
Little Dragon,43,2011-07-25
SBTRKT,50,2011-06-27
Toro y Moi,36,2011-02-21
Kauf,1,2013-07-29
Neon Indian,48,2011-09-12
Mitzi,0,2013-02-15
Cut Copy,32,2008-01-01
Age of Consent,38,2012-06-11
Age of Consent,39,2013-09-24
Neon Indian,47,2013-09-24
Twin Shadow,48,2013-09-24
HEALTH,39,2013-09-24
Twin Shadow,34,2010-10-18
Mike Posner,17,2015-07-24
DJ Snake,9,2016-08-05
ZAYN,65,2016-08-22
Kygo,64,2016-04-01
Kygo,64,2015-09-04
ItaloBrothers,68,2017-04-28
Lilly Wood and The Prick,69,2014-09-16
MisterWives,3,2014-06-17
Seinabo Sey,5,2015-10-23
Syn Cole,59,2014-05-08
The Weeknd,21,2016-11-25
TEEMID,42,2014-11-14
Avicii,1,2014-01-01
Afrojack,5,2017-04-28
Syn Cole,51,2015-04-07
Dante Klein,51,2016-07-01
Martin Jensen,55,2016-04-08
Lost Frequencies,57,2015-05-24
Mike Perry,55,2017-03-03
DJ Antoine,42,2016-03-18
Jonas Blue,59,2017-07-14
Kelvin Jones,51,2015-10-02
Sam Feldt,9,2016-06-10
A.M.T,22,2016-05-25
Zara Larsson,76,2017-03-17
Alan Walker,75,2017-09-15
U2,6,2017-09-21
Kygo,67,2017-09-21
DEAMN,17,2017-09-12
Lost Frequencies,50,2015-01-26
Diviners,58,2015-11-25
FF5,32,2015-11-06
Kygo,8,2017-11-03
Kygo,13,2017-11-03
AtellaGali,0,2017-07-14
Robin Schulz,57,2017-09-29
Kygo,11,2017-11-03
Diviners,53,2015-03-26
Cat Dealers,64,2017-01-13
Dua Lipa,70,2016-08-26
Capital Cities,13,2013
Imagine Dragons,11,2017-06-23
SJUR,57,2016-11-11
Alan Walker,71,2018-05-11
Tove Lo,69,2014-09-24
Tove Lo,8,2016-10-28
Xuitcasecity,45,2017-04-14
Kygo,75,2018-06-15
The Chainsmokers,65,2017-04-07
Mike Perry,57,2017-09-01
Avicii,48,2014-01-01
R3HAB,70,2018-01-26
Martin Garrix,57,2016-03-11
Dua Lipa,66,2017-06-02
Dua Lipa,62,2017-06-02
Sigma,27,2015-06-12
5 Seconds of Summer,77,2018-04-12
Sam Feldt,53,2017-10-06
Lost Frequencies,44,2017-07-14
Zedd,84,2018-01-23
CVBZ,24,2017-04-28
Alan Walker,71,2018-07-27
The Weeknd,80,2015-08-28
Sia,61,2016-02-18
Avicii,77,2013-01-01
Justin Bieber,81,2015-11-13
Flo Rida,76,2012-06-22
Sia,74,2016-10-21
Adele,77,2011-01-19
Adele,73,2015-11-20
The Weeknd,84,2016-11-25
Jason Derulo,71,2010-02-26
Adele,79,2011-01-19
French Montana,82,2017-07-14
The Weeknd,83,2015-08-28
Major Lazer,72,2018-10-19
Justin Bieber,78,2015-11-13
Bruno Mars,76,2012-12-07
Cardi B,84,2018-04-06
Rihanna,77,2016-01-28
Jessie J,78,2014-10-14
Nicki Minaj,49,2014-12-15
Dua Lipa,63,2017-06-02
LMFAO,67,2011-01-01
Martin Solveig,25,2011-06-17
Avicii,74,2011-01-01
Aloe Blacc,65,2010-09-28
Rihanna,68,2010-11-16
Eminem,58,2013-11-05
Dua Lipa,60,2017-06-02
Camila Cabello,84,2018-01-12
Miley Cyrus,76,2013-10-04
Wiz Khalifa,80,2015
Wiz Khalifa,74,2011-03-29
Galantis,70,2017-09-15
Bruno Mars,78,2016-11-17
OMI,76,2015-10-16
Linkin Park,63,2014-06-13
Lost Frequencies,55,2016-10-21
will.i.am,73,2013-01-01
Linkin Park,73,2012-06-20
Jason Derulo,71,2011-09-16
Ariana Grande,87,2019-02-08
Jennifer Lopez,74,2011-01-01
Linkin Park,71,2012-06-20
Kendrick Lamar,84,2017-04-14
Jason Derulo,68,2013-09-10
J. Cole,82,2014-12-09
Ed Sheeran,52,2013
James Arthur,85,2016-10-28
John Newman,72,2013-01-01
Aloe Blacc,60,2013-01-01
Ariana Grande,83,2018-08-17
Tinie Tempah,57,2010-09-03
Martin Solveig,57,2015-03-20
Fetty Wap,68,2015-09-25
Post Malone,84,2016-12-09
Desiigner,74,2016-06-26
Rae Sremmurd,76,2016-08-12
Drake,9,2015-07-31
Flume,6,2016-05-27
David Guetta,67,2012-12-07
Tinie Tempah,53,2010
PUBLIC,79,2019-08-09
The Band CAMINO,13,2019-05-14
lovelytheband,59,2018-08-03
COIN,60,2018-11-16
Lost Stars,24,2019-04-05
The 1975,69,2019-10-24
THE WLDLFE,35,2019-10-18
Sasha Sloan,68,2019-09-20
Louis The Child,73,2018-10-26
Lauv,85,2019-11-14
ayokay,68,2018-08-31
XY&O,38,2015-05-28
The 1975,70,2018-11-30
Cheerleader,29,2019-10-16
Romance and Rebellion,33,2019-11-08
A R I Z O N A,72,2019-10-11
joan,51,2017-12-13
Chase Atlantic,57,2019-06-28
Moon Taxi,42,2019-04-19
Night Cap,34,2019-12-01
Cuva,30,2019-11-01
Pacific,38,2019-01-11
No Coast,16,2019-07-08
The Band CAMINO,55,2019-08-23
Lost Stars,34,2019-05-17
Jordan Fisher,50,2019-11-22
Brad Blackburn,33,2019-11-08
Meghan Trainor,64,2019-10-31
Moonfall,31,2019-09-26
The 1975,54,2016-02-26
Seeb,68,2019-05-15
LANY,69,2017-06-30
The Band CAMINO,14,2019-05-14
Cuva,2,2018-08-31
COIN,10,2019-06-13
FLETCHER,16,2019-04-26
Hippo Campus,67,2017-02-24
Night Cap,30,2019-08-05
The Aces,57,2018-04-06
Chelsea Cutler,44,2017-02-24
MAX,78,2019-04-05
Theo Kandel,37,2019-07-05
THE WLDLFE,48,2016-03-03
BANKS,60,2019-07-12
Grouplove,63,2013-09-17
Lost Kings,57,2019-06-07
X Ambassadors,46,2019-08-23
Valley,16,2018-11-23
Bea Miller,71,2019-03-01
CHVRCHES,55,2018-05-25
LÉON,66,2019-03-01
The Neighbourhood,63,2019-08-16
MUNA,56,2019-09-06
HAIM,60,2019-07-31
The Made and The Born,16,2019-07-05
Lost Stars,17,2019-07-05
A R I Z O N A,53,2019-07-25
ayokay,38,2019-08-09
Romance and Rebellion,25,2019-09-13
COIN,68,2017-04-21
FLETCHER,71,2019-08-16
Chelsea Cutler,62,2019-09-27
Junge Junge,5,2015-03-02
Alesso,48,2014-12-08
Imagine Dragons,2,2015-01-26
Robin Schulz,59,2015-07-17
Louis The Child,2,2015-09-09
Bob Marley & The Wailers,11,2014-09-22
James Hersey,16,2015-08-28
Imagine Dragons,7,2015-03-27
Broiler,6,2014-11-10
ODESZA,43,2014-10-13
Syn Cole,2,2015-04-29
Lea Rue,40,2015-07-10
Yelhigh,1,2014-03-03
Kodaline,51,2015-03-06
Tom Odell,45,2014-09-23
Benjamin Francis Leftwich,48,2014-01-01
Damien Jurado,56,2014-10-17
Santa Maradona F.C.,8,2014-10-17
Lost Frequencies,51,2015-07-10
BUNT.,30,2014-10-17
Urban Cone,2,2015-04-24
Petit Biscuit,77,2015
Seinabo Sey,3,2015-06-05
Halsey,3,2015-03-03
Diviners,53,2015-03-26
Porter Robinson,41,2014-12-19
Tez Cadey,69,2015-01-26
Lykke Li,47,2014-09-16
Carly Rae Jepsen,0,2015-09-18
Gostan,5,2014-11-28
Jake Isaac,36,2015-01-13
filous,53,2015-07-17
Kelvin Jones,51,2015-10-02
Alex Vargas,27,2015-06-26
Astrid S,3,2015-05-12
K-391,0,2015-03-18
Antoine Malye,1,2014-11-21
Kafka Tamura,1,2015-07-24
Clément Bcx,25,2015-11-06
Stonefox,0,2014-11-12
Sebastien,29,2015-04-02
James Hersey,46,2015-01-13
Ferdinand Weber,2,2015-06-01
Duke Dumont,15,2014-01-01
Duke Dumont,17,2015-07-31
Kill Paris,2,2015-07-06
On June,5,2015-10-30
Matoma,58,2015-12-01
Robin Schulz,60,2015-09-25
Lea Rue,27,2015-12-15
Christina Perri,38,2014-11-04
Eklo,33,2015-06-25
Napkey,37,2015-11-13
FDVM,26,2015-11-27
Cape Cub,43,2015-10-06
Zwette,2,2015-03-23
The Avener,2,2015-11-06
Topic,54,2016-01-19
BCX,37,2015-04-27
Rust,23,2015-08-07
Lauren Aquilina,1,2016-01-29
Sam Feldt,2,2016-02-05
Tep No,3,2016-01-18
WDL,5,2016-01-28
Glades,44,2016-01-21
Seeb,12,2016-03-11
A R I Z O N A,51,2016-01-15
A R I Z O N A,40,2016-01-15
Kygo,64,2016-04-01
Armin van Buuren,18,2015-07-06
Chelsea Cutler,46,2015-12-24
Bjonr,2,2015-11-13
Astrid S,4,2016-05-06
Tom Redwood,48,2016-04-01
Fullife,23,2015-10-01
Cappa,1,2015-11-05
Lost Frequencies,30,2016-06-03
Kiiara,56,2016-03-09
Bergs,1,2016-02-12
Matoma,59,2016-06-24
Maybon,21,2015-10-11
Hyperion,18,2015-09-17
Jonas Blue,21,2016-06-03
Gabrielle Aplin,41,2016-02-12
Christopher,41,2016-06-23
Klingande,26,2016-02-26
OMI,29,2016-03-04
Matt Simons,46,2016-08-26
Kenn Colt,30,2016-07-15
SMOKN,26,2016-05-25
Madden,47,2016-09-09
Raise,20,2015-10-05
State of Sound,54,2016-09-30
Seeb,9,2016-10-14
Syn Cole,3,2016-08-19
Alok,52,2016-01-01
GAMPER & DADONI,53,2016-12-16
Y.V.E. 48,39,2016-12-29
A R I Z O N A,48,2017-01-20
Ludomir,28,2016-12-30
Lauv,81,2019-09-19
Sam Smith,91,2019-07-19
Boy Untitled,31,2019-09-23
MØ,45,2018-10-19
Diplo,80,2019-09-27
Charlie Puth,71,2019-09-12
Avicii,83,2019-06-06
Troye Sivan,75,2018-08-31
Valley Hush,29,2018-08-24
ODESZA,49,2014-09-08
Georgia,25,2018-11-01
AlunaGeorge,57,2016-09-16
Populous,31,2017-06-09
Camila Cabello,87,2019-09-04
Charli XCX,63,2019-09-13
Mura Masa,64,2018-06-14
Sango,36,2019-03-20
Chloe x Halle,49,2018-03-23
Miley Cyrus,81,2019-08-16
Lowen,27,2019-09-25
NIMMO,17,2018-03-08
RÜFÜS DU SOL,58,2018-10-19
Kygo,73,2019-05-23
MØ,49,2018-10-19
Buscabulla,0,2017-01-20
Boy Untitled,13,2019-04-05
Populous,37,2017-06-09
Sabrina Claudio,60,2018-04-04
Mura Masa,61,2018-08-02
Jonas Blue,76,2019-09-06
Dillon Francis,62,2015-08-14
Elderbrook,31,2018-11-27
Gilligan Moss,30,2018-04-19
Louis The Child,51,2015-10-22
Obongjayar,41,2018-11-27
Sango,41,2017-03-15
Betty Who,48,2017-03-24
Tove Lo,64,2019-09-20
Charlie Puth,74,2019-08-21
Boy Untitled,5,2018-08-17
Troye Sivan,67,2018-08-31
Esbie Fonte,16,2019-09-13
Charli XCX,55,2019-09-13
Cub Sport,42,2019-01-18
Boy Untitled,6,2019-07-12
Lauv,79,2018-09-27
Kygo,81,2018-10-26
Noah Kahan,65,2018-01-12
Halsey,87,2019-09-13
MØ,71,2016-05-13
ODESZA,67,2014-09-08
Polo & Pan,65,2017-05-19
ODESZA,54,2014-09-08
Morgan Saint,40,2018-10-05
LÉON,51,2019-08-02
VÉRITÉ,62,2016-09-09
flor,62,2019-09-06
Great Good Fine Ok,57,2019-12-27
Phoebe Ryan,58,2018-06-08
Transviolet,51,2015-09-18
Lostboycrow,57,2017-05-05
XYLØ,61,2019-05-31
Luna Shadows,45,2019-07-29
Glades,44,2018-11-02
Handsome Ghost,50,2018-03-09
St. Lucia,58,2016-01-29
Betty Who,52,2017-03-24
Fickle Friends,52,2018-03-16
MisterWives,62,2015-02-24
EXES,56,2017-06-02
Panama Wedding,46,2014-01-01
FRENSHIP,73,2016-09-02
Paperwhite,43,2017-05-11
VHS Collection,53,2017-05-25
Allie X,66,2019-12-06
RAC,53,2014-01-01
Broods,60,2019-02-01
Mating Ritual,51,2017-06-09
Scavenger Hunt,39,2017-12-22
Ryn Weaver,53,2018-09-14
The Colourist,46,2013-10-28
Smallpools,61,2017-06-09
Penguin Prison,49,2018-02-09
Elohim,60,2019-04-26
Nightly,61,2019-05-24
Ralph,46,2019-07-03
Ella Vos,61,2018-12-07
courtship.,52,2018-05-11
machineheart,44,2016-09-09
Kiiara,61,2015-10-26
The Mowgli's,59,2018-08-17
The Knocks,55,2019-06-21
Magic Man,43,2013
XY&O,39,2017-03-10
Parade of Lights,48,2015-06-02
Terror Jr,56,2016-10-21
Goldroom,50,2016-09-23
Mothica,56,2016-07-01
Wrabel,66,2017-07-27
Grizfolk,56,2015-12-04
ASTR,51,2014-03-11
The Griswolds,52,2016-11-11
Valley,61,2019-09-17
Charlee Remitz,32,2019-09-20
Foreign Air,61,2015-11-17
Chelsea Lankes,37,2016-04-08
Anna of the North,59,2017-09-08
POWERS,57,2017-02-24
Savoir Adore,46,2012
Zella Day,63,2015-01-01
LÉON,69,2019-03-01
WALK THE MOON,82,2014-12-02
RKCB,57,2017-11-03
joan,60,2018-03-21
Lights,48,2016-04-08
Vinyl Theatre,55,2014-09-23
CRUISR,54,2014
Bad Suns,62,2014-07-01
Young Rising Sons,51,2017-03-03
Emily Vaughn,44,2017-10-27
So Below,40,2018-03-09
Lucy Neville,44,2017-09-08
Bleachers,65,2014-07-11
Youngblood Hawke,51,2012-01-01
Myzica,23,2016-09-09
HOLYCHILD,47,2014-08-25
Knox Hamilton,48,2017-03-10
Boh Doran,30,2019-10-18
kwassa,45,2017-03-10
Night Riots,50,2017-03-07
Carlie Hanson,61,2019-11-22
EZI,51,2019-02-14
Vacation Manor,55,2016-04-23
Grace Mitchell,55,2017-01-13
Andrew McMahon in the Wilderness,60,2014-10-14
The Aces,39,2018-04-06
The Band CAMINO,67,2016-04-01
Evalyn,43,2017-02-13
Brett,40,2016-08-26
The Runaway Club,35,2014-03-04
Hotel Apache,44,2017-06-12
Whethan,69,2016-10-21
Hunter Hunted,40,2015-07-10
Patternist,36,2019-09-06
Kailee Morgue,59,2018-08-24
EZA,40,2015
FLETCHER,74,2019-08-16
Young Summer,36,2019-10-18
Max Frost,61,2016-10-14
Catey Shaw,48,2014-11-27
The xx,72,2009-08-16
The xx,66,2009-08-16
Electric Guest,44,2012-04-23
Electric Guest,51,2017-03-31
Electric Guest,39,2017-03-31
HONNE,61,2016-07-13
Oh Wonder,4,2015-09-04
The xx,43,2009-08-02
alt-J,59,2012-05-28
Metronomy,69,2011-04-11
ODESZA,54,2017-09-08
Two Another,10,2016-03-11
Foals,59,2015-08-28
Maribou State,56,2015-06-01
Jungle,42,2018-07-26
Portugal. The Man,60,2013-05-31
Tom Misch,50,2018-04-06
The Kooks,4,2014-01-01
Flitz&Suppe,50,2018-08-08
Oh Wonder,49,2015-09-04
Pandrezz,53,2018-06-20
Tom Misch,53,2015-08-28
Tom Misch,67,2018-04-06
Foals,70,2013-02-11
Two Door Cinema Club,41,2016-10-14
Two Door Cinema Club,60,2012-09-03
The Black Eyed Peas,1,2003-01-01
Parcels,62,2018-10-12
Flitz&Suppe,52,2016-10-31
Brian Bromberg,19,2007-02-20
Omaure,54,2018-08-08
Mansionair,4,2018-04-05
SUN SILVA,40,2018-09-03
Blue Wednesday,41,2018-12-12
Maverick Sabre,38,2018-12-07
Jungle,52,2018-05-08
Tom Misch,65,2015-08-28
Adele,51,2008-01-28
Jungle,62,2018-09-14
Tom Misch,56,2015-08-28
Oh Wonder,5,2015-09-04
Tom Misch,51,2016-05-23
Perquisite,38,2012-06-08
Anomalie,38,2017-12-08
Aso,46,2018-02-07
Julian Lage,45,2016-03-11
MOSSS,56,2017-06-16
Sunni Colon,53,2018-08-29
Loyle Carner,55,2019-02-28
alt-J,72,2012-05-28
alt-J,63,2012-05-28
Laura Misch,48,2018-02-06
Tora,42,2017-06-09
Tom Misch,52,2018-04-06
Tom Misch,43,2015-08-28
Parcels,60,2018-10-12
"Grover Washington, Jr.",66,1985
Eli Way,56,2019-03-20
Blue Wednesday,61,2019-03-20
Matt Quentin,58,2018-01-05
Maribou State,52,2018-09-07
Loyle Carner,54,2018-10-11
Loyle Carner,50,2019-04-19
Cory Wong,41,2018-08-17
FKJ,61,2017-03-02
HONNE,44,2016-07-13
HONNE,59,2016-07-13
Flitz&Suppe,41,2019-03-20
HONNE,65,2018-08-24
Blue Wednesday,34,2016-11-25
Blue Wednesday,43,2019-06-12
Dominic Fike,61,2018-10-16
HONNE,59,2016-07-13
Barney Artist,53,2018-10-03
Loyle Carner,53,2019-04-19
Nick Murphy / Chet Faker,55,2012-03-23
The xx,62,2009-08-16
Franc Moody,43,2018-03-27
Loyle Carner,50,2019-04-19
Jungle,52,2014-07-14
The Kooks,53,2019-06-21
Mac DeMarco,66,2017-05-05
boy pablo,68,2018-10-05
Franc Moody,56,2018-03-27
Joe Corfield,57,2018-03-21
Bob Moses,54,2018-09-14
The Kooks,52,2018-08-31
Leoniden,1,2017-02-24
Beck,59,2017-10-13
alt-J,50,2012-05-28
Electric Guest,26,2019-07-15
Jorja Smith,65,2018-06-08
John Mayer,74,2006-09-11
Tom Misch,47,2015-08-28
Franc Moody,46,2017-02-15
Tom Misch,54,2015-08-28
Jungle,56,2014-07-14
Myd,56,2017-10-13
Parcels,37,2017-06-21
Luke Robert White,45,2019-11-26
No Friends,46,2020-01-01
Neighbor Susan,41,2019-12-25
Banana Club,46,2020-01-07
Tessa Kaye,46,2020-01-09
Charlotte Rose Benjamin,42,2020-01-08
toast,44,2020-01-10
jame,44,2020-01-07
Aunty Social,43,2020-01-10
Artists for Peace and Justice,44,2020-01-10
Jac Ross,43,2020-01-10
Lawrence Rothman,45,2020-01-08
Sfven,42,2020-01-10
Keni,44,2019-12-13
Larry Smith,40,2020-01-01
Fortuno,43,2019-10-25
Cards,43,2020-01-10
I See Colors,43,2019-12-19
Telehope,37,2020-01-03
J.Pappas,40,2019-11-08
Fletcher Reed,41,2020-01-10
Tempi,38,2019-12-14
Marrakesh,45,2020-01-10
Dawson Hollow,38,2020-01-14
Noa Jamir,40,2019-11-18
Honey Butter,38,2019-12-02
Atlas in Motion,40,2020-01-01
AmirSaysNothing,38,2020-01-03
KAYE,40,2019-12-16
Freak Daddy,38,2019-12-25
DLG.,33,2019-12-25
Cadence Floria,40,2019-12-01
Mr. Popular,33,2019-12-26
Taura,38,2019-11-15
IOLITE,32,2020-01-03
Jackson Powell,41,2019-12-10
Ben Henchman,40,2019-12-18
Hunter Powell,36,2019-12-27
Poppy,36,2019-12-31
SAND&SEA,38,2020-01-03
Houston Kendrick,34,2019-12-27
Sophie Gray,36,2019-12-18
Redlight Blue,39,2019-12-16
Anju,35,2020-01-01
Sophie Holohan,39,2019-12-06
LAIKIPIA,36,2019-12-20
Blevins,34,2019-12-31
Dirty Chime,35,2019-11-08
Fili,38,2019-12-20
Luke Adamson,34,2019-11-29
Bex,36,2019-12-13
Palmertrees,37,2019-12-21
carwash,48,2019-11-05
Indyah,44,2019-12-13
Tommy Strauser,34,2019-10-25
Sunfish,32,2019-12-06
Stereo Jane,34,2019-11-15
Piperline,35,2019-12-16
Austin P. McKenzie,31,2019-12-13
Emmanuel Franco,35,2020-01-08
TIMIAN,34,2019-11-14
Innerbloom,42,2019-11-26
pink roses,41,2019-11-07
Cam M.,33,2019-11-02
Emily Lind,35,2019-11-21
Alan Zachary,33,2020-01-10
c7oud,30,2019-12-21
Oriel Poole,27,2019-12-31
Diplomacy,39,2019-10-18
Rayne,32,2020-01-03
HAVEN,45,2019-11-01
Nina Tribus,39,2019-11-22
Jungle Animals,31,2019-10-18
More Ease,37,2019-11-29
Berry Juice,36,2019-10-18
Kevin Krust,28,2019-12-13
Georgia Dutton,27,2019-12-19
Moonlight Social,33,2019-11-22
Heather Cole,34,2019-12-06
Simon Loof,32,2019-10-24
Jay Rose,35,2019-12-19
August Roads,32,2019-10-24
Liv Young,21,2019-12-20
Waxwane,31,2020-01-05
Isabella Hixson,32,2019-11-17
Tinley,26,2019-12-13
Sunny State,34,2019-10-25
audrey,21,2019-11-23
VÂN SCOTT,40,2019-11-01
Slight Diversion,22,2020-01-10
DARKMINDS,14,2019-11-14
Skyverse,18,2019-10-18
Swati Bhatt,28,2020-01-10
Funi,32,2019-12-06
RUFUS,37,2019-11-20
Dust of Apollon,29,2020-01-13
Peachro,20,2019-12-11
yaeow,21,2020-01-01
Casey Conroy,29,2020-01-10
Ella Renn,32,2019-10-18
Quinn XCII,67,2019-02-15
Blake Rose,69,2019-02-08
The Band CAMINO,66,2018-12-14
FLETCHER,66,2019-08-16
Big Wild,64,2019-02-01
A R I Z O N A,69,2019-10-11
The Unlikely Candidates,65,2019-03-22
SHY Martin,66,2018-12-07
ILLENIUM,64,2019-08-16
Felix Cartal,60,2019-02-14
ROZES,63,2019-01-04
COIN,65,2019-06-13
Loote,65,2019-06-14
Joel Adams,65,2019-03-01
Ella Vos,59,2019-01-18
Sure Sure,61,2019-06-27
Jai Wolf,63,2019-04-05
Palm Trees,52,2018-12-21
bülow,67,2019-04-05
BAYNK,54,2019-05-22
Stephen Puth,65,2019-03-01
AJR,56,2019-04-26
MISSIO,61,2019-04-12
RL Grime,59,2018-12-07
Lennon Stella,63,2019-03-15
Chelsea Cutler,65,2019-03-13
Mokita,60,2019-04-12
Sasha Sloan,66,2019-07-19
Emma Sameth,55,2018-12-19
Lost Kings,57,2019-01-18
3LAU,63,2019-03-01
Dan Talevski,57,2019-03-22
Boy In Space,68,2019-08-08
Alina Baraz,64,2019-02-08
Minke,46,2019-03-08
Carlie Hanson,55,2018-12-14
Grizfolk,53,2019-07-19
FRENSHIP,48,2019-05-17
The Japanese House,57,2019-03-01
Shallou,61,2019-02-28
Olivia O'Brien,61,2019-04-26
Tritonal,54,2019-06-14
Matt Maeson,56,2019-04-05
Julia Michaels,67,2019-06-28
Bad Suns,48,2019-03-22
Noah Kahan,64,2019-06-14
Kim Petras,59,2019-06-28
Fitz and The Tantrums,58,2019-09-20
Hey Violet,59,2019-04-12
Bea Miller,67,2019-06-21
WALK THE MOON,61,2019-01-11
Louis The Child,70,2019-11-06
DREAMERS,61,2019-04-26
Parachute,54,2019-05-10
flor,52,2019-09-06
Ashe,53,2019-02-14
Charlotte Lawrence,68,2019-07-19
Snakehips,56,2019-02-01
Robinson,52,2019-01-25
X Ambassadors,62,2019-06-14
Jon Bellion,59,2019-05-31
Vera Blue,58,2019-02-08
RITUAL,57,2019-01-23
Hayley Kiyoko,60,2019-10-11
ufo ufo,54,2018-12-14
Judah & the Lion,53,2019-08-07
The Driver Era,55,2019-06-28
Lola Blanc,62,2019-04-30
K.Flay,55,2019-07-12
Hoodie Allen,61,2019-08-16
Surfaces,69,2019-10-04
Anson Seabra,68,2019-01-11
Bronze Radio Return,49,2019-02-22
Will Taylor James,60,2019-02-22
grandson,60,2019-02-22
Christian French,68,2019-05-17
sapientdream,57,2018-12-14
Dabin,50,2019-03-22
Liv Dawson,57,2019-03-22
Grey,54,2019-01-10
Alison Wonderland,57,2019-04-04
SG Lewis,61,2019-08-09
Two Friends,51,2019-01-25
Maggie Rogers,63,2018-12-12
Gavin Haley,54,2019-10-18
The Score,65,2019-02-01
ROLE MODEL,61,2019-05-03
Seeb,60,2019-03-01
San Holo,57,2019-02-22
Maggie Lindemann,57,2019-03-22
DiRTY RADiO,34,2019-04-12
Hazey Eyes,48,2019-08-02
Foreign Air,49,2019-02-01
Cody Lovaas,57,2019-03-22
Jome,58,2019-04-12
OTR,59,2019-04-26
Terror Jr,54,2019-01-25
Jeremy Zucker,67,2019-07-26
Bea Miller,73,2018-02-23
Anna of the North,54,2019-10-25
Alexx Mack,17,2017-11-10
Coasts,42,2015-09-04
Matt Maeson,66,2019-04-05
Skylar Stecker,21,2017-10-27
Hedley,32,2017-09-29
The Colourist,39,2014-01-01
Dresses,29,2015-08-21
Paperwhite,40,2016-05-10
Youngblood Hawke,40,2013-01-01
BANNERS,74,2017-11-03
flor,57,2018-02-02
Young Rising Sons,50,2014-07-08
Grizfolk,53,2015-12-04
Knox Hamilton,44,2018-07-06
bülow,71,2018-06-08
Coleman Hell,43,2018-07-27
Jaymes Young,69,2017-06-23
Matt and Kim,65,2009-01-20
Kid Runner,30,2015-11-13
Judah & the Lion,65,2017-03-10
The Aces,36,2018-04-06
The Royal Concept,35,2013-09-11
Paperwhite,30,2018-11-16
Emily Vaughn,36,2019-02-15
MAGIC GIANT,51,2017-05-19
FRENSHIP,57,2017-01-27
Magic City Hippies,58,2015-07-24
Vinyl Theatre,46,2017-09-29
Coast Modern,57,2017-07-28
Hidinin,35,2016-07-25
Wild Party,54,2014-10-07
Andrew McMahon in the Wilderness,53,2017-02-10
Charlotte Lawrence,66,2017-10-20
The Mowgli's,58,2015-04-14
Grouplove,78,2011-09-02
Broods,56,2014-01-01
Charlee Remitz,19,2015-06-30
Nightly,50,2018-11-09
WALK THE MOON,65,2017-11-10
Grace Mitchell,46,2015-08-21
Joywave,56,2015-04-14
Fitz and The Tantrums,67,2013-05-07
New Politics,57,2013-05-17
Sir Sly,61,2017-06-30
XYLØ,54,2019-03-01
Atlas Genius,52,2015-08-28
Saint Motel,63,2016-10-21
Nightly,48,2018-11-09
Maty Noyes,61,2018-08-10
Emily Vaughn,33,2018-08-31
Secret Weapons,35,2017-08-18
MOONZz,45,2017-03-28
Smallpools,57,2015-03-24
Castlecomer,52,2018-10-05
CRUISR,47,2014
Great Good Fine Ok,46,2017-01-05
Air Traffic Controller,39,2012-06-26
Hunter Hunted,34,2015-07-10
Valley,53,2019-09-17
Parade of Lights,47,2015-06-02
Kid Runner,27,2016-07-29
Moon Taxi,61,2018-01-19
NVDES,40,2019-09-10
Victors,38,2016-10-14
Saint Motel,65,2014-08-16
Vacation Manor,51,2016-04-23
The Electric Sons,29,2015-11-14
Loote,54,2018-09-21
Coast Modern,63,2017-07-28
The Federal Empire,48,2019-07-12
Cash Cash,65,2018-04-12
VHS Collection,51,2016-09-30
Smallpools,56,2017-07-21
EZI,50,2018-01-12
Mako,50,2018-06-22
Lost My Name,4,2015-04-14
joan,52,2019-10-18
Alessia Cara,77,2016-03-11
Sia,14,2016
Mike Perry,73,2016-04-15
Timeflies,66,2016-03-18
Marc E. Bassy,3,2016-08-05
Hailee Steinfeld,13,2016-07-22
Jonas Blue,22,2015-12-04
Zara Larsson,12,2015-06-05
Digital Farm Animals,60,2016-09-02
Train,4,2016
Halsey,63,2015-08-28
Calvin Harris,77,2016-09-16
The Chainsmokers,85,2016-07-29
Little Mix,8,2016-10-16
Campsite Dream,55,2016-09-23
DJ Snake,21,2016-08-05
Dillon Francis,52,2016-09-16
Gavin DeGraw,51,2016-07-15
The Chainsmokers,70,2016-09-29
Bryce Vine,55,2014-04-15
Swanky Tunes,42,2016-08-19
Cash Cash,45,2016-06-24
Tungevaag,52,2016-09-09
Kings of Leon,22,2016-09-09
Klingande,47,2016-08-26
Snakehips,62,2016-07-15
Peg Parnevik,33,2016-09-23
Oceans,50,2016-08-26
Fifth Harmony,66,2016-05-27
Miss Li,41,2016-08-12
Sam Feldt,38,2016-07-22
Cheat Codes,56,2016-03-07
Kygo,61,2016-05-13
Sondr,43,2016-03-28
Phoebe Ryan,39,2016-07-08
Galantis,66,2015-06-05
Mike Posner,42,2016-05-06
Benny Benassi,37,2011
Aminé,4,2016-08-26
R. Kelly,9,2003-09-11
Gym Class Heroes,59,2011-11-15
Gavin James,51,2016-06-24
JP Cooper,14,2016-09-16
Seeb,57,2016-10-14
Maroon 5,11,2016-10-11
Starley,68,2016-10-18
Martin Jensen,15,2016-11-04
Maria Hazell,11,2016-09-09
The Vamps,4,2016-10-14
Gryffin,61,2016-08-26
NEIKED,51,2016-08-26
Sam Feldt,8,2016-10-07
Cheat Codes,9,2016-04-13
Mike Perry,55,2016-10-21
OneRepublic,63,2016-12-02
Lemaitre,28,2016-10-07
Avicii,78,2015-10-02
Bryce Vine,50,2014-04-15
Bryce Vine,48,2014-04-15
Bryce Vine,52,2016-09-30
Bryce Vine,0,2016-02-26
Sammy Adams,51,2014-06-23
Moguai,4,2015-09-11
Jonas Blue,58,2016-10-28
Peg Parnevik,47,2016-03-14
Peg Parnevik,38,2016-06-03
Kings of Leon,75,2008-09-23
Alessia Cara,64,2015-11-13
Avicii,43,2014-12-31
The Chainsmokers,60,2014-08-05
STRFKR,53,2013-02-12
Zion I,0,2009-01-26
Flo Rida,59,2011-08-29
DRAM,40,2016-09-09
Kaskade,19,2013-09-09
The Neighbourhood,1,2015-08-21
Sammy Adams,50,2013-05-28
Coldplay,77,2011-10-24
Vance Joy,78,2014-09-09
Tove Lo,65,2014-01-01
Tove Styrke,58,2015-03-31
Vanic,47,2016-09-16
Zella Day,59,2016-01-15
Flume,3,2016-05-27
Matoma,49,2016-06-24
Kid Cudi,69,2010-01-01
Jon Bellion,73,2016-06-10
Dirty Heads,54,2016-07-15
Maty Noyes,58,2016-10-28
Timeflies,1,2016-11-11
Elin Bergman,34,2016-11-04
Classified,47,2014-09-30
Alessia Cara,17,2016-10-28
Down With Webster,18,2013-12-17
ZAYN,76,2016-12-09
Timeflies,0,2016-08-26
Daya,70,2016-10-07
Oh Wonder,69,2020-01-03
The Mowgli's,57,2020-01-03
Chelsea Cutler,73,2019-11-01
lovelytheband,74,2018-08-03
Whethan,67,2018-11-09
Yoke Lore,50,2017-06-16
Jaymes Young,65,2017-06-23
Shoffy,63,2018-11-16
Sasha Sloan,73,2018-11-09
Bad Suns,62,2016-09-16
Saint Motel,61,2014-06-17
The Knocks,55,2018-09-28
Carly Rae Jepsen,76,2012-01-01
Loote,67,2018-06-15
Lost Kings,70,2019-01-18
Au/Ra,75,2018-02-09
American Authors,76,2014-01-01
j-hope,76,2019-09-27
Cheat Codes,64,2019-08-23
Halsey,77,2017-06-02
Drake,68,2016-05-13
The Chainsmokers,67,2019-07-24
David Guetta,5,2018-10-26
Daddy Yankee,87,2019-01-24
Jax Jones,62,2019-07-12
Axwell /\ Ingrosso,25,2017-05-24
Cheat Codes,70,2018-06-22
Selena Gomez,80,2018-05-10
The Chainsmokers,39,2019-05-31
Katy Perry,85,2019-05-31
Lauv,68,2018-05-31
Shawn Mendes,79,2018-05-25
Shawn Mendes,93,2019-06-21
Why Don't We,36,2019-03-20
Lil Nas X,40,2019-04-05
Ed Sheeran,90,2019-05-10
Bazzi,33,2019-04-04
Ava Max,83,2019-03-07
Ruel,56,2018-03-16
Shawn Mendes,84,2019-05-03
Taylor Swift,29,2019-04-26
BTS,85,2019-04-12
DJ Snake,9,2017-09-21
DJ Khaled,77,2018-07-27
Little Mix,70,2018-10-12
Jonas Blue,59,2017-07-14
Dua Lipa,83,2017-06-02
Ariana Grande,30,2019-01-18
Martin Garrix,76,2019-02-21
Post Malone,88,2018-12-14
The Chainsmokers,23,2019-02-07
Shawn Mendes,82,2017-04-20
Hailee Steinfeld,17,2018-01-12
Rita Ora,45,2017-10-20
David Guetta,72,2018-02-22
Marshmello,83,2018-02-09
Troye Sivan,12,2018-06-13
Jonas Blue,75,2018-10-05
Sigala,68,2017-06-09
Charlie Puth,74,2018-05-11
Katy Perry,60,2012-01-01
Katy Perry,74,2012-03-12
Pitbull,77,2014-11-21
Bebe Rexha,80,2018-06-22
Charlie Puth,69,2018-05-11
Tiësto,79,2018-05-18
Jonas Blue,76,2018-05-25
Clean Bandit,80,2018-05-17
Calvin Harris,85,2018-04-06
Martin Garrix,74,2017-05-26
Major Lazer,60,2015-06-01
Zara Larsson,69,2017-03-17
Maggie Lindemann,77,2017-03-02
Why Don't We,77,2019-05-16
Anne-Marie,64,2017-02-10
Jessie J,78,2014-10-14
Zedd,67,2015-05-18
Lauv,84,2019-08-02
Jack & Jack,79,2019-01-25
Tones and I,43,2019-05-10
Kygo,87,2019-06-28
Y2K,91,2019-06-28
Selena Gomez,86,2019-10-24
Lizzo,89,2019-10-25
Lizzo,51,2016-03-09
Dua Lipa,97,2019-10-31
Post Malone,51,2019-07-05
Imagine Dragons,83,2018-11-09
Alan Walker,71,2018-12-14
Panic! At The Disco,82,2019-11-15
Camila Cabello,94,2019-12-06
EDEN,76,2016-08-19
Cosmo Sheldrake,69,2018-04-06
The Weeknd,98,2019-11-29
Tyga,91,2019-11-13
Harry Styles,88,2019-12-13
Selena Gomez,88,2020-01-10
Quinn XCII,67,2020-01-10
Ella Vos,51,2020-01-10
Shallou,66,2020-01-10
Whethan,62,2020-01-10
JAYLIEN,53,2020-01-03
EDEN,63,2020-01-10
Zedd,58,2020-01-03
Grouplove,61,2020-01-08
Nightly,55,2020-01-10
Joywave,56,2020-01-07
WILD,57,2019-12-28
gnash,62,2020-01-10
Conan Gray,72,2020-01-10
Hayley Kiyoko,50,2020-01-13
R3HAB,62,2020-01-10
SHY Martin,66,2020-01-10
Jonah Baker,54,2020-01-03
Kodaline,67,2020-01-10
No Love For The Middle Child,51,2020-01-03
Echosmith,56,2020-01-10
The Chainsmokers,59,2019-11-29
flora cash,56,2020-01-10
prettyboyshav,48,2020-01-01
Transviolet,45,2020-01-03
Elley Duhé,57,2020-01-10
Galantis,57,2020-01-10
Winona Oak,57,2020-01-10
Kevitch,54,2019-12-29
Superheart,48,2019-12-30
Henry Park,44,2019-06-01
Caitlyn Smith,50,2020-01-10
chloe moriondo,57,2020-01-10
Amtrac,58,2020-01-03
RAT BOY,52,2020-01-03
Royal & the Serpent,48,2020-01-10
PVRIS,52,2020-01-10
Trove,50,2020-01-03
Set It Off,57,2020-01-03
guardin,55,2020-01-03
Devon Gilfillian,49,2020-01-10
ripmattblack,49,2020-01-08
EDEN KAI,48,2020-01-02
Sofi Tukker,9,2020-01-10
Cienfue,49,2020-01-03
A R I Z O N A,40,2020-01-02
Niykee Heaton,47,2020-01-01
Marianas Trench,47,2020-01-07
Yung Scuff,47,2020-01-02
Bohdi,44,2020-01-01
Gavin Haley,34,2020-01-08
Noah Neiman,48,2020-01-08
Walk Off the Earth,51,2020-01-03
COUNTERFEIT.,50,2020-01-03
PLVTINUM,55,2020-01-10
Beach Bunny,52,2020-01-10
Jake Isaac,48,2020-01-10
Jacquie,46,2020-01-10
blackbear,68,2020-01-16
Dexter,49,2020-01-10
Elijah Midjord,44,2019-12-30
Tove Lo,63,2020-01-15
Tori Templet,45,2020-01-03
Loote,52,2019-12-27
Marcus King,49,2020-01-10
Super Whatevr,46,2020-01-07
Brooke,37,2019-12-27
Gamma Skies,47,2019-12-13
COIN,54,2020-01-16
Adam Jensen,47,2019-12-23
Lauren Sanderson,49,2020-01-13
Blanks,49,2020-01-10
Jae Jin,41,2020-01-03
Ed Whicher,38,2019-12-20
MOTHXR,49,2016-02-26
Mattia Pironti,40,2020-01-03
Lizzy McAlpine,50,2019-12-19
Matt Walden,38,2019-12-27
Evie Clair,41,2020-01-01
All Harlem Music,41,2019-12-30
Cody Francis,42,2020-01-03
Miki Ratsula,38,2019-11-15
The Summercamp,41,2019-01-03
Jaymes Young,65,2019-07-12
The Chainsmokers,73,2015-06-16
Selena Gomez,68,2015-10-09
Of Monsters and Men,5,2015-06-05
Of Monsters and Men,4,2015-06-05
Of Monsters and Men,4,2015-06-05
Of Monsters and Men,3,2015-06-05
Of Monsters and Men,4,2015-06-05
Of Monsters and Men,0,2015-06-05
Of Monsters and Men,61,2012-01-01
Of Monsters and Men,75,2012-01-01
Shakira,2,2016-01-08
WALK THE MOON,9,2014-09-10
Clean Bandit,72,2014-01-17
Flo Rida,76,2015-04-07
DNCE,10,2015-10-23
The Chainsmokers,81,2016-02-05
Daya,11,2015-09-04
Daya,5,2015-09-04
Twenty One Pilots,83,2015-05-15
Lin-Manuel Miranda,69,2015-09-25
Renée Elise Goldsberry,68,2015-09-25
Lin-Manuel Miranda,65,2015-09-25
Leslie Odom Jr.,66,2015-09-25
Leslie Odom Jr.,64,2015-09-25
Alan Silvestri,45,2013-03-15
Loonie,50,2013-01-01
Twenty One Pilots,81,2016-06-16
Alessia Cara,73,2015-11-13
Calvin Harris,79,2016-04-29
Shawn Mendes,13,2016-06-03
Cash Cash,7,2016-09-02
Ariana Grande,79,2016-05-20
Coldplay,71,2016-03-25
Imagine Dragons,14,2012-09-04
American Authors,16,2014-01-01
Kungs,8,2016-02-19
Anthem Academy,0,2015-06-15
Hailee Steinfeld,0,2016-07-15
Delta Rae,44,2015-04-07
Woodlock,19,2015-09-18
Dresses,33,2015-10-23
Sawyer Fredericks,43,2016-05-13
Built By Titan,30,2015-10-12
Gentle Bones,38,2015-09-11
Imaginary Future,33,2015-03-24
Walk Off the Earth,45,2015-06-12
The Cocktails,34,2011-12-09
Andrew Simple,0,2016-04-22
SafetySuit,42,2015-10-23
Charles William,5,2015-03-23
WILD,9,2015-12-16
The Strumbellas,8,2016-04-22
The 1975,63,2016-02-26
BØRNS,54,2015-10-16
Rachel Platten,64,2016-01-01
Graham Colton,50,2016-03-04
Jacob Whitesides,0,2015-10-23
P!nk,70,2016-04-15
Twenty One Pilots,81,2015-05-15
Like Swimming,13,2015-09-11
Sara Hartman,1,2015-11-13
Christian Burghardt,30,2014-07-17
Wolfside,17,2016-02-05
Catey Shaw,27,2014-09-09
Oh Honey,0,2015-03-23
Regina Spektor,50,2016-08-05
Valley,0,2015-04-22
The Tragic Thrills,0,2014-09-30
Connell Cruise,36,2015-02-24
Ezra Vine,60,2014-09-05
Carly Rae Jepsen,62,2015-08-21
Panic! At The Disco,72,2013-10-04
Simple Plan,41,2016-03-25
Machine Gun Kelly,6,2016-10-14
Sheppard,13,2014-01-01
The Hunts,44,2015-06-09
LEVV,16,2015-09-11
Grant Terry,0,2014-05-06
The Ransom Collective,42,2014-09-20
R. City,73,2015-10-09
Icona Pop,66,2012-06-19
Charli XCX,46,2014-12-15
Gwen Stefani,51,2004-10-27
Little Big Town,0,2016-10-20
Firewoodisland,11,2016-04-22
St. Lucia,10,2016-02-19
Trevor Dahl,0,2015-11-27
Lion-S,13,2016-07-05
Tall Tree Tales,17,2016-04-04
Kacey Musgraves,52,2015-06-23
Ivory Layne,40,2014-08-19
WALLA,49,2015-01-19
Matthew Mole,16,2014-02-24
The Colourist,0,2015-07-31
Ryan Cabrera,30,2014-10-22
Passion Pit,68,2012-07-20
Foster The People,74,2017-07-21
HUNNY,63,2016-04-08
DREAMERS,61,2016-08-26
Lauv,62,2018-05-31
Cage The Elephant,72,2015-12-18
Oh Wonder,66,2015-09-04
BØRNS,75,2015-10-16
Cold War Kids,67,2014-10-31
Foster The People,83,2011-05-23
MGMT,76,2007-12-14
Arctic Monkeys,66,2007-04-24
M83,71,2011
Young the Giant,66,2016-08-12
Mt. Joy,64,2017-01-18
Lewis Del Mar,57,2016-10-07
Eden Project,52,2016-05-13
The Band CAMINO,55,2017-05-12
Seafret,64,2016-01-29
Jaymes Young,66,2014-09-28
Brandyn Burnette,41,2015-11-13
Sundara Karma,47,2017-01-06
Night Riots,38,2017-03-07
Cold War Kids,61,2017-04-07
Young the Giant,64,2011
Grouplove,53,2017-08-17
Grouplove,55,2017-08-17
MGMT,77,2007-12-14
Franz Ferdinand,73,2004
DREAMERS,56,2016-08-26
Weezer,57,2017-10-27
Weezer,75,2001-05-15
Cage The Elephant,68,2015-12-18
The Neighbourhood,81,2013-04-19
WALK THE MOON,59,2017-11-10
The Revivalists,69,2015-07-15
Wallows,68,2017-04-12
Young the Giant,60,2016-08-12
The Wrecks,57,2017-02-10
Poolside,63,2019-07-24
Mike Mains & The Branches,35,2014-02-18
Mike Mains & The Branches,32,2019-04-05
Mike Mains & The Branches,33,2019-04-05
Adam Jensen,55,2017-04-20
alt-J,73,2012-09-18
Grace VanderWaal,63,2016-11-18
Lemaitre,40,2013-03-04
Lemaitre,0,2010-12-20
Lemaitre,0,2010-12-20
Two Door Cinema Club,0,2010-04-20
Phoenix,2,2009-01-01
Phoenix,57,2000-03-06
Le Youth,51,2013-06-28
Goldroom,36,2012-11-04
Chromatics,0,2013-05-17
Ella Henderson,50,2014-06-06
CHVRCHES,3,2013-01-01
Washed Out,4,2010-03-01
Nick Murphy / Chet Faker,61,2014-04-14
Nick Murphy / Chet Faker,44,2014-04-14
Glass Animals,7,2014-05-30
Goldroom,2,2013-09-09
Benjamin Francis Leftwich,48,2014-09-22
Panama Wedding,0,2014-01-01
Shift K3Y,30,2015-04-10
Marvin Gaye,53,2015-04-27
Porter Robinson,0,2014-01-01
Shura,0,2015-03-10
Shura,0,2014-01-01
Fryars,0,2014-07-21
Purity Ring,0,2014-12-04
Young Empires,0,2015-02-20
Tuxedo,1,2014-11-17
Chromeo,42,2014-05-07
Blonde,43,2015-04-19
Ben Khan,34,2014-05-05
Joe Hertz,0,2013-11-10
Banoffee,33,2015-10-02
Låpsley,45,2015-08-20
Carmada,37,2014-12-05
LANY,0,2014-04-22
Tom Aspaul,22,2013-10-14
JOY.,0,2014-10-28
Wet,2,2015-04-22
Elli Ingram,26,2013-01-01
Halsey,1,2015-03-03
Scavenger Hunt,30,2015-01-09
Panama Wedding,0,2015-01-01
Panama Wedding,0,2015-11-06
DWNTWN,12,2012-11-13
Troye Sivan,1,2015-09-04
The 1975,37,2015-12-11
Great Good Fine Ok,35,2014-10-07
Great Good Fine Ok,34,2014-10-07
ASTR,43,2014-01-21
BANKS,57,2013-08-13
Yeah Boy,23,2015-07-31
The Japanese House,0,2015-09-15
Electric Youth,0,2014
Darkly,0,2015-10-23
The Him,1,2015-11-30
Kasket Club,16,2015
machineheart,0,2015-03-19
Wonderful Humans,15,2014-05-08
Aquilo,39,2015-05-11
Dirty South,48,2015-04-28
Satchmode,21,2015-08-25
Anna of the North,53,2014-10-07
The Erised,24,2015-02-02
White Arrows,24,2014-09-16
Virginia To Vegas,29,2014-11-10
Ghost Loft,34,2015-02-10
Matthew Koma,30,2015-08-14
Flyte,0,2015-01-13
The Knocks,29,2014-11-04
Panama Wedding,0,2014-01-01
MUNA,0,2015-09-09
Lisbon,25,2014-12-01
Andrew Ripp,2,2015-10-16
Fred V & Grafix,0,2014-03-31
Paperwhite,29,2014-11-17
Great Good Fine Ok,22,2016-03-01
Alfie Connor,36,2015-12-11
Alfie Connor,24,2015-02-24
FRENSHIP,41,2014-06-03
Matoma,41,2015-10-16
LANY,0,2015-05-19
Olivver the Kid,32,2014-10-28
Duck House,18,2015-09-11
Shura,2,2016-02-18
LANY,3,2015-12-11
Crystal Bats,0,2013-12-16
St. Lucia,52,2013-10-04
Great Good Fine Ok,31,2014-10-07
Kaptan,0,2015-06-23
The Midnight,48,2015-11-28
The Midnight,1,2014-07-15
Viigo,44,2016-03-11
Greyson Chance,39,2015-10-29
Frida Sundemo,0,2014-05-05
Panama Wedding,0,2014-01-01
Great Good Fine Ok,33,2016-05-16
Capital Cities,45,2013
JR JR,26,2013-10-08
Of Monsters and Men,45,2012-01-01
Bad Suns,51,2016-09-16
Bad Suns,0,2015-01-30
San Cisco,34,2016-10-07
St. Lucia,37,2016-01-29
The Griswolds,17,2015-05-22
STRFKR,36,2008-09-23
Oh Wonder,0,2017-03-24
Wild Party,47,2014-10-07
The Killers,64,2013-01-01
The Strokes,61,2003-10-28
dodie,58,2016-11-18
Wild Party,46,2014-10-07
Jon Bellion,54,2014-09-23
Kina Grannis,43,2010
Gorillaz,75,2010-03-03
Chase Atlantic,69,2015-02-21
Adele,0,2008-01-28
Frank Ocean,65,2012-01-01
Childish Gambino,10,2014-10-03
FrankJavCee,45,2017-07-04
Mallory Merk,0,2016-08-21
Childish Gambino,0,2014-10-03
Childish Gambino,1,2014-10-03
Thomas Sanders,56,2017-07-27
dodie,58,2017-08-11
dodie,65,2017-08-11
dodie,54,2017-08-11
Troye Sivan,55,2015-12-04
"Tyler, The Creator",79,2017-07-21
Rex Orange County,81,2017-01-25
Declan McKenna,59,2017-07-21
Declan McKenna,50,2017-07-21
SZA,76,2017-12-15
Declan McKenna,68,2017-07-21
Rex Orange County,63,2017-04-26
Khalid,65,2017-04-27
Cyberbully Mom Club,39,2015-01-21
Billie Eilish,80,2017-12-22
Lorde,66,2013-01-01
Lorde,62,2017-11-10
Lorde,58,2013-01-01
Khalid,71,2017-04-27
Post Malone,78,2018-04-27
Soy Christmas,33,2016-12-06
Handsome Ghost,39,2015-03-10
SALES,52,2014-09-22
Watsky,22,2013-01-01
Khalid,75,2017-04-27
Daniel Caesar,79,2017-08-25
Tommy Newport,0,2018-10-12
dodie,58,2018-01-01
Khalid,67,2018-10-19
FINNEAS,77,2018-10-19
Rex Orange County,79,2017-03-22
boy pablo,70,2017-05-19
chloe moriondo,60,2018-07-31
Monsune,52,2017-10-13
Johnny Balik,55,2018-01-26
Muskoka,1,2016-08-29
chloe moriondo,48,2018-07-31
chloe moriondo,47,2018-07-31
Angus Maude,0,2017-09-22
Conan Gray,0,2018-10-26
Illa J,0,2018-11-16
Billie Eilish,76,2017-12-22
Omar Apollo,1,2017-08-08
boy pablo,68,2017-05-19
MAGIC!,39,2014-06-25
Lady Gaga,78,2018-10-05
Harry Styles,71,2017-05-12
Joji,76,2018-10-26
Aries,53,2018-04-11
boy pablo,65,2018-10-05
Dijon,67,2018-04-19
RIZ LA VIE,1,2017-01-17
Phum Viphurit,67,2018-03-22
Dijon,57,2018-09-20
Childish Gambino,2,2016-12-02
Khalid,72,2018-10-19
Andrew Bird,38,2008
Cobi,53,2016-05-06
"Tyler, The Creator",74,2017-07-21
Rex Orange County,59,2016-11-07
Rex Orange County,80,2017-10-11
Rex Orange County,75,2016-11-07
Rex Orange County,62,2017-04-26
Rex Orange County,64,2017-04-26
Frank Ocean,77,2016-08-20
Dijon,39,2019-02-06
Liltrxptendo,33,2018-10-24
Dijon,48,2017-10-18
Aeris Roves,49,2018-11-02
Pretty Lights,56,2013-12-10
Pretty Lights,36,2014-01-01
Galantis,72,2016-04-01
Galantis,74,2015-06-05
Vicetone,1,2015-02-02
Zara Larsson,14,2015-09-10
ZHU,44,2016-02-12
Lindsey Stirling,55,2012
Lindsey Stirling,51,2012
Hippie Sabotage,3,2014-03-11
Just A Gent,47,2014-10-17
ROZES,39,2015-08-24
Lost Kings,42,2016-11-18
Autograf,40,2015-10-06
Lostboycrow,18,2016-10-21
Jane XØ,39,2016-11-11
What So Not,62,2013-10-08
What So Not,57,2015-04-03
Zeds Dead,58,2016-10-14
NGHTMRE,63,2016-10-26
Alison Wonderland,44,2015-03-20
Louis Futon,47,2016-02-12
San Holo,68,2017-02-10
San Holo,63,2015-02-23
Macklemore & Ryan Lewis,39,2012-10-10
Swedish House Mafia,67,2011-05-13
RAC,49,2014-01-01
Strange Talk,0,2014-04-29
Panama Wedding,0,2015-11-06
Magic Man,53,2014-07-07
Pacific Air,25,2013-01-01
Pacific Air,19,2013-01-01
Pacific Air,26,2013-01-01
Flux Pavilion,55,2015-09-18
Manila Killa,9,2016-07-19
Danrell,37,2017-02-20
Zeds Dead,44,2016-10-14
Flo Rida,76,2012-06-22
Snakehips,74,2015-10-21
Mako,16,2017-04-14
Zedd,74,2012-01-01
Zedd,62,2012-01-01
OneRepublic,70,2009-01-01
Calvin Harris,49,2014-10-31
B.o.B,40,2012-04-27
Bohdi,27,2017-03-30
Sigala,50,2017-02-03
Miami Horror,26,2015-04-07
Calvin Harris,74,2017-02-24
Lostboycrow,23,2016-01-15
Win and Woo,37,2016-09-01
Chelsea Cutler,23,2016-10-07
The Fray,74,2009-01-30
Whethan,53,2017-06-27
Alina Baraz,5,2017-01-20
A R I Z O N A,54,2017-05-19
Matt and Kim,45,2010-11-02
Matt and Kim,32,2012-10-02
Lostboycrow,10,2016-05-12
The Spacies,0,2016-10-25
Griffin Stoller,40,2017-01-23
French Montana,14,2017
MisterWives,54,2017-05-19
GRiZ,45,2016-09-23
GRiZ,42,2016-09-23
The Knocks,35,2016-03-04
GRiZ,38,2015-03-31
Manila Killa,43,2017-04-28
Hayley Kiyoko,32,2017-02-17
Far East Movement,40,2016-07-22
ayokay,43,2016-10-07
Dropout,30,2016-06-11
Penguin Prison,43,2015-05-01
Jamie xx,57,2015-06-02
ZHU,54,2014-09-15
Felix Cartal,0,2017-06-09
Major Lazer,2,2013-04-16
Smallpools,22,2017-09-22
NVDES,17,2017-07-20
Passion Pit,43,2009
The Temper Trap,64,2009-03-24
Digitalism,41,2014-05-06
Adventure Club,1,2013-10-22
RAC,31,2017-07-13
Elephante,0,2016-12-14
Griffin Stoller,42,2017-06-14
Gigamesh,0,2016-10-21
Smallpools,26,2017-10-27
Chet Porter,0,2016-04-14
CAZZETTE,32,2017-04-14
Smallpools,47,2017-11-17
Max Frost,43,2015-09-25
Bad Feelings,20,2016-05-25
TENDER,34,2016-09-20
TENDER,48,2016-08-03
TENDER,48,2017-09-01
TENDER,43,2016-01-04
TENDER,22,2018-09-26
TENDER,28,2016-02-12
TENDER,35,2015-09-13
TENDER,29,2016-02-12
TENDER,26,2019-05-31
TENDER,32,2017-09-01
TENDER,25,2019-01-18
TENDER,37,2016-11-04
TENDER,34,2016-02-12
TENDER,39,2017-09-01
TENDER,25,2017-09-01
Claptone,43,2018-06-08
LEISURE,2,2016-10-21
LEISURE,2,2016-10-21
LEISURE,8,2017-09-08
Her,1,2016-01-15
Rhye,2,2013-01-01
Rhye,64,2013-01-01
Rhye,60,2018-02-02
Rhye,41,2018-02-02
Rhye,58,2018-02-02
Rhye,6,2013-01-01
Rhye,1,2018-02-02
Rhye,57,2013-01-01
Agar Agar,57,2016-04-22
Agar Agar,56,2017-02-08
Agar Agar,45,2018-09-28
Agar Agar,56,2016-09-28
Fishbach,33,2018-02-02
Fishbach,29,2018-02-02
Fishbach,31,2017-01-27
Billie Eilish,95,2019-03-29
Billie Eilish,97,2019-11-13
Billie Eilish,87,2019-03-29
Billie Eilish,84,2019-03-29
Billie Eilish,86,2019-03-29
St Francis Hotel,0,2016-12-02
Pale,39,2013-03-12
Sports,57,2015-07-24
Emmit Fenn,43,2017-06-21
Son Lux,59,2013-10-29
Jabberwocky,3,2014-01-01
Beasts With No Name,28,2016-06-06
Alex Da Kid,0,2017-02-24
Beach House,33,2015-10-16
Jacob Banks,3,2017-04-20
Tommy,26,2016-02-27
Kavinsky,58,2013-01-01
iiola,31,2018-07-06
Two Feet,2,2016-07-29
Two Feet,4,2017-05-19
Two Feet,5,2017-05-19
Two Feet,5,2016-07-29
Two Feet,13,2016-07-29
Two Feet,8,2016-07-29
Friends In Paris,45,2017-03-24
Cigarettes After Sex,3,2012-07-21
Cigarettes After Sex,38,2017-05-16
Cigarettes After Sex,61,2015
MILCK,52,2016-01-11
BØRNS,0,2018-01-12
Emmit Fenn,52,2015-11-12
Chromatics,56,2012-03-26
RY X,5,2016-05-06
Beach House,35,2015-10-16
Glass Animals,61,2014-06-03
Skott,42,2016-07-27
Elliot Moss,55,2015-07-06
Tash Sultana,7,2016-09-06
DARKSIDE,54,2013-10-04
Les Deux Love Orchestra,39,2008-01-01
DARKSIDE,49,2011-11-17
Elderbrook,12,2015-06-25
The xx,63,2017-01-13
Claptone,44,2018-06-08
Claptone,34,2018-06-08
Claptone,46,2018-06-08
slenderbodies,0,2018-07-20
EZA,2,2017-05-19
Tora,1,2017-06-09
Emmit Fenn,38,2017-06-21
LEISURE,10,2016-10-21
Mansionair,5,2016-10-17
Glass Animals,2,2016-07-18
TENDER,23,2018-09-26
Justice,44,2016-11-18
Two Feet,8,2017-11-10
Beach House,47,2015-08-28
Geoffroy,39,2017-03-10
slenderbodies,40,2017-11-08
Glass Animals,63,2016-08-26
Isaac Delusion,49,2017-04-07
Zola Blood,2,2017-05-26
TENDER,28,2018-10-31
Elliot Moss,56,2015-04-28
Astrid S,32,2015-10-23
Mike Posner,17,2015-07-24
Lady Antebellum,15,2010-01-01
Emile Haynie,0,2015-02-24
The White Raven,20,2014-06-02
gnash,4,2016-02-17
Sylvan Esso,0,2014-01-01
Matt Simons,11,2015-09-18
Michael Andrews,2,2002-04-02
Radiohead,3,1995-03-28
MARINA,53,2015-03-13
Fleurie,47,2016-01-01
Radiohead,45,2016-05-03
Paperwhite,18,2016-05-10
Paperwhite,17,2016-05-10
Paperwhite,19,2016-05-10
Paperwhite,27,2016-05-10
Clarens,11,2016-05-27
Gary Jules,70,2002-01-01
Otto Knows,57,2016-01-15
MNEK,0,2016-05-13
Jason Mraz,82,2008-05-12
Lily Allen,57,2009-11-16
Lykke Li,42,2008
Mike Posner,12,2016-08-19
Giraffage,0,2016-08-15
Bridgit Mendler,1,2016-08-26
Radiohead,0,2014-01-08
Young the Giant,23,2016-08-05
Linying,0,2016-09-30
Linying,0,2016-09-30
EDEN,1,2016-08-19
James Hersey,1,2016-08-19
Mansionair,3,2015-10-02
BANKS,1,2016-08-02
Natali Felicia,1,2015-08-05
Susie Suh,57,2014-05-19
Hana Oceans,2,2015-06-30
Astrid S,10,2016-05-20
FRENSHIP,5,2016-04-15
Agnes Obel,43,2016-10-21
Agnes Obel,60,2016-10-21
Agnes Obel,44,2016-10-21
Agnes Obel,52,2016-10-21
Agnes Obel,45,2016-10-21
Agnes Obel,37,2016-10-21
Agnes Obel,42,2016-10-21
Agnes Obel,38,2016-10-21
Agnes Obel,35,2016-10-21
Agnes Obel,42,2016-10-21
Daughter,40,2016-10-14
BANKS,1,2016-09-30
BANKS,0,2016-09-30
BANKS,3,2016-09-30
BANKS,1,2016-09-30
BANKS,0,2016-09-30
BANKS,0,2016-09-30
BANKS,0,2016-09-30
BANKS,0,2016-09-30
BANKS,0,2016-09-30
BANKS,0,2016-09-30
BANKS,0,2016-09-30
BANKS,0,2016-09-30
BANKS,0,2016-09-30
Tom Odell,63,2016-09-30
The Head and the Heart,0,2016-08-26
Tep No,39,2015-09-02
Trent Reznor and Atticus Ross,33,2016-10-28
Sigma,4,2016-11-04
The xx,7,2016-11-10
Kota Banks,2,2016-10-07
Gabrielle Aplin,0,2016-11-09
Maggie Rogers,0,2016-11-03
Aquilo,5,2016-11-11
MS MR,26,2015-07-24
Charlene Soraia,0,2015-09-11
Lights,33,2014-09-19
Norma Jean Martine,0,2016-11-25
Rhys,45,2016-11-25
Majik,0,2015-09-23
Kaleida,0,2015-11-03
Blue Hawaii,24,2013-03-05
Noah Cyrus,69,2016-11-15
Giulia Becker,25,2016-12-01
Sjowgren,12,2015-06-11
Luke Thompson,43,2015-04-09
Birdy,66,2015-08-06
Skott,0,2016-07-27
Låpsley,53,2016-03-04
Nick Broadhurst,1,2015-11-12
Jarryd James,5,2015-09-03
Mavrick,0,2016-08-31
lovelytheband,35,2017-09-22
Bayonne,0,2017-10-26
Vacation Manor,0,2016-04-23
Apollo LTD,0,2017-08-25
Fickle Friends,0,2017-08-15
Fickle Friends,0,2017-06-15
Roy English,24,2017-06-02
KYOTI,8,2017-11-22
Miami Horror,0,2015-04-07
Atlas Genius,25,2013-02-19
Clubfeet,0,2013-09-02
Ralph,35,2017-02-15
Ralph,34,2016-08-03
joan,58,2017-07-25
Goldroom,0,2016-09-23
Apollo LTD,0,2018-03-09
The Knocks,62,2018-03-09
The Aces,36,2016-05-17
Crush Club,12,2016-09-09
Sam Padrul,35,2017-01-02
Great Good Fine Ok,30,2018-07-13
joan,9,2017-01-24
Vacation Manor,3,2017-09-29
The Black Keys,59,2010-05-18
The Knocks,40,2018-08-17
Ralph,31,2018-08-22
Apollo LTD,0,2018-03-09
LANY,8,2018-07-17
Great Good Fine Ok,32,2018-10-12
kwassa,0,2017-03-03
Glades,16,2016-10-14
Fickle Friends,28,2018-09-06
POWERS,51,2015-10-16
The Colourist,29,2013-01-01
XY&O,18,2017-09-15
Lost Kings,49,2017-12-08
Captain Cuts,42,2016-10-13
Foreign Air,45,2016-08-26
No Rome,68,2018-08-28
Shura,44,2016-07-08
Friendly Fires,46,2018-04-05
Gorgon City,43,2018-08-10
Jai Wolf,30,2019-01-14
Atlas Genius,46,2019-01-18
morgxn,56,2018-09-21
Skogsrå,34,2013-12-22
!!!,52,2013
Zac Samuel,38,2017-03-24
Betty Who,37,2019-01-10
Hotel Apache,26,2017-09-22
LANY,5,2018-09-12
EMBRZ,36,2018-06-08
joan,50,2019-02-01
Manila Killa,35,2019-02-22
Robotaki,24,2019-03-01
Lauv,62,2018-03-29
Annie Lux,33,2018-11-16
flor,46,2018-12-21
LANY,63,2018-10-05
LANY,62,2017-06-30
Apollo LTD,0,2018-08-24
Glades,35,2015-10-07
Pelicandy,9,2019-03-20
The Peach Fuzz,41,2019-04-12
Havelock,33,2019-03-27
Faye Webster,27,2019-05-02
Georgia,24,2019-03-28
Liimo,20,2019-03-29
Pelicandy,14,2019-05-23
Pelicandy,10,2017-05-30
Ralph,36,2018-09-28
The Aces,28,2018-04-06
joan,47,2018-07-11
Roosevelt,21,2018-09-28
Sam Padrul,26,2018-12-22
The 1975,8,2018-10-18
Fickle Friends,34,2018-03-16
PREP,56,2018-11-09
PREP,59,2016-01-01
PREP,47,2018-10-26
The 1975,65,2016-02-26
Foster The People,73,2019-06-21
Dayglow,25,2018-09-28
Foley,40,2019-06-28
Bad Actor,33,2019-06-01
Years & Years,55,2019-02-14
Fickle Friends,35,2018-03-16
Fickle Friends,40,2018-03-16
CHVRCHES,38,2018-05-25
No Rome,46,2018-05-24
Sky Ferreira,49,2013-01-01
Future,93,2020-01-10
Roddy Ricch,98,2019-12-06
Mac Miller,73,2020-01-17
Lil Uzi Vert,91,2019-12-12
Eminem,79,2020-01-17
Lil Baby,81,2020-01-10
Rich The Kid,64,2020-01-17
DaBaby,93,2019-09-27
Polo G,60,2020-01-17
Eminem,71,2020-01-17
YNW Melly,90,2019-11-22
JACKBOYS,87,2019-12-27
DaBaby,86,2019-09-27
2 Chainz,63,2020-01-17
Lil Baby,88,2019-11-08
Juice WRLD,92,2019-10-04
Flipp Dinero,80,2019-11-15
Roddy Ricch,84,2019-12-06
Trippie Redd,82,2019-11-12
Young Thug,86,2019-11-01
Baby Keem,83,2019-07-19
Roddy Ricch,83,2019-12-06
DaBaby,88,2019-09-27
Young Thug,82,2019-12-20
Stunna 4 Vegas,81,2019-11-08
Tee Grizzley,56,2020-01-17
Don Toliver,92,2019-05-29
Internet Money,83,2019-10-11
NLE Choppa,80,2019-12-10
Smokepurpp,74,2019-12-11
Moneybagg Yo,73,2020-01-03
YoungBoy Never Broke Again,84,2019-10-11
NLE Choppa,77,2019-12-06
Travis Scott,89,2019-12-27
Trippie Redd,83,2019-11-22
21 Savage,83,2019-10-31
YNW Melly,78,2019-11-22
Rod Wave,70,2019-11-01
A Boogie Wit da Hoodie,79,2019-11-15
Rich The Kid,75,2019-12-06
Lil Mosey,52,2019-06-07
Kash Doll,73,2019-10-18
Lil Tjay,78,2019-12-13
Russ,82,2019-10-18
Pardison Fontaine,72,2019-11-15
Fivio Foreign,73,2019-11-13
Pop Smoke,76,2019-07-26
Tyla Yaweh,77,2019-09-27
Don Toliver,83,2019-12-27
Kanye West,85,2019-10-25
DAO,35,2020-01-17
7apes,54,2018-08-19
FloFilz,53,2020-01-08
Summers Sons,33,2020-01-17
Funky Notes,56,2019-05-03
Testiculo y Uno,56,2019-12-18
Wun Two,44,2020-01-10
j'san,65,2018-04-26
Finesse,43,2020-01-07
LESKY,41,2020-01-15
Knowsum,31,2020-01-17
Fractite,31,2020-01-13
Leyze,43,2020-01-10
Green Assassin Dollar,44,2020-01-09
Beaumont,35,2020-01-13
No Spirit,60,2019-12-11
Katashi Kaitō,47,2020-01-03
Oilix,15,2019-02-26
Saib,59,2019-03-08
Gyvus,62,2018-06-23
Ozoyo,50,2019-12-27
Testiculo y Uno,48,2020-01-08
Funky Notes,56,2019-11-01
Cookin Soul,59,2019-12-18
Wun Two,56,2019-12-30
El Jazzy Chavo,41,2020-01-03
Moonspatz,44,2020-01-10
Max Keeble,40,2019-12-10
Knowsum,49,2019-12-25
Kevoe West,52,2019-12-06
Cap Kendricks,54,2019-12-20
DAO,61,2019-09-06
MF Eistee,53,2019-12-20
The Breed,49,2019-12-20
Burrito Brown,54,2019-10-06
Kazam,53,2019-12-18
Flughand,57,2019-11-20
Juan Rios,49,2019-11-11
digitalluc,57,2019-12-20
Melodiesinfonie,57,2019-12-20
Figub Brazlevic,53,2019-12-20
Moods,57,2019-12-16
Robot Orchestra,52,2019-12-16
Phlocalyst,56,2019-12-20
Wun Two,52,2019-12-13
Konteks,52,2019-12-20
Nokiaa,56,2019-12-20
High John,52,2019-12-20
Made in M,56,2019-12-15
Mr. Collage,51,2019-12-12
Tru Comers,51,2019-12-11
damaa.beats,52,2019-12-06
Tom Doolie,52,2019-12-09
lōland,52,2019-12-13
Figub Brazlevic,54,2019-11-22
n o r m a l,17,2019-04-09
Nobodys Face,50,2019-11-22
Otis Ubaka,51,2019-12-03
Kid Tarô,51,2019-12-06
Oatmello,57,2019-12-11
Mr. Käfer,58,2019-11-11
lōland,53,2019-11-15
Andrew Applepie,53,2019-10-11
Konteks,60,2018-12-14
DAO,61,2019-11-15
Katashi Kaitō,52,2019-11-21
Ruck P,56,2019-04-15
Bluedoom,63,2018-08-30
Slowheal,54,2019-04-17
Jazzinuf,53,2019-10-09
Koralle,53,2019-09-04
potsu,12,2018-07-17
charlie toØ human,52,2019-10-08
Thelonious Coltrane,52,2019-07-30
keko.the.dog,50,2019-12-06
Cap Kendricks,50,2019-12-13
Marcos Caixa,50,2019-12-13
Green Assassin Dollar,50,2019-12-12
mädmäx,54,2019-12-13
Mr Mantega,49,2019-12-13
Jost Esser,49,2019-12-13
City Girl,61,2018-07-02
DLJ,57,2019-11-26
Phlocalyst,52,2019-11-15
Edward Sizzerhand,50,2019-11-29
SamuW,50,2019-11-29
Loop Schrauber,42,2019-11-13
Pandrezz,63,2019-03-20
Shuko,50,2019-11-29
Loop Schrauber,50,2019-11-27
Figub Brazlevic,50,2019-11-22
7apes,50,2019-11-20
Cap Kendricks,50,2019-11-29
Jr. Wellness,50,2019-11-29
High John,50,2019-11-29
Don Philippe,50,2019-11-24
Green Assassin Dollar,50,2019-11-29
Mr Mantega,51,2019-10-25
HNNY,58,2019-09-13
Freddie Joachim,52,2019-10-11
A L E X,61,2018-12-12
Guustavv,52,2019-09-13
Jobii,53,2019-07-12
biosphere,54,2018-06-03
Osoku,51,2019-09-13
H.1,11,2019-01-01
less.people,52,2018-07-16
goosetaf,51,2019-05-10
Chaxti,55,2019-10-11
beeno,11,2019-12-31
Flovry,55,2019-03-20
mr_slace,56,2019-09-12
Cozy Collective,50,2019-02-25
"Sarah, the Illstrumentalist",49,2019-09-13
fantompower,13,2019-02-20
Flughand,58,2017-09-08
Osoku,50,2019-11-08
Omaure,51,2019-05-02
Wenzel,57,2019-01-28
Guustavv,33,2019-11-22
Made in M,59,2017-07-31
Ameba,50,2019-02-27
Wun Two,11,2019-07-10
Zeus the Elevated,11,2019-01-31
Syndrome,50,2018-08-10
soder.,49,2018-11-21
fantompower,52,2019-03-20
Smoke Trees,49,2018-11-13
Arbour,65,2019-01-14
HM Surf,62,2018-04-03
Jobii,56,2019-04-26
Toonorth,53,2018-07-27
Tears,48,2019-03-08
Idealism,57,2018-01-28
chief.,52,2018-05-07
Meiji,48,2019-02-22
mell-ø,62,2019-02-01
Wun Two,50,2016-07-17
Psalm Trees,49,2018-03-23
Dontcry,58,2018-10-04
Lunchmoney,49,2018-07-03
Syndrome,57,2018-08-10
Knowmadic,50,2018-01-02
Casiio,49,2019-01-18
Musqitone,56,2019-04-26
twuan,48,2018-08-28
Smeyeul.,5,2018-05-11
Harris Cole,32,2018-05-29
Guustavv,53,2019-08-16
Snaer.,55,2018-08-20
leaf beach,50,2018-05-01
Made in M,51,2016-11-04
Bertholet,48,2018-07-02
Leavv,56,2017-12-31
xJK.,47,2018-08-24
Es-K,4,2018-09-09
Shrimpnose,47,2018-09-06
Vhsceral,48,2018-08-20
Manny,47,2018-08-15
Dweeb,6,2018-06-29
Misc.Inc,53,2018-04-20
enjo,49,2017-08-04
jrd.,47,2018-06-02
Arvo to me,48,2018-05-08
Delayde,49,2018-07-16
Philanthrope,55,2018-06-21
Karavelo,48,2018-08-15
wuf,48,2015-11-04
leaf beach,4,2017-12-18
asbeluxt,47,2017-07-14
Lungfulls,47,2018-05-08
Brenky,53,2018-03-16
.Sinh,49,2017-11-26
Sumwun,47,2018-03-12
jrd.,54,2018-08-05
chief.,49,2018-07-06
oofoe,49,2017-03-26
Lostiu.,47,2017-12-13
Chris Keys,47,2018-07-20
Cozy Collective,47,2018-07-25
organic_kid,47,2018-07-11
Chill Children,46,2018-07-28
Smeyeul.,47,2018-07-01
[bsd.u],50,2018-07-11
Wun Two,47,2018-05-27
Flynn,47,2018-07-17
less.people,47,2018-07-16
7apes,4,2018-05-22
Afluen,47,2018-07-06
Howiewonder,47,2018-07-10
Bonnaz,46,2018-05-30
mommy,47,2018-07-03
Saito,54,2018-01-30
Brenky,46,2018-06-08
Dust Collectors,47,2018-06-21
chief.,9,2017-12-09
Saiko,53,2018-04-13
jhfly,54,2018-03-23
BluntOne,47,2018-03-01
Smoke Trees,52,2017-11-03
Kaam Bhaari,53,2019-10-05
DIVINE,67,2019-10-09
Dino James,61,2019-12-06
Celina Sharma,55,2019-09-27
Prabh Deep,49,2019-05-13
Rahul Dit-O,43,2019-10-30
DIVINE,58,2019-09-13
DIVINE,57,2019-10-09
Raga,47,2019-05-03
DIVINE,47,2019-10-09
Raftaar,55,2019-02-12
Loka,46,2018-11-11
DIVINE,58,2019-10-09
Hiphop Tamizha,46,2019-09-20
Prabh Deep,44,2019-07-18
Raga,46,2019-01-25
Sikander Kahlon,39,2019-07-21
Fotty Seven,44,2019-07-12
Prabh Deep,40,2019-02-13
Karma,42,2019-03-01
Prabh Deep,46,2019-06-19
Chris G.,47,2018-11-05
Kaam Bhaari,44,2019-03-29
Ranveer Singh,54,2019-01-24
Sikander Kahlon,35,2019-05-06
Prabh Deep,45,2018-04-27
Hiphop Tamizha,48,2019-04-03
DIVINE,51,2015-04-16
Emiway Bantai,54,2018-10-10
Sez on the Beat,27,2018-12-13
Ranveer Singh,64,2019-01-24
Harihara Sudhan,35,2018-05-09
Raja Kumari,51,2017-10-04
Badshah,37,2018-08-17
Pam Sengh,35,2018-11-02
DIVINE,61,2018-06-22
Seedhe Maut,43,2018-12-28
M.C. Azad,32,2018-01-07
Sikander Kahlon,32,2018-02-02
Emiway Bantai,51,2018-07-27
Muhfaad,37,2016-12-02
Rob C,30,2017-07-15
BIR,31,2018-12-07
Anirudh Ravichander,44,2017-08-07
Naezy,13,2017-02-24
DIVINE,54,2017-02-17
KRU172,31,2018-08-25
Prabh Deep,27,2018-09-13
Gana Bala,33,2016-06-13
Naezy,44,2016-08-31
Sikander Kahlon,30,2018-01-25
Haji Springer,31,2019-01-10
Raga,31,2017-03-02
DIVINE,44,2018-07-27
Splash,30,2018-04-20
KKG,31,2018-05-26
Naezy,45,2017-11-04
Puma,38,2017-12-04
KKG,28,2018-08-30
DIVINE,48,2016-03-18
Feyago,29,2016-12-15
Muhfaad,35,2016-11-06
Prabh Deep,33,2018-12-27
Sikander Kahlon,29,2018-02-02
SwuM,64,2019-02-21
Delayde,63,2018-05-27
Slumberville,59,2019-08-30
mommy,64,2018-11-21
Hanz,59,2018-12-12
Rook1e,53,2019-12-31
MARTIN $KY,10,2019-03-16
Kavv,61,2018-12-20
Blue Wednesday,61,2019-03-20
H E R B,60,2017-11-11
Drevm,52,2019-12-31
Philanthrope,62,2018-12-10
Coastal,57,2019-11-16
Nohidea,57,2019-09-06
Idealism,57,2019-12-18
Middle School,59,2019-07-01
SwuM,55,2019-12-06
Guustavv,58,2019-02-22
MARTIN $KY,55,2019-01-23
Philanthrope,57,2019-10-28
Praizee,61,2019-02-12
SPEECHLESS,57,2019-11-22
Styn,54,2019-07-03
frumhere,59,2019-07-19
Kupla,63,2019-09-02
Nymano,61,2018-10-17
Statistix,61,2018-10-24
"Sarah, the Illstrumentalist",57,2019-05-31
Rook1e,57,2019-11-20
Psalm Trees,59,2019-10-21
Sofasound,57,2019-06-24
mt. fujitive,38,2019-09-03
mommy,56,2019-04-23
Psalm Trees,58,2019-08-30
Kupla,62,2019-02-25
Jorge Milliano,60,2019-09-13
Deauxnuts,58,2019-05-04
Dylan Sitts,58,2019-03-01
Two Sleepy,43,2020-01-07
Minthaze,55,2019-05-10
furino,54,2019-11-01
Hyperparadise,7,2019-03-27
Epektase,56,2019-11-22
Oatmello,56,2019-06-21
Sleepdealer,54,2019-11-26
"quickly, quickly",58,2019-07-02
.Sinh,55,2019-07-05
mr_slace,56,2019-04-20
fantompower,55,2019-11-25
Jazzinuf,52,2020-01-01
Kupla,58,2019-02-25
Lilac,56,2019-04-26
HM Surf,57,2018-10-13
_tag,62,2019-02-12
Miscél,7,2018-12-15
[ocean jams],60,2019-05-31
Aviscerall,58,2019-08-14
Lo'fi Boy,59,2019-11-22
Dontcry,59,2019-10-28
Fallen Roses,55,2020-01-03
NAGASHI,62,2018-10-18
Sleepy Fish,61,2019-03-20
Ymori,13,2018-11-19
WYS,60,2019-12-29
Nathan Kawanishi,56,2019-09-06
Leavv,59,2019-04-17
goosetaf,52,2019-12-27
Knowmadic,64,2019-01-07
invention_,60,2019-03-20
Slumberville,55,2019-11-22
Mujo,50,2019-12-19
twuan,58,2019-05-07
Harris Cole,57,2019-09-06
DAO,56,2019-07-05
Koosen,56,2020-01-10
"Sarah, the Illstrumentalist",52,2019-11-08
Justnormal,60,2019-10-18
Jobii,61,2019-04-26
Rajstar,50,2020-01-03
Kupla,58,2019-06-27
Ymori,52,2019-11-20
Yasper,57,2019-07-08
chief.,62,2018-08-08
.Sinh,50,2019-12-27
Barnes Blvd.,62,2018-08-08
Justnormal,60,2019-06-21
n o r m a l,57,2019-06-25
Glimlip,54,2019-10-23
Fallen Roses,52,2020-01-10
autumn keys,57,2019-03-01
frumhere,58,2019-08-30
Lusca061,45,2020-01-10
Deauxnuts,50,2019-12-19
Mac Miller,73,2020-01-17
1takejay,63,2019-11-15
Lil Tjay,79,2020-01-01
Stunna 4 Vegas,59,2020-01-17
JACKBOYS,84,2019-12-27
Tyga,91,2019-11-13
Carnage,69,2020-01-10
Lil Tecca,72,2019-12-16
Trippie Redd,77,2019-11-22
Quin Nfn,64,2019-10-25
Roddy Ricch,80,2019-12-06
Flipp Dinero,67,2019-11-22
Eminem,75,2020-01-17
Yung Gravy,56,2020-01-17
Quando Rondo,69,2020-01-03
Mustard,90,2019-06-28
Mac Miller,72,2020-01-17
Young Thug,78,2019-12-20
Drake,77,2019-09-13
N7,44,2020-01-16
Bankrol Hayden,67,2020-01-10
KILLY,62,2019-12-24
bbno$,68,2019-11-08
Post Malone,46,2019-09-06
24kGoldn,75,2019-11-22
NGHTMRE,67,2019-11-15
6ixbuzz,54,2019-12-13
Moneybagg Yo,70,2020-01-10
Post Malone,44,2019-09-06
Smokepurpp,62,2019-12-13
French Montana,75,2019-12-06
Pop Smoke,59,2020-01-16
bbno$,70,2019-11-08
Jordan Solomon,46,2019-11-08
JACKBOYS,82,2019-12-27
Lil Tecca,70,2019-08-30
Lil Mosey,41,2019-11-05
YBN Almighty Jay,45,2020-01-17
anders,54,2019-10-17
Yung Pinch,72,2020-01-03
Boslen,43,2019-12-03
Moneybagg Yo,69,2020-01-10
Why G,50,2019-11-29
T.R.U.,68,2020-01-07
Mata,52,2020-01-17
Szpaku,62,2020-01-10
Bedoes,70,2019-11-29
Kizo,58,2019-12-30
Mata,71,2019-12-12
White 2115,61,2019-12-20
Kali,54,2019-12-20
Szpaku,65,2019-12-20
Pezet,63,2019-09-27
Kabe,42,2020-01-17
BORCREW,59,2019-12-17
Malik Montana,61,2019-09-27
Deemz,61,2019-12-16
Oki,57,2019-12-27
Sobel,53,2019-11-23
Bedoes,65,2019-11-10
Sarius,58,2019-08-30
Żabson,61,2019-10-31
Kizo,45,2020-01-16
Jetlagz,60,2019-11-29
DZIARMA,54,2019-12-18
schafter,63,2019-11-06
Mata,49,2020-01-17
BORCREW,60,2019-12-06
Bedoes,64,2019-11-17
Tymek,57,2019-11-26
Otsochodzi,55,2019-12-18
Kizo,59,2019-12-11
Qry,56,2019-11-13
Olszakumpel,56,2019-11-22
Wac Toja,53,2019-12-18
BORCREW,57,2019-11-29
White 2115,58,2019-10-20
Filipek,53,2019-12-20
O.S.T.R.,55,2019-12-26
schafter,60,2019-11-22
Bedoes,65,2019-10-28
BORCREW,55,2019-12-14
PlanBe,53,2019-12-17
BLACHA,58,2019-12-20
Tymek,70,2019-10-11
Malik Montana,59,2019-12-09
Otsochodzi,53,2019-12-04
Płomień 81,55,2019-11-28
Shellerini,56,2019-10-02
Trill Pem,66,2019-08-08
Żabson,63,2019-09-30
chillwagon,46,2019-09-17
schafter,55,2019-11-18
White 2115,58,2019-10-15
Lil Wayne,69,2008-01-01
T-Pain,76,2007-06-05
Trillville,56,2009-08-21
Nelly,13,2000-06-27
Waka Flocka Flame,74,2010-10-01
Drake,72,2010-01-01
T-Pain,67,2005
Yung Joc,65,2006-06-06
UGK,58,2007-08-07
Young Money,65,2009-01-01
Kanye West,11,2004-02-13
Twista,64,2004-01-27
Jeezy,64,2005
Mike Jones,62,2005-04-19
D4L,68,2005-11-08
Waka Flocka Flame,63,2010-10-01
Smilez and Southstar,46,2002-07-23
The Game,11,2005
Soulja Boy,6,2008-01-01
Lil' Troy,63,1998
Birdman,59,2006-01-01
Nelly,49,2005-01-01
OutKast,71,2003
Plies,65,2007-08-06
Hot Boys,47,1999-07-27
Dorrough Music,56,2009-07-24
Styles P,60,2002-01-01
Crime Mob,60,2004-07-13
Lil' Flip,60,2004-03-30
Big Tymers,48,2000-01-01
50 Cent,69,2003-02-06
Petey Pablo,53,2003
T.I.,74,2008-09-08
Rich Boy,56,2007-01-01
Big Tymers,60,2002-01-01
Lil Wayne,56,2008-01-01
Webbie,55,2008-02-25
Lloyd Banks,57,2004-01-01
Dem Franchize Boyz,60,2006-01-01
Cam’ron,65,2002-01-01
Lil Wayne,73,2008-01-01
Luniz,73,1995-01-01
Mike Jones,58,2005-04-19
50 Cent,3,2005-03-03
Nelly,61,2002-06-25
Gorilla Zoe,57,2007-09-24
Ja Rule,64,2000-01-01
J-Kwon,62,2004-01-25
50 Cent,45,2003-02-06
Memphis Bleek,54,2005-01-01
Gucci Mane,47,2009-12-07
Bone Crusher,54,2003-04-29
Kanye West,69,2004-02-10
The Game,55,2006-01-01
Waka Flocka Flame,65,2010-10-01
Young Buck,57,2004-01-01
Lil Wayne,58,2004-01-01
Twista,59,2004-01-27
Gucci Mane,52,2009-12-04
Chingy,67,2003-01-01
Jermaine Dupri,54,2001-10-30
Paul Wall,59,2005-07-19
Ying Yang Twins,55,2002-03-26
Drake,63,2010-01-01
E-40,61,2006-03-14
Diddy,67,2004-03-09
JAY-Z,47,1999-01-01
Nelly,12,2000-06-27
Kanye West,8,2007-01-01
Youngbloodz,68,2006-05-02
2Pac,77,1996-02-13
Lil Scrappy,54,2009-08-21
Yung L.A.,48,2008-01-01
Kanye West,9,2007-01-01
Lil Wayne,43,2009-01-01
Soulja Boy,76,2007-01-01
Three 6 Mafia,55,2006-06-20
Murphy Lee,49,2003-01-01
Jeezy,68,2008-01-01
Birdman,56,2009-01-01
Big Pun,65,1999-08-28
OutKast,66,2000-10-31
P$C,47,2005-08-23
Fabolous,61,2007-01-01
Cam’ron,59,2002-01-01
Ludacris,63,2000-01-01
Young Dro,56,2006-06-27
Akon,55,2006-01-01
Kanye West,8,2004-02-13
Boyz N Da Hood,52,2005-06-21
Jeezy,49,2005
Fat Joe,72,2001-12-04
Three 6 Mafia,60,2005-09-27
Cam’ron,55,2004-01-01
Dr. Dre,64,1999-11-16
Lil' Flip,52,2004-03-30
Trick Daddy,43,2001-03-20
Lil Scrappy,52,2006
Chingy,60,2003-01-01
Lil Wayne,71,2008-01-01
Drake,88,2019-06-15
Travis Scott,86,2016-09-16
DaBaby,87,2019-03-01
Lil Tecca,19,2019-05-22
Lil Uzi Vert,82,2019-04-09
J. Cole,82,2014-12-09
Lil Nas X,78,2019-06-21
Mike Stud,73,2015-10-30
KYLE,64,2017-06-09
Lil Uzi Vert,11,2017-03-24
Young Thug,83,2019-05-23
Rae Sremmurd,76,2015-01-06
21 Savage,80,2017-09-23
PnB Rock,70,2017-03-30
"Tyler, The Creator",84,2019-05-17
Logic,77,2018-03-09
NAV,79,2019-03-26
Rob $tone,77,2016-06-17
Mac Miller,77,2015-09-18
blackbear,3,2017-04-21
Travis Scott,77,2015-09-04
GoldLink,76,2017-03-24
Logic,73,2018-03-09
2 Chainz,74,2017-06-16
Waka Flocka Flame,60,2010-09-06
T-Pain,64,2017-05-26
Andy Mineo,60,2019-05-10
Rick Ross,69,2019-07-26
Kendrick Lamar,84,2017-04-14
Famous Dex,72,2017-10-20
G-Eazy,74,2014-06-20
Eminem,76,2018-09-19
Mike Stud,66,2016-01-12
Post Malone,5,2015-08-14
Ty Dolla $ign,48,2016-01-16
Kendrick Lamar,80,2017-04-14
Joey Bada$$,70,2017-04-07
Playboi Carti,0,2017-04-07
Kodak Black,52,2017-03-31
Megan Thee Stallion,79,2019-08-09
Lil Dicky,69,2015-07-31
Bryson Tiller,80,2015-10-02
Travis Scott,66,2016-02-06
Desiigner,72,2016-07-22
Jeremih,2,2015-10-30
Aminé,0,2017-05-26
Bryson Tiller,79,2015-10-02
Post Malone,1,2015-10-09
Future,4,2016-02-12
Big Sean,59,2014-01-01
Logic,3,2017-04-28
YBN Cordae,73,2019-07-26
Lil Dicky,70,2015-07-31
Post Malone,57,2017-06-16
Drake,17,2018-01-20
Khalid,63,2017-10-31
Logic,69,2017-05-05
Lil Dicky,77,2018-03-15
Kevin Gates,70,2016-01-29
Post Malone,14,2017-09-15
Fetty Wap,75,2015-06-29
Gucci Mane,63,2019-06-21
Future,69,2015-08-31
Childish Gambino,6,2013-01-01
KIDS SEE GHOSTS,74,2018-06-08
Fetty Wap,68,2015-09-25
Eminem,72,2018-08-31
G-Eazy,66,2015-12-04
YBN Nahmir,3,2017-10-20
Quality Control,59,2019-08-01
Logic,64,2014-10-21
Lil Uzi Vert,67,2015-12-18
Future,46,2017-08-04
Kodak Black,71,2015-11-13
Lil Dicky,63,2015-07-31
Bobby Shmurda,74,2014-07-25
G-Eazy,61,2017-04-11
Vince Staples,70,2015-06-30
Russ,70,2017-05-05
Drake,18,2018-04-06
ScHoolboy Q,67,2014-01-01
Rich Homie Quan,56,2015-02-10
Childish Gambino,5,2013-01-01
Young M.A,64,2016-05-20
Kendrick Lamar,68,2012
DeJ Loaf,68,2015-07-31
Vince Staples,1,2017-05-18
Ty Dolla $ign,50,2016-02-19
Futuristic,55,2015-12-25
Drake,69,2015-07-31
Andy Mineo,52,2018-09-21
Eric Bellinger,57,2015-07-31
Kendrick Lamar,73,2017-04-14
Rich Gang,69,2014-06-05
Drake,75,2015-09-20
Lil Yachty,54,2017-05-26
Machine Gun Kelly,59,2017-05-12
Tory Lanez,6,2015-07-31
Young Thug,65,2015-11-20
Drake,67,2009-01-01
A Boogie Wit da Hoodie,85,2018-12-21
Travis Scott,94,2019-10-04
Lil Nas X,84,2019-06-21
Mustard,31,2019-01-16
Meek Mill,85,2018-11-30
Tory Lanez,73,2018-11-27
Young Thug,79,2019-08-16
Mustard,82,2019-06-28
Lil Baby,84,2018-10-05
YNW Melly,80,2019-01-18
Post Malone,51,2019-07-05
J. Cole,86,2019-01-23
Travis Scott,87,2018-08-03
Polo G,84,2019-06-07
Post Malone,72,2019-03-15
YBN Cordae,78,2019-07-26
A Boogie Wit da Hoodie,81,2018-12-21
Young Thug,83,2019-08-16
Roddy Ricch,78,2018-11-02
Tyga,69,2019-06-07
GASHI,62,2019-01-24
Drake,13,2018-06-29
Future,2,2018-10-15
Sueco the Child,73,2019-06-25
Tyga,77,2019-10-25
G-Eazy,29,2019-08-22
Nipsey Hussle,75,2019-02-15
Wiz Khalifa,76,2018-07-13
Offset,78,2019-02-22
Young Thug,81,2019-08-16
Joyner Lucas,75,2018-10-17
Tory Lanez,71,2019-03-15
DJ Khaled,6,2019-05-17
Offset,81,2017-10-30
Vic Mensa,64,2018-06-08
Flipp Dinero,78,2018-09-04
YK Osiris,75,2019-02-08
Aminé,78,2018-08-15
Kodak Black,83,2018-12-14
T-Pain,62,2019-08-06
Chance the Rapper,71,2019-05-17
Calboy,78,2019-05-31
Hooligan Hefs,67,2019-12-12
No Money Enterprise,69,2019-11-01
Hp Boyz,49,2020-01-12
A Boogie Wit da Hoodie,59,2019-09-06
The Kid LAROI,70,2019-12-06
Stormzy,60,2019-12-11
Manu Crooks,57,2019-11-29
Youngn Lipz,62,2019-12-16
Aitch,60,2019-09-05
ONEFOUR,65,2019-11-14
Chillinit,59,2019-12-17
MELODOWNZ,53,2019-12-05
Roddy Ricch,81,2019-11-25
Juice WRLD,84,2019-12-07
B Wise,46,2019-12-20
Brothers,57,2019-12-01
KSI,79,2019-11-08
Hooligan Hefs,59,2019-10-31
Stormzy,71,2019-09-15
The Game,66,2019-11-29
Jay Swi$h,42,2019-11-28
Manu Crooks,50,2019-10-11
Youngn Lipz,28,2019-10-07
JessB,43,2019-08-09
Hp Boyz,64,2019-09-16
Dave,71,2019-11-07
ONEFOUR,60,2019-10-11
SWIDT,43,2019-11-01
LEVZ,57,2019-08-31
Hooligan Hefs,63,2019-09-18
AJ Tracey,71,2019-10-31
Church & AP,41,2019-10-25
YNW Melly,85,2019-08-09
Jaecy,45,2019-11-19
24kGoldn,84,2019-01-25
Triple One,58,2019-10-25
French Montana,64,2019-10-11
Kwame,38,2019-12-06
Ski Mask The Slump God,73,2019-10-31
Sydney Yungins,55,2019-11-03
Lil Mosey,64,2019-09-17
Rops1,52,2019-10-06
A$AP Rocky,77,2019-08-28
Skye,70,2019-10-31
ONEFOUR,64,2019-08-28
YBN Cordae,26,2019-07-23
Lil Tjay,82,2019-10-11
AJ Tracey,59,2019-10-24
Hp Boyz,66,2019-08-11
Young M.A,76,2019-09-27
Denzel Curry,69,2019-05-31
Russ,66,2019-09-13
Hooligan Hefs,65,2019-05-21
Dave,63,2019-09-13
Joyner Lucas,76,2019-09-12
Lisi,59,2019-10-20
Masked Wolf,56,2019-06-07
DaniLeigh,73,2019-10-18
Drake,74,2019-09-13
Stormzy,76,2019-11-22
Likybo,78,2017-07-14
Kelvyn Colt,58,2019-11-08
NUGAT,44,2020-01-10
Theophilus London,50,2019-12-05
Megan Thee Stallion,77,2020-01-10
French Montana,76,2018-09-20
Snoop Dogg,50,2019-08-14
Post Malone,48,2019-09-06
A$AP Rocky,82,2018-05-25
Kodak Black,37,2018-10-12
Mr Eazi,66,2019-11-19
PARTYNEXTDOOR,84,2019-11-22
Lost Child,51,2019-12-13
Travis Scott,80,2018-08-03
GASHI,68,2018-08-22
Swae Lee,75,2019-08-16
Tyga,69,2019-01-23
6ix9ine,18,2018-11-27
NUGAT,48,2019-11-22
NF,78,2019-12-03
Travis Barker,65,2019-12-13
Kelvyn Colt,59,2017-11-10
Dave,79,2019-03-08
Tyga,63,2019-08-23
Russ,67,2018-09-07
Shenseea,68,2019-05-22
Tyga,67,2019-06-07
NODE,61,2020-01-10
LOLO,69,2019-12-20
Benny Jamz,59,2019-12-30
Jamaika,59,2020-01-01
Camur,49,2020-01-17
Fouli,58,2019-12-06
ATYPISK,69,2019-11-14
Tessa,63,2019-12-27
Carmon,45,2020-01-16
Benny Jamz,61,2019-12-19
Larry 44,57,2019-11-22
Simsey,56,2020-01-10
Branco,67,2019-10-04
Shooter Gang,61,2019-11-22
ZK,55,2019-11-01
ATYPISK,64,2019-11-14
Jamaika,55,2020-01-01
Gilli,60,2019-07-13
Danni,51,2020-01-10
Branco,66,2019-10-31
Josef Og Elias,63,2019-11-22
NODE,53,2019-11-08
Marco Rahim,34,2020-01-17
Benny Jamz,62,2019-11-07
I$WAAL,57,2019-10-04
Jamaika,58,2019-12-11
Larry 44,54,2019-09-20
Benny Jamz,57,2020-01-01
Tessa,66,2019-10-11
Jimilian,59,2019-10-11
ICEKIID,55,2019-11-22
NODE,55,2019-11-08
Jamaika,54,2020-01-01
Stepz,61,2019-09-12
Lamin,50,2020-01-10
Jamaika,56,2019-11-25
ATYPISK,55,2019-11-14
KESI,62,2019-09-06
Xander,54,2019-10-25
Stepz,52,2019-09-12
Jamaika,55,2019-10-11
Benjamin Hav,46,2020-01-10
Gobs,54,2019-09-27
Gilli,56,2019-07-13
Carmon,54,2019-09-27
RH,49,2019-11-22
KESI,54,2019-09-06
Beko,49,2019-11-29
Carmon,17,2019-09-20
Artigeardit,56,2019-11-15
NODE,49,2019-11-04
ICEKIID,54,2019-10-11
Carmon,48,2019-09-27
Stepz,54,2019-09-12
Omar,53,2019-09-20
Xander,53,2019-12-27
Marco Rahim,47,2019-12-27
Stepz,47,2019-09-12
Benjamin Hav,51,2020-01-03
DON x LEE x BARBER,47,2019-09-20
Xabski,51,2019-10-11
NODE,49,2019-11-08
Logic,70,2019-10-25
Mike Posner,56,2019-10-09
Joyner Lucas,78,2019-05-23
Logic,12,2019-05-10
Logic,19,2019-05-10
Logic,7,2019-05-10
Logic,7,2019-05-10
Logic,10,2019-05-10
Logic,7,2019-05-10
Logic,6,2019-05-10
Logic,9,2019-05-10
Logic,11,2019-05-10
Logic,10,2019-05-10
Logic,6,2019-05-10
Logic,7,2019-05-10
Logic,16,2019-05-10
Logic,5,2019-05-10
Logic,6,2019-05-10
Logic,8,2019-05-10
Logic,58,2019-03-26
Logic,71,2018-06-15
Logic,61,2014-10-21
Logic,81,2017-05-05
Logic,59,2018-09-28
Logic,59,2018-09-28
Logic,60,2018-09-28
Logic,63,2018-09-28
Logic,56,2018-09-28
Logic,57,2018-09-28
Logic,63,2017-05-05
Logic,60,2018-03-09
Sam Smith,60,2018-03-29
Logic,64,2018-03-09
Logic,61,2018-03-09
Logic,58,2018-03-09
Logic,64,2018-03-09
Logic,58,2018-03-09
Logic,66,2016-07-01
Lil Wayne,77,2016-06-24
Logic,65,2014-10-21
Logic,63,2016-07-01
Logic,1,2014-10-21
Logic,59,2017-05-05
Logic,59,2016-07-01
Logic,60,2015-11-13
Logic,58,2014-10-21
Logic,59,2015-11-13
Logic,55,2017-05-05
Logic,60,2015-11-13
Logic,0,2014-10-21
Logic,59,2015-11-13
Logic,1,2017-05-05
Logic,57,2016-07-01
Logic,1,2015-11-13
Logic,62,2014-10-21
Logic,55,2016-07-01
Logic,62,2015-11-13
Big Gigantic,59,2016-08-26
Logic,55,2016-07-01
Logic,1,2015-11-13
Logic,57,2015-11-13
Logic,1,2015-11-13
Alrahim Wright III,3,2019-05-18
OYABUN,51,2019-06-28
Cookin Soul,51,2018-08-14
Millennium Jazz Music,49,2017-08-28
Jorge Milliano,57,2019-09-13
o k h o,53,2017-06-02
TyLuv.,44,2019-10-31
Young L3x,49,2018-10-19
Skipp Whitman,45,2019-05-20
W3alth,44,2019-07-12
Nathan Kawanishi,44,2019-07-12
Sarcastic Sounds,63,2018-10-20
four lore,43,2019-05-18
the.lazyb,43,2019-09-27
Weedthief,44,2019-08-16
Lucian,46,2019-06-26
Beat Dealer,44,2019-07-02
Epifania,52,2019-08-13
Ray Ben Rue,43,2019-09-27
Psymun,48,2018-08-09
Zambonini,51,2019-10-31
Ol' Burger Beats,43,2019-06-28
Misc.Inc,50,2018-11-02
Hydrogenii,43,2019-06-28
Epifania,51,2019-07-23
damaa.beats,2,2019-06-28
Beaumont,44,2019-08-07
Deauxnuts,43,2019-06-28
Bokki,56,2018-10-25
It's Philip Marlon,2,2018-09-05
the.lazyb,42,2019-06-14
Dontcry,43,2019-06-27
Ameba,49,2019-06-10
SwuM,45,2018-09-09
DLJ,2,2019-06-12
junyii.,55,2018-10-20
Phil Dee,41,2019-06-11
illiterate,44,2018-10-26
[ocean jams],54,2019-06-28
Huey Daze,41,2019-07-10
Monma,61,2018-10-22
itssvd,42,2019-06-28
J. Roosevelt,56,2018-10-22
Pandrezz,42,2019-06-13
Minthaze,2,2018-10-26
Chalky,42,2019-06-11
Behind Clouds,59,2018-09-24
Psalm Trees,56,2019-06-10
Blvk,56,2017-09-16
Linearwave,41,2019-06-24
Goldenninjah,41,2018-08-14
evän,41,2019-06-22
Bertholet,55,2018-09-25
Oatmello,57,2018-09-27
the.lazyb,41,2019-05-31
Laffey,45,2018-10-05
Masked Man,41,2019-06-13
Epifania,43,2018-10-20
Bertholet,46,2018-10-25
Nokiaa,41,2019-06-14
TiMT,2,2018-10-26
Huez,41,2018-10-26
Bluedoom,43,2018-10-23
Dweeb,11,2018-10-22
Dontcry,41,2019-06-10
Kuranes,43,2018-10-20
Chris Anderson,41,2018-10-25
IOM,41,2018-10-25
luvwn,42,2018-10-22
B0nds,48,2019-06-14
Slumberville,11,2018-10-26
damaa.beats,43,2018-03-09
Fushou.,41,2018-07-21
Red the Chef,40,2019-05-31
Axian,43,2018-09-30
sagun,57,2018-10-01
Moo Latte,1,2019-05-22
Sleepy Bear,42,2018-07-25
Wun Two,3,2019-06-12
Green Assassin Dollar,42,2018-09-28
Waahiid,43,2018-06-28
Es-K,42,2018-08-03
Sergeant Jay,40,2019-05-31
Mujo,49,2018-10-05
Casiio,40,2019-06-12
Brenky,50,2018-10-05
Soundspretty,40,2019-06-14
Xfruge,3,2018-10-02
VIK,41,2018-05-11
CPRCRN,1,2019-06-14
Nohidea,52,2018-08-18
the.lazyb,40,2018-10-05
MFakka,41,2017-09-22
Clap Cotton,51,2018-08-08
Lungfulls,41,2018-05-08
David Chief,1,2017-05-07
goosetaf,41,2018-07-14
AJ Tracey,77,2019-02-08
Marshmello,10,2018-12-07
Tyga,73,2018-07-25
Jaden,3,2019-07-02
AJ x Deno,67,2018-05-03
Stormzy,66,2019-09-06
Dave,73,2016-05-13
Ramz,13,2017-12-01
Headie One,69,2019-08-15
Skepta,66,2019-05-31
G-Eazy,18,2019-06-28
Hil Holla,41,2019-06-18
Aystar,54,2018-04-27
Young T & Bugsey,76,2019-11-07
Skepta,60,2019-05-09
Dave,72,2018-10-04
Big Sean,74,2019-08-26
Splurgeboys,52,2018-04-30
Tory Lanez,72,2019-07-19
Wiz Khalifa,64,2019-08-23
Smiler,50,2018-01-31
Stormzy,70,2020-01-10
Aitch,60,2019-09-02
The Game,56,2019-06-21
CHASE B,57,2019-07-19
A$AP Ferg,57,2019-07-18
Kardinal Offishall,42,2019-06-04
Migos,60,2019-06-20
Rick Ross,55,2019-06-21
KAS,55,2019-07-26
Mustard,19,2019-06-21
Future,61,2019-07-23
Rick Ross,57,2019-07-02
Joyner Lucas,68,2019-07-11
Toddla T,47,2019-07-05
A$AP Ferg,49,2019-06-24
Future,69,2019-07-12
Diamond D,10,2007-12-18
Ocean Wisdom,48,2019-07-17
Stormzy,72,2019-12-13
Wiley,61,2019-10-03
AJ Tracey,58,2019-10-02
Krept & Konan,57,2019-06-13
Blueface,35,2019-06-14
B Mus,39,2018-07-10
Mac Miller,87,2020-01-09
BROCKHAMPTON,73,2019-08-23
Kota the Friend,47,2019-05-01
SiR,70,2019-08-08
Kevin Abstract,3,2019-04-11
Duckwrth,60,2019-08-30
BROCKHAMPTON,54,2019-08-08
Like,43,2019-06-04
Joey Purp,51,2018-09-13
Noname,7,2019-04-05
YBN Cordae,21,2019-06-17
BROCKHAMPTON,72,2019-08-23
Zaia,3,2019-03-29
Deem Spencer,43,2019-02-28
The Alchemist,51,2019-07-29
YL,38,2019-05-26
BROCKHAMPTON,88,2019-08-23
Mick Jenkins,60,2020-01-03
MFnMelo,54,2019-11-18
tobi lou,60,2019-08-02
Kota the Friend,56,2019-12-17
Tuamie,38,2019-05-24
Lee Scott,43,2018-12-21
TOBi,51,2019-10-15
Tierra Whack,67,2019-02-19
Caleborate,40,2019-07-12
Medhane,42,2019-09-03
BROCKHAMPTON,63,2019-08-23
King Carter,35,2019-07-17
Trellion,41,2019-01-16
The Last Skeptik,40,2019-07-26
Loyle Carner,62,2019-04-19
MESSIAH!,41,2019-07-19
MFnMelo,44,2019-11-04
Smino,64,2019-10-24
The Last Skeptik,42,2019-06-14
Gang Starr,62,2019-09-20
Headie One,45,2019-02-15
MAVI,40,2019-07-19
Vince Staples,67,2019-12-19
MIKE,0,2017-09-06
Wiki,49,2018-12-06
Zelooperz,4,2019-05-18
Ghetto Sage,59,2019-10-17
Vince Staples,59,2019-10-31
MIKE,48,2018-12-21
Wiki,45,2019-09-23
Noname,4,2019-01-01
CHIKA,43,2019-06-28
Cero Ismael,43,2019-02-22
Juju,71,2020-01-16
Ufo361,70,2020-01-17
Samra,80,2019-12-05
Gzuz,79,2019-12-23
Ufo361,79,2019-12-20
The Cratez,49,2020-01-03
Kianush,77,2019-12-05
Dardan,76,2020-01-10
Nimo,80,2019-12-05
Jamule,76,2020-01-09
The Cratez,51,2019-11-15
RIN,80,2019-12-06
Veysel,69,2020-01-09
RAF Camora,72,2020-01-10
reezy,75,2019-10-25
Nimo,74,2019-12-19
Elias,73,2020-01-10
The Cratez,76,2019-09-27
Summer Cem,74,2019-11-08
Ghetto Phénomène,70,2019-11-08
Apache 207,81,2019-08-23
RAF Camora,74,2019-11-01
Loredana,77,2019-12-20
Samra,75,2019-12-09
Nimo,77,2019-10-31
Capital Bra,79,2019-11-28
The Cratez,46,2019-12-06
RAF Camora,72,2019-10-11
Undacava,69,2019-07-12
Hemso,68,2019-12-27
Estikay,52,2020-01-17
Megaloh,48,2020-01-17
Fero47,71,2019-11-29
Azet,74,2019-11-06
Jamule,72,2019-09-26
Miami Yacine,68,2020-01-10
Apache 207,79,2019-10-25
Kianush,70,2020-01-02
JIGGO,66,2020-01-10
Capo,73,2019-12-20
Jamule,73,2019-10-31
Miami Yacine,71,2019-12-20
Pashanim,73,2019-12-18
Shindy,74,2019-12-06
Kurdo,64,2020-01-10
Standart Skill,65,2020-01-09
EREN CAN,67,2019-12-27
badmómzjay,61,2020-01-10
BRADO,62,2020-01-09
Lucio101,61,2019-12-13
Sidhu Moose Wala,65,2019-12-02
Baani Sandhu,67,2019-09-12
Dilpreet Dhillon,50,2020-01-06
Bohemia,64,2019-09-18
Jassa Dhillon,60,2019-10-02
Jassie Gill,59,2019-10-21
Deep Jandu,43,2019-08-11
Sidhu Moose Wala,58,2018-12-17
Dilpreet Dhillon,44,2020-01-06
Sidhu Moose Wala,59,2019-10-07
A Kay,51,2019-12-16
Karan Aujla,0,2019-02-25
Kambi,52,2019-12-17
Amrit Maan,50,2019-09-18
Jasmine Sandlas,56,2019-12-21
Gippy Grewal,52,2019-12-01
Gagan Kokri,52,2019-11-07
Jorge Gill,29,2019-12-10
Karan Aujla,58,2019-09-19
Sidhu Moose Wala,52,2018-10-18
Karan Aujla,61,2019-11-06
Sidhu Moose Wala,54,2019-10-27
Kulbir Jhinjer,50,2019-11-03
Deep Jandu,58,2019-07-08
Jass Manak,31,2019-01-05
Mankirt Aulakh,46,2018-07-10
Karan Aujla,52,2019-10-17
Gopi Waraich,29,2020-01-06
Prem Dhillon,51,2019-09-21
Amrit Maan,53,2018-06-08
Mani Sandhu,26,2019-12-10
R. Nait,50,2019-09-20
Sidhu Moose Wala,52,2018-10-18
Deep Jandu,60,2019-12-13
Karan Aujlaa,5,2019-07-10
Sidhu Moose Wala,54,2018-06-16
R. Nait,55,2019-02-09
Gurnam Bhullar,47,2019-04-30
Navv Inder,46,2015-09-10
Sidhu Moose Wala,52,2019-01-17
Garry Sandhu,63,2017-09-25
Gurjas Sidhu,44,2019-05-09
Sidhu Moose Wala,54,2018-10-18
Ninja,45,2019-03-11
Sidhu Moose Wala,49,2019-04-24
Baani Sandhu,52,2019-03-25
Sidhu Moose Wala,56,2019-03-17
Karan Aujla,39,2019-04-17
Sidhu Moose Wala,49,2019-06-20
Sidhu Moose Wala,57,2018-08-05
Sidhu Moose Wala,51,2018-10-18
Diljit Dosanjh,44,2018-02-26
Sidhu Moose Wala,46,2018-12-25
Dr Zeus,51,2018-10-04
Amrit Maan,24,2017-12-18
Bizarrap,69,2019-12-18
Cartel De Santa,72,2019-12-16
MC Davo,60,2019-12-13
Santa Fe Klan,46,2020-01-12
Gera MX,63,2019-11-22
Bizarrap,77,2019-09-13
DAAZ,47,2019-12-06
Toser One,46,2019-12-09
Neto Peña,47,2019-12-20
Sabino,57,2019-05-31
Gera MX,56,2019-12-25
MC Davo,60,2019-11-12
Santa Fe Klan,61,2019-10-12
C-Kan,49,2019-12-27
Under Side 821,32,2020-01-13
Rich Vagos,63,2019-08-02
Lefty Sm,43,2019-12-17
Gera MX,60,2019-12-10
Toser One,36,2020-01-09
Charles Ans,51,2019-10-25
C-Kan,48,2019-10-25
Wk,43,2019-09-20
Zimple,40,2019-12-15
Santa RM,49,2019-12-20
MC Davo,60,2019-06-05
Lng Sht,58,2019-12-06
Neto Peña,45,2019-11-19
West Gold,47,2019-11-21
Chato 473,45,2019-09-01
Faruz Feet,31,2020-01-17
Sabino,53,2019-10-25
Zoop One,37,2019-12-15
Santa RM,31,2019-11-14
Flyboiz,50,2019-09-11
Proof,43,2019-12-27
Bipo Montana,44,2019-09-12
Wk,37,2019-11-15
Nanpa Básico,71,2019-03-22
Remik Gonzalez,50,2018-12-13
La Plebada,53,2019-09-11
Berner,65,2019-05-05
Delaossa,44,2020-01-15
Charles Ans,52,2019-08-09
Yoss Bones,44,2019-05-06
Neto Reyno,41,2019-05-23
Anexo Leiruk,18,2020-01-17
Derian,45,2019-05-24
Lng Sht,49,2019-10-11
West Gold,45,2019-10-18
La Banda Baston,45,2019-06-21
Danny Brasco,37,2019-08-30
Bipo Montana,46,2019-08-22
Ali Masare,39,2019-11-08
Neztor mvl,38,2019-11-01
Coko Yamasaki,37,2019-11-08
Yoss Bones,45,2019-09-03
TREN LOKOTE,47,2019-07-20
Geassassin,37,2019-06-29
El Pinche Mara,39,2019-07-13
Fermin IV,36,2019-11-15
Chato 473,36,2019-10-01
Teeam Revolver,37,2019-06-28
Akwid,45,2019-05-03
Remik Gonzalez,40,2019-06-21
TREN LOKOTE,42,2019-08-05
Danntik,36,2019-08-16
Smoky,35,2019-08-02
Young Joshua,39,2019-08-30
Don Kalavera,33,2019-08-16
Letra J,35,2019-06-07
Alexis Chaires,39,2019-06-21
David Banner,0,2003-01-01
Youngbloodz,21,2006-11-21
Lil Wayne,55,2005-01-01
UGK,60,2014-03-14
Crucial Conflict,42,1996-01-01
Clipse,38,2002-04-01
Ludacris,13,2000-01-01
OutKast,60,1998-09-29
Bubba Sparxxx,53,2003-01-01
David Banner,0,2003-01-01
T.I.,0,2003-08-19
Birdman,42,2006-01-01
Trick Daddy,33,2000-02-04
Three 6 Mafia,47,2005-07-05
T.I.,2,2006-03-27
Clipse,37,2002-04-01
Young Buck,57,2004-01-01
Mike Jones,51,2007
Clipse,54,2002-04-01
Lil Wayne,58,2004-01-01
T.I.,6,2004-11-29
Trick Daddy,51,2001-03-20
Nappy Roots,49,2002-02-26
UGK,15,2014-03-14
OutKast,61,2000-10-31
Three 6 Mafia,55,2006-06-20
Trick Daddy,56,2001-03-20
Ludacris,63,2000-01-01
Jeezy,55,2006-01-01
Young Buck,35,2007-01-01
Birdman,36,2006-01-01
Lil Wayne,45,2004-01-01
Nappy Roots,29,2002-02-26
Mike Jones,54,2005-06-28
Bubba Sparxxx,27,2003-01-01
OutKast,66,2000-10-31
Petey Pablo,54,2001
Ludacris,65,2010-01-01
T.I.,0,2006-03-27
Lil' Flip,52,2004-03-30
Lil Wayne,50,2005-01-01
Mike Jones,58,2005-04-19
Nappy Roots,21,2003-08-21
Bubba Sparxxx,19,2003-01-01
Lil Wayne,45,2005-01-01
OutKast,67,1996-08-27
T.I.,0,2003-08-19
Ludacris,0,2008-01-01
Nappy Roots,35,2002-02-26
OutKast,40,2003
Rich Boy,47,2007-01-01
Big Tymers,1,2007-01-01
Nappy Roots,48,2002-02-26
Ludacris,61,2010-01-01
Ludacris,49,2003-01-01
OutKast,63,1998-09-29
Ludacris,59,2001-01-01
Ludacris,43,2000-01-01
Bubba Sparxxx,32,2003-01-01
T.I.,1,2006-03-27
Jeezy,50,2006-01-01
Jeezy,28,2011-01-01
Lil' Flip,22,2010-03-01
Big Tymers,32,2002-01-01
Lil Wayne,42,1999-01-01
Lil Wayne,45,2005-01-01
Lil Wayne,69,2008-01-01
Lil Wayne,56,2008-01-01
OutKast,71,2003
OutKast,77,2000-10-31
OutKast,42,2000-10-31
OutKast,45,2000-10-31
OutKast,48,1998-09-29
OutKast,56,1998-09-29
OutKast,59,1996-08-27
OutKast,41,1994-04-26
OutKast,52,1994-04-26
OutKast,38,1994-04-26
OutKast,51,1994-04-26
Big Boi,37,2012-01-01
Big Boi,9,2012-01-01
Big Boi,39,2008-04-26
Scarface,1,2002-01-01
Scarface,33,2010-01-01
Trick Daddy,48,2002-08-06
Three 6 Mafia,57,2000-06-13
Big Tymers,60,2002-01-01
Nappy Roots,36,2015-05-05
David Banner,30,2017-05-19
2Pac,63,1998-01-01
Ice Cube,70,1993-12-07
"Danny ""Butch"" Means",23,1998
Anderson .Paak,70,2019-04-12
Kendrick Lamar,65,2012
Daz Dillinger,38,1998
Snoop Dogg,34,1996
Cypress Hill,28,1995-10-31
Nipsey Hussle,67,2018-02-16
Kurupt,35,2012-10-24
Westside Connection,66,2003-12-09
Dr. Dre,71,1999-11-16
Warren G,73,1994-06-07
Blu,33,2007-08-07
Cypress Hill,47,1993-07-20
Snoop Dogg,72,1993
Kendrick Lamar,84,2017-04-14
Dom Kennedy,23,2011-02-24
Ty Dolla $ign,42,2018-05-11
Nancy Fletcher,29,1998
Makaveli,57,1996-11-05
Ice Cube,74,1992-11-17
Warren G,20,1994-06-07
Anderson .Paak,60,2016-01-15
Kendrick Lamar,67,2012
Jay Rock,31,2014-11-10
People Under The Stairs,45,2003-06-02
Nate Dogg,60,2001-12-04
The Pharcyde,67,1992-11-24
Freestyle Fellowship,19,1999-07-06
J Rocc,7,2014-12-16
Jurassic 5,0,2006-01-01
Murs,39,2006
The Game,62,2005
YG,40,2014-11-24
ScHoolboy Q,45,2014-01-01
DJ Quik,17,2009-08-04
2Pac,66,1996-02-13
WC,53,2002-01-01
N.W.A.,62,1988-08-08
Daz Dillinger,42,2006-01-01
Ice-T,45,1991
2Pac,70,1997-01-01
Scarub,4,2013-10-22
ScHoolboy Q,72,2014-01-01
Drakeo the Ruler,55,2017-12-26
Dr. Dre,75,1999-11-16
Xzibit,52,2000-04-02
The D.O.C.,51,1989
Dom Kennedy,44,2016-12-23
Dilated Peoples,55,2001-10-23
Living Legends,24,2006-08-08
Buddy,45,2018-07-20
Myka 9,3,2001-04-25
2Pac,55,1996-02-13
Blu,34,2019-03-01
DJ Quik,11,2009-08-04
Warren G,64,1994-06-07
Living Legends,6,2004-04-06
Kurupt,49,2012-10-24
Kendrick Lamar,60,2012
03 Greedo,38,2018-06-27
The Game,40,2008-01-01
2Pac,37,2004-01-01
Tha Alkaholiks,23,1995
Jay Rock,73,2018-01-12
Nipsey Hussle,70,2018-02-16
Freestyle Fellowship,36,1999-07-06
Quasimoto,23,2005-05-03
The Pharcyde,63,1995-01-01
Jurassic 5,25,2000-01-01
The Game,52,2006-01-01
Xzibit,28,1999-11-08
2Pac,62,1996-02-13
Eazy-E,50,1988-09-13
Mack 10,53,2007-01-01
ScHoolboy Q,72,2019-04-26
Drakeo the Ruler,57,2017-04-07
Pac Div,40,2011-11-08
DJ Quik,31,1991
Kokane,44,2001-07-31
Daz Dillinger,40,1998
Nate Dogg,41,1998
MC Eiht,56,2010-09-21
Murs & 9th Wonder,21,2010-04-13
Abstract Rude,1,2017-07-21
MED,24,2013-02-19
Freddie Gibbs,43,2014-03-18
Baby D.,23,2002
T.I.,32,2001-10-01
Master P,22,2005-01-01
Three 6 Mafia,28,1997-11-04
Hitman Sammy Sam,12,2006-09-19
8Ball & MJG,45,1995-10-31
Kilo Ali,13,2017-04-15
Pastor Troy,52,2002-10-29
Trick Daddy,51,1999-03-30
Lil Jon & The East Side Boyz,30,2011-03-15
Baby D.,14,2002
UGK,37,2003-06-12
Lil Jon & The East Side Boyz,32,2011-03-15
Maceo,22,2005-08-23
DG Yola,37,2006-06-27
Ludacris,1,2000-01-01
T.I.,0,2003-08-19
Goodie Mob,41,2003
Youngbloodz,25,1990-01-01
Juvenile,45,1998-01-01
Geto Boys,65,1991-07-02
Disturbing Tha Peace,57,2001-01-01
UGK,0,1990-01-01
Lil Scrappy,44,2003-09-02
Scarface,20,2009-01-01
Jeezy,0,2005-01-01
Rick Ross,0,2006-01-01
Oobie,29,2002-10-29
Three 6 Mafia,38,1997-11-04
OutKast,0,1996-08-27
Lil Scrappy,54,2009-08-21
Trillville,16,2003
UGK,42,1994-04-11
Fat Pat,0,2001
Goodie Mob,44,1995-11-07
Scarface,31,1991
Juvenile,59,2004-01-01
Archie Eversole,0,2002-01-01
Pastor Troy,0,2002-01-01
Big Tymers,0,2002-01-01
Yola,9,2006
David Banner,0,2003-01-01
Lil Jon & The East Side Boyz,64,2011-03-15
Project Pat,35,2002-07-16
Gucci Mane,0,2008-11-07
Jeezy,0,2005-01-01
Mystikal,23,2010-05-26
T.I.,0,2003-08-19
Master P,10,2005-01-01
Birdman,0,2008-01-01
Rasheeda,13,2000
Unk,0,2007-02-06
Tela,35,1996-11-05
Lil Keke,0,2009-11-17
UGK,46,1996-07-30
Youngbloodz,48,1999
D4L,68,2005-11-08
Bone Crusher,54,2003-04-29
Lil Jon,42,2000-08-15
DJ Taz,26,1997-01-01
Boyz N Da Hood,52,2005-06-21
Dem Franchize Boyz,0,2005
C-Murder,37,2005-01-01
Pastor Troy,21,1999
Boosie Badazz,60,2006-10-24
Fat Pat,0,2001
Lil Wayne,0,2004-01-01
Playaz Circle,0,2007
Project Pat,34,1999-09-14
Big Tymers,0,2000-01-01
Crime Mob,0,2004-07-06
Juvenile,47,1998-01-01
Yung Joc,24,2006-06-06
TRU,23,2006-01-01
Shawty Lo,2,2013-01-18
T.I.,0,2004-11-29
Young Dro,34,2011-02-15
Gangsta Boo,34,1998-09-29
Intoxicated,5,1999
Jeezy,0,2005-01-01
Oomp Camp,6,2001
Hitman Sammy Sam,8,2006-09-19
Gucci Mane feat. Young Jeezy,0,2008-11-07
Mystikal,42,1995-10-05
Killer Mike,9,2003-05-12
OutKast,50,1996-08-27
UGK,21,1992-11-10
T.I.,0,2004-11-29
Three 6 Mafia,38,2000-06-13
Da Organization,17,2010-02-19
Young Dro,21,2006-06-27
Khia,52,2002
D4L,40,2005-11-08
8Ball,35,1998-05-19
Bun B,19,1998-05-19
8Ball,18,1998-05-19
8Ball,25,1998-05-19
Redman,20,1998-05-19
8Ball & MJG,37,2015-03-03
8Ball & MJG,40,2015-03-03
8Ball & MJG,38,2015-03-03
8Ball & MJG,33,2015-03-03
8Ball & MJG,30,2015-03-03
8Ball & MJG,25,1995-10-31
8Ball & MJG,26,1995-10-31
8Ball,38,1999-05-18
8Ball,28,1999-05-18
MJG,38,2008-05-13
MJG,29,1997-11-18
Tela,44,1996-11-05
Mr. Mike,28,1996-07-09
Mr. Mike,22,1996-07-09
Mr. Mike,17,1996-07-09
South Circle,28,1995-07-04
South Circle,24,1995-07-04
5th Ward Boyz,16,2013-08-15
5th Ward Boyz,18,1995
Facemob,4,2013-08-15
E.S.G.,24,1994-02-01
E.S.G.,21,1999
E.S.G.,18,1999
Bushwick Bill,39,1992-09-08
Scarface,21,1991
Scarface,25,1991
Scarface,22,1993
Scarface,27,1993
Scarface,53,1994
Scarface,40,1994
Scarface,30,1997
Scarface,30,1997
Scarface,31,1997
Scarface,33,1998
Scarface,14,1998
Scarface,13,1998
Scarface,16,1998
Geto Boys,60,1992-11-17
Geto Boys,47,1996-04-02
Geto Boys,36,1996-04-02
Geto Boys,30,1996-04-02
Geto Boys,26,1996-04-02
Geto Boys,28,1993-03-09
Geto Boys,26,1993-03-09
Geto Boys,37,1993-03-09
Geto Boys,19,1993-03-09
Geto Boys,34,1993-03-09
Geto Boys,31,1993-03-09
Geto Boys,13,1998-11-17
Geto Boys,23,1998-11-17
Geto Boys,11,1998-11-17
Geto Boys,22,1998-11-17
Geto Boys,10,1998-11-17
Geto Boys,10,1998-11-17
UGK,19,2014-03-14
UGK,17,2014-03-14
UGK,35,2014-03-14
UGK,22,2014-03-14
UGK,19,2014-03-14
UGK,15,2014-03-14
UGK,49,1996-07-30
UGK,42,2001-11-11
Scarface,32,1998
Scarface,30,1998
Scarface,17,1998
Devin The Dude,21,2013-08-15
Goodie Mob,43,1998-04-07
Goodie Mob,37,1995-11-07
Goodie Mob,36,1995-11-07
Lil Keke,0,2008-06-03
Lil Keke,8,1998
Lil Keke,27,1998
Lil Keke,10,1998
Fat Pat,0,2001
DJ DMD,28,2004-05-27
Fat Pat,0,2001
Young Bleed,49,1998-01-01
Master P,54,1997
Master P,44,1996
Master P,50,1997
Master P,42,1996
Master P,18,2005-01-01
Lil C,0,2012-04-10
Big Moe featuring E.S.G. & Big Pokey,0,2000
Z-Ro,0,1998-06-16
Big Pokey,28,1999-07-20
Big Pokey,22,1999-07-20
Big Pokey,24,1999-07-20
Three 6 Mafia,0,1995-05-09
Crime Mob,52,2007-01-08
Ying Yang Twins,71,2002-10-29
Flo Rida,79,2008-03-17
Khia,61,2015-05-05
Nelly,57,2005-11-25
Goodie Mob,56,1995-11-07
Chamillionaire,69,2005-01-01
Tear Da Club Up Thugs,54,1999-02-02
Lil Wayne,46,2005-01-01
Master P,21,1998-01-01
T.I.,44,2007-06-12
Timbaland,72,2007-01-01
Bone Thugs-N-Harmony,67,1995-07-25
MiMS,57,2007-01-01
Nelly,73,2000-06-27
Soulja Boy,76,2007-01-01
Lil Wayne,46,2008-01-01
Akon,66,2006
Rick Ross,33,2006-01-01
Geto Boys,17,1993-03-09
Ludacris,37,2001-01-01
OutKast,40,1996-08-27
T.I.,45,2007-06-12
Bone Thugs-N-Harmony,43,1995-07-25
Youngbloodz,50,2003-07-25
Master P,30,1998-01-01
Lil Wayne,39,2005-01-01
Three 6 Mafia,28,2000-06-13
C-Murder,22,1998-01-01
Lil Wayne,26,1999-01-01
Ludacris,48,2004-01-01
Lil Wayne,46,2008-01-01
8Ball,30,2004-11-16
Geto Boys,18,1993-03-09
Silkk The Shocker,11,1999-01-01
Lil Jon & The East Side Boyz,30,2004-11-16
Nelly,77,2002-06-25
Lil Wayne,41,2005-01-01
Ying Yang Twins,18,2005-06-28
Three 6 Mafia,27,2000-06-13
Master P,27,1998-01-01
Juvenile,19,2003-01-01
Master P,27,1997
Nelly,71,2002-06-25
T.I.,34,2003-08-19
Ludacris,58,2001-01-01
Geto Boys,21,1996-04-02
Ying Yang Twins,59,2005-06-28
Lil Wayne,34,2004-01-01
Ying Yang Twins,28,2003-09-16
OutKast,42,1996-08-27
Master P,21,1998-01-01
Lil Wayne,22,1999-01-01
Silkk The Shocker,20,1998-01-01
Juvenile,65,1998-01-01
Bone Thugs-N-Harmony,39,1997
Ludacris,34,2003-01-01
Mia X,10,1998-10-27
Juvenile,30,1999-01-01
Master P,28,1998-01-01
Silkk The Shocker,24,1998-01-01
Ludacris,32,2003-01-01
Lil Jon & The East Side Boyz,39,2004-11-16
Geto Boys,27,1991-07-02
OutKast,40,1998-09-29
Nelly,38,2000-06-27
Juvenile,21,1999-01-01
Ying Yang Twins,34,2003-09-16
Silkk The Shocker,25,1999-01-01
C-Murder,20,1998-01-01
Lil Wayne,34,2004-01-01
OutKast,44,1998-09-29
Bone Thugs-N-Harmony,38,1995-07-25
Mia X,8,1997-01-01
Ludacris,36,2004-01-01
C-Murder,23,1998-01-01
Silkk The Shocker,40,1998-01-01
Lil Wayne,34,1999-01-01
Juvenile,32,2003-01-01
Silkk The Shocker,18,1998-01-01
Ludacris,33,2001-01-01
Mia X,14,1998-10-27
Lil Wayne,22,1999-01-01
T.I.,63,2006-03-27
Ying Yang Twins,18,2003-09-16
Nelly,35,2000-06-27
Three 6 Mafia,28,1997-11-01
T.I.,32,2004-11-29
Master P,31,1997
Mia X,21,1998-10-27
Ludacris,26,2000-01-01
Rockie Fresh,48,2019-12-24
Sexton,42,2019-12-20
DJ Snake,80,2019-12-27
THE TRASH MERMAIDS,41,2019-11-01
GARZA,44,2019-11-22
Ducko McFli,45,2019-12-12
FG Famous,40,2018-11-16
Taliwhoah,49,2019-11-22
Hunidrack6,37,2019-03-18
Surfaces,81,2019-01-06
Doje,42,2019-11-15
Dolo Tonight,47,2019-09-03
Gryffin,76,2019-03-27
Mudd Bughatti,28,2019-09-07
Lil Mexico,45,2019-12-04
Breadwinna Gdawg,38,2019-12-04
Sexton,37,2019-12-06
Deanna Brooke,40,2019-07-26
Ella Collier,38,2019-11-07
JonEcks,37,2019-01-31
Yo Gotti,68,2019-08-23
Aya Nakamura,66,2019-08-02
Lil Bike,35,2019-11-01
Smokepurpp,53,2019-05-10
Quality Control,51,2019-08-09
Kennedy Stephens,49,2019-09-23
Swim.,35,2019-11-22
YunginReckless,36,2019-11-25
Gxx,37,2019-08-23
Young Thug,81,2019-08-16
Dolo Tonight,41,2019-09-01
Quality Control,70,2019-08-16
All Fires,38,2019-04-12
Mustard,82,2019-06-28
Future,69,2019-07-12
Dolo Tonight,33,2019-09-01
Run–D.M.C.,61,2002-09-10
Dr. Dre,18,1999-01-01
Missy Elliott,70,2002-11-11
Sean Paul,71,2002-11-12
Demi Lovato,1,2015-10-16
Beyoncé,71,2014-11-24
Kelis,55,2008
Rihanna,75,2015-03-26
O.T. Genasis,64,2014-11-10
Meek Mill,35,2017-05-22
Chris Porter,44,2015-07-14
DeeWunn,52,2013-10-03
Future,0,2016-01-15
Lady Gaga,1,2013-01-01
Britney Spears,59,2015-05-04
Paris Music,3,2014-02-25
Missy Elliott,56,2001-05-14
Twerkteam,31,2015-02-20
Spol,0,2014-05-13
Two Feet,13,2016-07-29
Future,68,2015-07-17
Migos,42,2014-06-03
Young Thug,65,2015-11-20
Wiz Khalifa,58,2016-01-22
Beyoncé,55,2014-11-24
600 Breezy,13,2015-07-15
Chief Keef,57,2014-11-18
G Herbo,0,2014-08-19
Migos,30,2014-11-05
Shy Glizzy,25,2014-02-17
Camp Lo,34,1997-01-28
Young Thug,65,2015-04-16
La Capone,0,2014-04-25
Mobb Deep,73,1995-04-25
Chief Keef,46,2012-01-01
Kurupt,25,2012-10-24
Mobb Deep,66,1996-11-19
S.A.S,1,2014-09-29
Xzibit,40,1996-11-08
S.A.S.,2,2013-12-02
Lil Reese,22,2015-06-30
Fatboy Slim,44,1998-10-19
Kanye West,75,2013-01-01
Desiigner,71,2016-02-26
Future,62,2015-09-20
Migos,61,2016-10-28
Tropkillaz,38,2015-10-30
Sam Spiegel,0,2016-08-26
DJ Snake,21,2016-08-05
The Chainsmokers,85,2016-07-29
DRAM,56,2016-09-05
Drake,20,2016-05-06
OMI,29,2014-04-08
Jebroer,41,2015-06-30
DJ Kool,2,1996-01-01
Brewski,15,2016-03-18
Niggas In Paris Instrumental,26,2011-12-25
Major Lazer,0,2015-06-01
Kanye West,17,2005-01-01
Ape Drums,35,2014-03-04
Future,56,2017-10-20
O.T. Genasis,63,2015-09-25
Young Thug,52,2016-08-26
Bankroll Mafia,17,2016-04-22
The Game,0,2014-11-14
Chris Brown,2,2014-09-12
Chris Brown,63,2017-03-24
Kendrick Lamar,12,2017-04-14
Rae Sremmurd,10,2016-08-12
BOARCROK,10,2015-08-14
Rihanna,14,2016-01-28
Jetta,66,2015-12-18
Jack Ü,65,2015-02-24
Borgore,44,2015-10-02
Young Thug,57,2016-03-25
Ramz,13,2017-12-01
Meek Mill,71,2015-06-29
Rob $tone,77,2016-06-17
ScHoolboy Q,2,2016-07-08
Krept & Konan,0,2017-10-20
Nicki Minaj,66,2014-12-15
Drake,7,2015-09-20
MC Fioti,71,2017-12-15
THIEVES,19,2018-01-12
J Balvin,50,2017-09-28
Rondonumbanine,44,2013-10-31
Krept & Konan,0,2017-10-20
Lil Bibby,0,2014-12-08
MC Gustta,65,2017-07-25
Iggy Azalea,0,2014-10-20
Busta Rhymes,0,2013-01-01
Cardi B,59,2017-12-22
Missy Elliott,42,2005-07-04
Good Times Ahead,54,2014-07-29
Rihanna,12,2009-11-20
Blues Saraceno,51,2015-02-27
Dorothy,54,2016-06-24
The Hot Damns,49,2014-07-17
Sam Tinnesz,59,2016-05-20
Wolfmother,66,2006-01-01
Black Stone Cherry,57,2011-01-01
Dorothy,54,2017-05-05
All Good Things,38,2013-07-15
Royal Deluxe,62,2016-02-23
Various Artists,0,2016-02-01
The Phantoms,18,2014-05-14
Dorothy,63,2016-06-24
Ministry & Co-Conspirators,30,2008-04-01
Blues Saraceno,47,2015-02-07
Ellem,39,2016-09-05
Dorothy,46,2016-06-24
Nick Nolan,39,2015-02-27
Extreme Music,8,2015-09-18
Bleeker,56,2016-10-21
Various Artists,1,2017-10-31
Thorbjørn Risager,35,2014-03-21
Reignwolf,49,2013-08-02
Blues Saraceno,54,2014-05-06
Extreme Music,34,2015-09-18
Nick Nolan,9,2014-09-24
Michael Burks,0,2009-06-18
The Kicks,41,2012-09-23
Edwyn Collins,63,1994
Dorothy,61,2016-06-24
Paul Otten,2,2015-08-31
The Bones of J.R. Jones,46,2016-04-15
Black Pistol Fire,56,2015-09-16
Kyuss,54,1992-01-01
The Atomic Bitchwax,41,2006-11-08
Hermano,41,2007-10-01
All Them Witches,46,2012-12-07
The Devil and the Almighty Blues,1,2015-02-16
Unida,34,2005-07-05
Wo Fat,34,2009-01-01
Gorilla Pulp,30,2016
Clutch,37,2005-07-05
Formula,12,2005-07-05
The Allman Brothers Band,3,1970-09-18
The Black Keys,43,2010-10-18
Run–D.M.C.,68,1986-05-15
Tom Petty and the Heartbreakers,19,2000-01-01
U2,3,1988-10-10
Dan Auerbach,44,2009-02-23
Vintage Trouble,40,2015-08-14
Steppenwolf,54,1968
The Rolling Stones,3,1971-04-23
Derek & The Dominos,21,1970-11-01
ZZ Top,47,2012-09-11
Various Artists,3,2016-02-01
Run–D.M.C.,46,1985-01-21
Kenny Wayne Shepherd,59,1997-09-26
Friends in Tokyo,55,2015-01-30
ZZ Top,52,1972
Royal Deluxe,54,2015-02-10
The Score,67,2019-02-01
Black Stone Cherry,56,2011-01-01
Nick Nolan,36,2015-02-07
Halestorm,56,2011-03-22
Band Of Skulls,44,2014-03-31
Nico Vega,48,2013-02-05
Dead Posey,53,2018-08-14
Black Stone Cherry,49,2014-05-02
Blues Saraceno,43,2014-05-06
Bob Seger,72,1978-05-05
The Pretty Reckless,3,2014-03-17
Rival Sons,48,2014-06-09
Beware Of Darkness,11,2013-03-05
Greta Van Fleet,65,2018-10-19
JAXSON GAMBLE,46,2016-09-23
The Pretty Reckless,0,2014-03-17
Joan Jett & The Blackhearts,20,2018-09-28
Cilver,44,2016-04-29
Black Stone Cherry,38,2006-07-17
Greta Van Fleet,66,2017-11-10
Royal Deluxe,42,2016-02-23
Rival Sons,39,2011-01-14
Dorothy,29,2016-02-05
The Pretty Reckless,53,2010-01-01
Wildstreet,28,2012-01-24
Lenny Kravitz,72,1993-03-09
Soundgarden,63,1991-10-08
Dorothy,45,2016-06-24
Rage Against The Machine,66,1999-11-02
Oleander,41,2013-04-16
Blur,74,1997-02-10
The Pretty Reckless,1,2014-03-17
Disturbed,70,2008-04-29
Joe Bonamassa,22,2009-02-24
Beastie Boys,71,1994-05-23
Dorothy,50,2016-06-24
The Pretty Reckless,42,2014-03-17
Ministry,0,1999-03-30
Rage Against The Machine,21,2003
Yo Gotti,70,2017-10-27
Young Money,71,2014-01-01
DJ Drama,62,2019-09-20
Young Dro,56,2006-06-27
Trick Daddy,65,2004-10-26
Birdman,59,2006-01-01
Bun B,55,2005
Youngbloodz,68,2006-05-02
David Banner,55,2003-05-20
Mike Jones,62,2005-04-19
Waka Flocka Flame,74,2010-10-01
Gorilla Zoe,57,2007-09-24
Plies,65,2007-08-06
Jeezy,68,2008-01-01
Yung Joc,65,2006-06-06
Slim Thug,52,2009-03-24
Rocko,56,2013-03-05
Ace Hood,66,2019-02-27
Project Pat,51,2019-07-12
T.I.,74,2008-09-08
Webbie,55,2008-02-25
Pastor Troy,47,2001-01-01
Three 6 Mafia,60,2005-09-27
Pimp C,49,2003-01-01
Paul Wall,59,2005-07-19
UGK,51,1996-07-30
Juicy J,66,2014-07-22
Travis Porter,66,2012-05-28
8Ball,47,2003-01-01
B.G.,47,1999-04-20
Rick Ross,67,2006-01-01
Crime Mob,60,2004-07-13
Curren$y,56,2019-12-20
Dem Franchize Boyz,60,2006-01-01
Lil Wyte,59,2013-07-16
Lil' Flip,60,2004-03-30
Trillville,50,2004-02-24
Field Mob,52,2006-01-01
Unk,55,2006-10-03
Chingy,67,2003-01-01
Shawty Lo,48,2007-12-04
OJ Da Juiceman,45,2009-01-27
2 Chainz,74,2017-06-16
8Ball & MJG,50,2005-10-04
Big K.R.I.T.,58,2019-07-12
Hurricane Chris,48,2009-12-18
K CAMP,79,2019-06-21
D4L,42,2005-11-08
Zaytoven,57,2018-05-25
U.S.D.A.,48,2007-01-01
P$C,47,2005-08-23
Scarface,60,2010-01-01
DJ Khaled,76,2017-06-22
Young Dolph,67,2019-07-26
Rich Homie Quan,63,2015-02-10
Do Or Die,54,2013-08-15
Soulja Boyz,10,2006-01-01
Baby Bash,72,2003-01-01
Mannie Fresh,47,2004-01-01
Gucci Mane,75,2019-10-18
Trae Tha Truth,49,2013-11-25
Lil Jon,65,2018-01-26
Big Kuntry King,33,2008-09-30
MJG,32,1997-11-18
Young Scooter,54,2017-07-13
Foxx,36,2007-10-01
Mike WiLL Made-It,68,2013-01-01
Pusha T,64,2011-11-08
C-Murder,38,2005-01-01
Huey,55,2006
J-Kwon,62,2004
E-40,63,2019-07-26
Kia Shine,35,2007-01-01
Beanie Sigel,51,2005-01-01
O.T. Genasis,65,2019-10-25
Yung Ralph,37,2015-12-09
Jazzy Pha,22,2001-05-22
Cam’ron,65,2002-01-01
Jody Breeze,32,2014-03-11
Yung L.A.,48,2008-01-01
Playaz Circle,32,2007-10-30
Wale,67,2011-10-28
Cupid,60,2007-09-11
Mel Waiters,42,1999-10-19
Jeff Floyd,39,2001-02-20
The Louisiana Blues Brothas,0,2014-07-02
Reggie P,0,2005-03-01
Clarence Carter,53,1968
Lacee,32,2009-05-18
T.K. Soul,1,2007-01-01
Lynyrd Skynyrd,81,1974-04-15
Lebrado,34,2010-04-25
Mel Waiters,43,1997-10-14
Jeff Floyd,30,2008-07-01
LJ Echols,31,2009-01-01
Willie Clayton,35,2006-01-10
Cupid,28,2016-08-31
Tucka,37,2011-04-21
Nellie Tiger Travis,37,2017-05-01
Stevie Wonder,6,2002
Arthur Conley,60,2005-04-19
Van Morrison,79,1967-09
Sir Charles Jones,42,2008-01-10
Theodis Ealey,41,2004-01-01
A Nite Out,30,2003-09-20
T.K. Soul,38,2012-10-23
Johnnie Taylor,42,1997-02-25
Tyrone Davis,39,2000-09-26
Mel Waiters,30,1999-10-19
Carl Sims,38,1995
Z.Z. Hill,35,1981-11-18
Tucka,38,2009-11-05
Latimore,39,1983-10-03
Sir Charles Jones,38,2008-01-10
T.K. Soul,36,2012-10-23
Johnnie Taylor,40,1999-11-02
Lebrado,35,2005-01-01
Marvin Sease,32,1994
Pokey,0,2013-07-04
David Brinston,35,2007-07-17
Tucka,37,2011-04-21
Betty Wright,44,1988-01-01
Terry Wright,34,2013-09-01
The Love Doctor,36,2008-02-26
Sir Charles Jones,39,2008-01-10
Z.Z. Hill,37,1981-11-18
Ronnie Bell,37,2013-04-19
Nellie Tiger Travis,35,2005-01-01
Marvin Sease,34,1987-01-01
Bigg Robb,34,2012-04-02
Jwonn,0,2014-04-01
Johnnie Taylor,36,1976
Carl Marshall,32,2010-04-06
J. Blackfoot,32,2002
Tucka: King Of Swing,34,2012-08-14
Sir Charles Jones,36,2008-01-10
Willie Clayton,36,2006-10-03
Tucka,28,2011-04-21
Betty Wright,41,2002-07-02
Marvin Sease,34,1994
Pokey,0,2013-07-04
T.K. Soul,26,2012-10-23
Johnnie Taylor,37,1997-02-25
Vick Allen,35,2012-10-21
"Bobby ""Blue"" Bland",38,1985-10-14
Mel Waiters,29,2012-02-01
T.K. Soul,36,2014-02-04
Tucka: King Of Swing,32,2012-08-14
Johnnie Taylor,34,1988-06-12
Betty Wright,45,1988-01-01
Tucka,32,2014-03-27
Omar Cunningham,33,2003
Willie Clayton,28,2006-01-10
Billy Soul Bonds,32,2006-06-13
Karen Wolfe,34,2009-05-03
Pokey,0,2013-04-27
Wilson Meadows,31,2014-09-14
Omar Cunningham,32,2008-01-01
Peggy Scott-Adams,31,2008-02-25
J. Blackfoot,34,1997-10-10
Johnnie Taylor,38,1973
T.K. Soul,32,2014-02-04
The Louisiana Blues Brothas,0,2014-07-02
Tyrone Davis,38,1969
Keith Frank,29,2014-07-05
Tucka,32,2016-07-21
Jeff Floyd,30,2002
Maze,46,2011-01-01
T.K. Soul,27,2012-10-23
Reggie P,0,2010-07-20
Tucka: King Of Swing,30,2012-08-14
Avail Hollywood,32,2011-03-01
Peggy Scott-Adams,30,2008-02-25
"Lee ""Shot"" Williams",23,2000
Shirley Brown,48,1974
Various Artists,0,2016-03-04
Tucka,30,2016-07-21
Bigg Robb,26,2009-04-20
Jackie Neal,21,2007-07-05
Omar Cunningham,32,2003
LaMorris Williams,30,2011-02-08
Kendrick Lamar,79,2017-04-14
XXXTENTACION,79,2017-02-20
Big Sean,2,2017-02-03
Stormzy,57,2017-02-24
Lil Uzi Vert,11,2017-03-24
Future,46,2017-08-04
Lupe Fiasco,55,2017-02-10
Logic,46,2017-03-31
Jidenna,44,2017-02-03
Flume,0,2017-02-17
Wyclef Jean,49,2017-02-03
Lupe Fiasco,43,2017-02-10
Rich Homie Quan,20,2014-12-09
Big Sean,61,2017-02-03
Blvck O,8,2017-02-27
Future,17,2017-08-04
Big Sean,76,2017-02-03
Joey Bada$$,55,2017-04-07
Taylor Gang,47,2016-12-16
Brodinski,12,2017-03-03
Tee Grizzley,48,2017-01-06
Derek Wise,26,2016-02-03
Rich Gang,0,2016-11-08
Travis Scott,0,2017-02-10
Young Thug,50,2016-03-25
Fly Ty,0,2016-12-21
2 Chainz,40,2017-03-06
Desiigner,11,2017-04-03
THEY.,0,2017-01-13
Jidenna,45,2017-02-17
Klone Ambition,22,2016-10-30
Rexx Life Raj,33,2016-10-07
Rahmeen,0,2017-01-30
2 Chainz,0,2017-01-20
Chynna,33,2016-02-05
GASHI,2,2017-03-01
Ayo & Teo,3,2017-01-13
Drake,74,2017-03-18
Drake,70,2017-03-18
Drake,60,2017-03-18
JID,0,2016-12-16
Divine Council,40,2016-12-02
Divine Council,40,2016-12-02
Kendrick Lamar,7,2017-03-31
Big Sean,66,2015-02-24
Young Thug,56,2015-04-16
Uncle Murda,27,2016-04-14
DJ Max Star,0,2016-12-05
G-Eazy,44,2017-04-11
Young Thug,2,2014-07-01
dopeSMOOTHIES,0,2017-03-30
A$AP Ferg,46,2016-06-22
Skepta,3,2016-05-06
Kendrick Lamar,67,2017-04-14
XXXTENTACION,0,2017-04-13
Kendrick Lamar,72,2017-04-14
Gucci Mane,0,2017-04-14
Chynna,30,2014-07-25
Young Thug,57,2017-03-23
Wale,1,2017-01-20
Wale,0,2017-04-06
Drake,1,2017-03-18
Snoop Dogg,42,2016-07-01
Damion,0,2017-02-23
J. Cole,70,2016-12-09
2 Chainz,35,2017-03-09
Brodinski,8,2017-04-07
Brodinski,32,2017-03-03
Big Boi,1,2017
A$AP Mob,51,2017-04-28
Blvck O,20,2017-04-24
WELL$,24,2016-10-21
Mike WiLL Made-It,34,2017-03-24
Mike WiLL Made-It,39,2017-03-24
Mike WiLL Made-It,60,2017-03-24
Mike WiLL Made-It,62,2017-03-24
Playboi Carti,61,2017-04-14
Playboi Carti,65,2017-04-14
Tyga,0,2017-05-05
Future,9,2017-08-04
Bryson Tiller,52,2017-05-10
Desiigner,63,2017-02-09
Machine Gun Kelly,42,2017-05-12
Belly,37,2017-04-07
XXXTENTACION,63,2017-04-20
Logic,51,2017-05-05
Logic,56,2017-05-05
Rich Brian,7,2017-05-12
Future,68,2017-05-23
Lil Yachty,52,2017-05-26
A$AP Mob,65,2017-05-22
D'african,16,2017-05-19
Yo Gotti,0,2017-05-17
CHRIS YONGE,35,2017-03-07
PnB Rock,43,2017-06-09
Belly,48,2016-11-11
GASHI,0,2017-06-08
Lil Pump,52,2017-06-06
DJ Khaled,0,2017-06-05
Miami Bass Tracks,14,2013-10-19
DJ Kool,52,1996-01-01
DJ Jazzy Jeff & The Fresh Prince,40,1988-03-29
Kid 'N Play,23,1988
DJ Magic Mike,26,1990
Miami Bass Tracks,13,2016-06-13
Miami Bass Tracks,14,2013-10-19
Kid 'N Play,43,1988
DJ Kool,26,1996-01-01
Miami Bass Tracks,16,2013-02-01
N2DEEP,17,1994
2Pac,77,1996-02-13
Ron C,6,1992
Lil' Troy,63,1998
Eric B. & Rakim,51,1987
N.W.A.,50,1988-08-08
Geto Boys,35,2013-06-17
DJ Quik,45,1992
Digital Underground,48,2005-06-19
Power Supply,11,2009-10-15
Freak Nasty,25,2006-02-16
Westside Connection,42,1996-01-01
J.J. Fad,47,1988
Gucci Crew II,41,2017-01-30
Poison Clan,35,1992-03-18
Kris Kross,66,1992-03-17
Eazy-E,69,2007-01-01
N.W.A.,70,1988-08-08
Ice Cube,66,2017-06-09
Eazy-E,64,1987-01-01
2Pac,75,1996-02-13
Thug Life,52,1994-01-01
Snoop Dogg,58,1993
Snoop Dogg,63,1993
Tha Dogg Pound,52,1995
DJ Quik,53,1991
Tha Dogg Pound,55,1995
DJ Quik,53,1995
Mack 10,53,1997-01-01
Rappin' 4-Tay,52,1994-01-01
Dru Down,48,1994-09-06
Dru Down,41,1996-08-06
Too $hort,61,1996-05-21
E-40,36,1993
The Click,40,1995-07-08
Westside Connection,57,1996-01-01
Kid 'N Play,32,1988
LL Cool J,51,1985-11-18
Run–D.M.C.,43,1984-03-27
Public Enemy,56,1990-04-10
Grandmaster Flash & The Furious Five,48,1982-10-01
Heavy D & The Boyz,57,1991-01-01
Sir Mix-A-Lot,50,1988-01-01
N2DEEP,53,1992-06-01
Sir Mix-A-Lot,44,1988-01-01
Sir Mix-A-Lot,39,1989-01-01
The D.O.C.,46,1989
Too $hort,55,1990-09-11
Too $hort,42,1995-01-23
Cypress Hill,59,1991-08-13
MC Breed,48,1991-01-01
MC Breed,59,1993-01-01
LL Cool J,47,1987-07-22
Eric B. & Rakim,48,1987
Eric B. & Rakim,53,1992-01-01
Public Enemy,52,1988-04-14
DJ Magic Mike,36,1991
DJ Magic Mike,26,1990
95 South,27,1995-01-10
Freak Nasty,50,1996-10-29
2 LIVE CREW,34,1996-07-19
69 Boyz,34,1994-05-27
Heavy D & The Boyz,28,1987-10-25
Bobby Brown,56,1988-01-01
Stetsasonic,33,1988-06-15
MC Hammer,35,1988-01-01
MC Hammer,35,1996-10-01
Coolio,80,1995-11-07
Beastie Boys,46,1986-11-15
E.U.,39,1988-01-01
Bass Patrol,24,2004
Ice-T,37,1988
Compton's Most Wanted,33,1991-07-02
Cypress Hill,49,1991-08-13
Nice & Smooth,51,1991-01-01
Candyman,43,1990
Kwame,29,1989-01-31
Bass Patrol,18,2004
L'Trimm,35,2015-11-20
Digital Underground,42,1990-03-26
Mo Thugs,43,2018-03-23
Masta Ace Incorporated,39,1993
Drake,62,2019-02-15
Juice WRLD,3,2018-04-13
Playboi Carti,77,2018-05-11
Nicki Minaj,64,2015-01-23
Pete Philly & Perquisite,0,2007-09-10
Boaz,0,2010-10-10
Wiz Khalifa,38,2011-03-29
Kid Cudi,0,2010-01-01
Boaz,0,2010-10-10
The Notorious B.I.G.,74,1994-09-13
Kid Cudi,1,2010-01-01
Winne,32,2009-01-01
Kid Cudi,43,2009-01-01
J. Cole,3,2011-09-23
Raekwon,45,2012-01-01
JAY-Z,70,2011-08-08
Kanye West,3,2007-01-01
Wiz Khalifa,48,2012-04-23
Kanye West,64,2012-01-01
Talib Kweli,0,2005-11-22
The Game,10,2005
The Game,3,2012-01-01
Snoop Dogg,64,2005-01-01
50 Cent,56,2003-02-06
50 Cent,1,2005-03-03
50 Cent,0,2005-03-03
50 Cent,0,2009-01-01
Fresku,44,2010-01-01
De Jeugd Van Tegenwoordig,41,2010
De Jeugd Van Tegenwoordig,17,2008-01-01
Mattafix,65,2005
Flipsyde,3,2005-01-01
Kirko Bangz,62,2011-09-16
Tyga,6,2011-01-01
JAY-Z,4,2003-11-25
Kendrick Lamar,7,2012-08-03
Kendrick Lamar,15,2011-07-02
Wiz Khalifa,65,2011-03-29
De Jeugd Van Tegenwoordig,55,2008-01-01
Kid Cudi,0,2013-03-14
Public Enemy,61,2007-08-07
De Jeugd Van Tegenwoordig,0,2013-01-01
U-niq,15,2008-01-01
Great Minds,34,2013-01-01
Fatlip,0,2005
The Notorious B.I.G.,68,2007-03-05
Ice Cube,69,1994-11-22
AKI,55,2012-01-01
AZ,0,2006-11-07
50 Cent,69,2003-02-06
JAY-Z,0,2013-07-10
JAY-Z,1,2013-07-10
Meek Mill,65,2011-05-23
Rick Ross,2,2010-01-01
Jeezy,2,2008-01-01
JAY-Z,0,2013-07-10
Dr. Dre,5,1999-01-01
Dr. Dre,9,2010-01-01
Dr. Dre,18,1999-01-01
Thc,0,2007
De Jeugd Van Tegenwoordig,0,2013-01-01
Kempi,25,2009-01-01
B.o.B,0,2011-09-27
50 Cent,65,2003-02-06
Winne,19,2010-01-01
Drake,1,2013-01-01
Dio,47,2008-01-01
Drake,10,2012-01-01
Rich Gang,41,2013-01-01
Ice Cube,62,2006-01-01
Snoop Dogg,7,2004-01-01
Eminem,5,2004-11-12
Eminem,0,2009-01-01
The Game,47,2005-01-01
JAY-Z,7,2009-09-08
JAY-Z,0,2009-09-08
Drake,2,2009-01-01
Lupe Fiasco,65,2007-01-01
Wiz Khalifa,64,2011-03-29
Wiz Khalifa,14,2011-03-29
Eminem,13,2005-12-06
Drake,1,2013-08-06
ScHoolboy Q,1,2012-01-14
A$AP Rocky,5,2013-01-11
The Game,1,2008-01-01
Warren G,0,1995-11-17
The Game,1,2011-01-01
Busta Rhymes,0,2006-01-01
50 Cent,71,2003-02-06
Eminem,12,2013-11-05
Eminem,14,2005-12-06
Tyga,64,2013-01-01
Kid Cudi,44,2009-01-01
Mac Miller,68,2011-05-17
Kid Cudi,1,2010-01-01
Juicy J,65,2013-08-23
Mann,1,2010-01-01
Nas,66,1994
The Notorious B.I.G.,76,1994-09-13
Luniz,73,1995-01-01
Pete Rock & C.L. Smooth,60,1992-05-26
Ol' Dirty Bastard,65,1995
Common,53,1994-10-25
House Of Pain,74,1992-07-21
Naughty By Nature,64,1993-02-23
Nas,58,1994
Souls Of Mischief,68,1993-02-13
Mobb Deep,68,1995-04-25
Cypress Hill,70,1993-07-20
Snoop Dogg,70,1993
Fugees,10,1996
Craig Mack,57,1994
A Tribe Called Quest,52,1993-11-09
Wu-Tang Clan,72,1993-11-09
Big L,61,1995-03-28
Lords Of The Underground,59,1993-01-01
KRS-One,62,1993-09-03
Wu-Tang Clan,66,1993-11-09
Onyx,59,1993-03-30
KRS-One,58,1995-10-10
Gang Starr,61,1994-03-08
Raekwon,63,1995
Das EFX,58,1995-09-26
Smif-N-Wessun,58,1995
Das EFX,55,1992-04-07
Black Moon,55,1993
GZA,64,1995-01-01
Wu-Tang Clan,60,1993-11-09
Nas,51,1994
Ol' Dirty Bastard,59,1995
Lord Finesse,61,1996-02-20
Group Home,51,1995-01-01
Redman,62,1992-01-01
Jeru The Damaja,50,1994-05-24
Heltah Skeltah,44,1996-01-01
Mobb Deep,56,1995-04-25
Big L,53,1995-03-28
Artifacts,53,1994-10-25
Grand Puba,59,1995-06-20
Jeru The Damaja,58,1996-01-01
Black Moon,40,1993
Group Home,42,1995-01-01
Blahzay Blahzay,46,1996-08-13
Channel Live,41,1995-01-01
Showbiz & A.G.,53,1995-01-01
Das EFX,45,1993-11-16
GZA,59,1995-01-01
Lords Of The Underground,50,1993-01-01
Artifacts,56,1994-10-25
The Notorious B.I.G.,58,1994-09-13
Kool G Rap & DJ Polo,29,1992
Smif-N-Wessun,52,1995
O.G.C.,35,1996-01-01
Crooklyn Dodgers,53,1994-01-16
Rakim,54,1996-11-04
Black Moon,36,1993
Grand Puba,37,1992-09-29
Big L,48,1995-03-28
Wu-Tang Clan,63,1993-11-09
Wu-Tang Clan,54,1993-11-09
Wu-Tang Clan,56,1993-11-09
Wu-Tang Clan,52,1993-11-09
Wu-Tang Clan,60,1993-11-09
Wu-Tang Clan,60,1993-11-09
Wu-Tang Clan,58,1993-11-09
The Notorious B.I.G.,52,1994-09-13
The Notorious B.I.G.,64,1994-09-13
The Notorious B.I.G.,60,1994-09-13
The Notorious B.I.G.,60,1994-09-13
The Notorious B.I.G.,56,1994-09-13
The Notorious B.I.G.,53,1994-09-13
The Notorious B.I.G.,57,1994-09-13
The Notorious B.I.G.,52,1994-09-13
The Notorious B.I.G.,68,1994-09-13
Pete Rock & C.L. Smooth,29,1992-05-26
Pete Rock & C.L. Smooth,34,1992-05-26
Pete Rock & C.L. Smooth,26,1992-05-26
Pete Rock & C.L. Smooth,27,1992-05-26
Pete Rock & C.L. Smooth,52,1992-05-26
Pete Rock & C.L. Smooth,25,1992-05-26
Pete Rock & C.L. Smooth,24,1992-05-26
Pete Rock & C.L. Smooth,26,1992-05-26
Pete Rock & C.L. Smooth,27,1992-05-26
Pete Rock & C.L. Smooth,31,1992-05-26
Pete Rock & C.L. Smooth,25,1992-05-26
House Of Pain,40,1992-07-21
House Of Pain,48,1992-07-21
House Of Pain,36,1992-07-21
House Of Pain,43,1992-07-21
Jeremih,6,2015-12-04
YG,1,2016-06-17
Tyga,47,2014-11-22
Desiigner,11,2016-02-26
Kent Jones,66,2016-04-25
Fifth Harmony,66,2016-05-27
Fifth Harmony,78,2016-05-27
Fetty Wap,0,2016-04-22
2 Chainz,59,2012-01-01
Tyga,60,2012-01-01
The Chainsmokers,81,2016-02-05
JAY-Z,77,2011-08-08
DRAM,69,2016-04-06
Future,62,2016-04-13
DJ Khaled,56,2016-06-17
Macklemore & Ryan Lewis,9,2015-08-27
Future,67,2015-07-17
Silentó,68,2015-05-04
Drake,10,2016-05-06
Major Lazer,52,2015-11-27
Rihanna,31,2016-01-28
DJ Khaled,47,2016-08-05
Drake,73,2011-11-15
Ty Dolla $ign,60,2015-11-13
Kanye West,4,2012-09-06
Kevin Gates,70,2016-01-29
Kevin Gates,70,2016-01-29
MHD,3,2016-04-15
MHD,0,2016-04-15
Wiz Khalifa,67,2014-08-19
Stromae,15,2013-01-01
Stromae,20,2010-01-01
Jerry Purpdrank,36,2016-04-01
Fat Joe,68,2016-03-02
50 Cent,77,2003-02-06
50 Cent,7,2005-03-03
50 Cent,74,2003-02-06
Ludacris,2,2010-01-01
Chance the Rapper,69,2016-05-27
Drake,12,2016-05-06
Lil Wayne,77,2016-06-24
Rihanna,16,2016-01-28
Chance the Rapper,74,2016-05-27
Hopsin,38,2015-07-24
A$AP Ferg,71,2013-08-19
YG,0,2016-08-05
T-Wayne,65,2015-05-04
Rune RK,3,2014-10-27
Tyga,64,2012-01-01
Big Sean,67,2015-02-24
Mustard,61,2015-11-20
Nicki Minaj,73,2012-01-01
David Guetta,66,2012-12-07
David Guetta,66,2010-02-12
Flo Rida,76,2012-06-22
Usher,79,2004-03-23
Kid Ink,62,2015-03-17
Chris Brown,11,2014-09-12
Tyga,0,2016-01-15
Justin Bieber,21,2015-11-13
YG,9,2010-03-16
Wiz Khalifa,18,2015-03-10
Fetty Wap,68,2015-09-25
Tyga,55,2016-06-17
Kid Ink,45,2015-12-25
Tyga,37,2014-11-22
Sak Noel,0,2016-05-06
Omarion,70,2014-12-02
Major Lazer,37,2014-11-21
Ghost Town DJs,6,1996-06-04
Skrillex,72,2016-07-22
Soulja Boy,7,2007-01-01
Fetty Wap,1,2015-09-25
Kevin Gates,65,2014-12-15
Chris Brown,73,2015-02-24
Coldplay,74,2015-12-04
Don Omar,0,2014-02-18
NA,0,2012-01-05
Eminem,11,2005-12-06
J Balvin,10,2016-06-24
J Balvin,5,2015-06-23
DJ Snake,9,2014-10-14
Willy William,0,2015-11-20
Kid Ink,3,2013-09-17
Ludacris,39,2004-01-01
Calvin Harris,79,2016-04-29
G-Eazy,74,2014-06-20
Michael Jackson,77,1982-11-30
Terror Squad,5,2004-01-01
Avicii,25,2013-01-01
Martin Garrix,2,2014-03-10
Martin Garrix,0,2013-12-16
Dimitri Vegas & Like Mike,0,2013-06-11
Bassjackers,0,2016-06-20
Bassjackers,56,2015-04-28
UGK,42,1996-07-30
UGK,33,1996-07-30
UGK,49,1994-08-30
UGK,17,2014-03-14
Juvenile,37,1998-01-01
Juvenile,31,1998-01-01
Juvenile,39,1998-01-01
DJ Dow Jones,0,2014-05-26
Juvenile,22,2003-01-01
Juvenile,48,2006-02-27
Ludacris,51,2000-01-01
Ludacris,57,2004-01-01
Ludacris,46,2001-01-01
Ludacris,30,2004-01-01
Ludacris,31,2004-01-01
Ludacris,54,2004-01-01
Petey Pablo,63,2004
Trick Daddy,5,1999-08-16
Trick Daddy,16,2001-03-20
Master P,49,1997
Master P,41,1997
Hot Boys,47,1999-07-27
Hot Boys,30,1999-07-27
Hot Boys,28,1999-07-27
Hot Boys,22,1999-07-27
Big Mike,34,1994
Big Mike,22,1994
South Circle,17,1995-07-04
South Circle,19,1995-07-04
Scarface,52,2010-01-01
Scarface,49,1994
Do Or Die,51,1996
OutKast,59,1994-04-26
OutKast,50,1996-08-27
OutKast,49,2001-10-04
OutKast,8,2001-10-04
Goodie Mob,36,1998-04-07
Goodie Mob,31,1998-04-07
Goodie Mob,21,1998-04-07
Lil' Troy,18,1998
Lil' Troy,12,1998
DJ DMD,11,1998-01-01
DJ DMD,6,1998-01-01
DJ DMD,13,1998-01-01
DJ DMD,7,1998-01-01
DJ DMD,4,1998
Three 6 Mafia,41,2006-06-20
Three 6 Mafia,23,2006-06-20
Three 6 Mafia,45,2006-06-20
Three 6 Mafia,43,2006-06-20
Mystikal,42,2001-12-18
Mystikal,51,2000-09-26
Sean Price,26,2017-08-08
Raekwon,12,2017-03-24
Raekwon,25,2017-03-24
Sheek Louch,8,2015-12-04
"Royce Da 5'9""",27,2016-04-15
Talib Kweli,13,2017-04-14
Rick Ross,0,2015-12-04
Rick Ross,0,2015-12-04
Rick Ross,0,2015-12-04
Rick Ross,0,2015-12-04
Rick Ross,50,2017-03-17
Rick Ross,52,2017-03-17
Rick Ross,52,2017-03-17
Rick Ross,41,2017-03-17
Rick Ross,29,2014-11-24
Rick Ross,21,2014-11-24
Rick Ross,0,2014-01-01
Rick Ross,0,2014-01-01
Rick Ross,1,2014-01-01
Rick Ross,0,2014-01-01
Rick Ross,0,2014-01-01
Rick Ross,0,2012-01-01
Rick Ross,0,2012-01-01
Rick Ross,0,2012-01-01
Rick Ross,0,2012-01-01
Rick Ross,0,2012-01-01
Rick Ross,0,2012-01-01
Rick Ross,0,2012-01-01
Rick Ross,0,2012-01-01
Rick Ross,0,2012-01-01
Rick Ross,0,2012-01-01
Rick Ross,0,2012-01-01
Rick Ross,0,2011-01-01
Rick Ross,43,2012-01-01
Ice Cube,0,2017-06-09
The Game,31,2016-10-14
The Game,35,2016-10-14
The Game,31,2016-10-14
The Game,30,2016-10-14
The Game,39,2016-10-14
The Game,57,2016-10-14
The Game,33,2016-10-14
The Game,44,2016-10-14
The Game,1,2011-01-01
The Game,0,2011-01-01
The Game,0,2012-01-01
The Game,0,2012-01-01
The Game,0,2012-01-01
The Game,0,2012-01-01
A$AP Rocky,68,2018-04-05
A$AP Rocky,82,2018-05-25
Wu-Tang Clan,41,2014-11-28
Wu-Tang Clan,30,2014-11-28
Wu-Tang Clan,40,2014-11-28
Sean Price,24,2012-10-30
Sean Price,25,2012-10-30
Sean Price,23,2012-10-30
Sean Price,25,2012-10-30
Sean Price,16,2012-10-30
Sean Price,18,2012-10-30
Sean Price,21,2012-10-30
Sean Price,17,2012-10-30
The Carters,67,2018-06-18
Wiz Khalifa,46,2018-07-13
Wiz Khalifa,49,2018-07-13
The Carters,48,2018-06-18
The Carters,50,2018-06-18
Rapsody,28,2016-11-17
Rapsody,27,2016-11-17
Rapsody,26,2016-11-17
Ab-Soul,36,2014-06-24
Rapsody,36,2017-09-22
Rapsody,42,2017-09-22
Rapsody,30,2017-09-22
Rapsody,31,2017-09-22
Rapsody,16,2012-08-28
Rapsody,5,2012-02-24
Ludacris,28,2010-01-01
Ludacris,26,2010-01-01
Fredro Starr,13,2013-12-25
Fredro Starr,14,2013-12-25
Fredro Starr,7,2013-12-25
Fredro Starr,9,2013-12-25
La Coka Nostra,32,2012-07-31
La Coka Nostra,38,2012-07-31
La Coka Nostra,36,2012-07-31
La Coka Nostra,32,2012-07-31
La Coka Nostra,26,2012-07-31
La Coka Nostra,22,2012-07-31
La Coka Nostra,27,2012-07-31
La Coka Nostra,27,2012-07-31
Stephen Marley,1,2016-07-22
Stephen Marley,0,2016-07-22
A$AP Rocky,57,2015-05-26
A$AP Rocky,1,2013-01-11
A$AP Rocky,56,2015-05-26
A$AP Rocky,68,2015-05-26
A$AP Rocky,62,2015-05-26
"Noke D, D-Gotti, D-Reck, Tyte Eyes & Mike D",0,2004-01-01
Big Steve,9,2000-12-12
T.I.,53,2003-08-19
"Big Moe featuring D-Gotti, Noke D & D-Wreck",0,2000
8Ball & MJG,37,2015-03-03
Wreckshop Family,0,2004-01-01
DJ Screw & The Screwed Up Click,2,2008-02-12
Big Moe,0,2000
South Park Mexican,13,2001
Big Moe,7,2002-01-01
Fat Pat,0,1998-01-01
Lil' Flip,42,2002-08-19
DJ Screw & The Screwed Up Click,2,2008-02-12
Fat Pat,0,2001
Big Pokey,12,2002-08-06
Pymp Tyte,22,1999-07-20
Big Steve,11,2000-12-12
Big Moe,19,1999-07-16
TRU,35,1995-01-01
Fat Pat,3,2012-11-27
DJ Screw & The Screwed Up Click,0,2008-02-12
DJ Screw,44,1996
Devin The Dude,30,2013-08-15
Big Moe featuring Z-Ro,0,2000
DJ Screw & The Screwed Up Click,10,2008-02-12
Chamillionaire,49,2005-01-01
E.S.G. featuring Big Moe,0,1999-01-01
DJ Screw & The Screwed Up Click,8,2008-02-12
DJ Screw,38,1996
Big Moe featuring Ronnetta Spencer,0,2000
Fat Pat,30,1998-10-13
Fat Pat,27,1998-10-13
Paul Wall,3,2002
Fat Pat,0,2001
Big Moe,44,1999-07-16
Fat Pat,33,1998-03-03
DJ Screw & The Screwed Up Click,4,2008-02-12
Lil Wayne,46,2007-01-01
Lil Wayne,51,2005-01-01
Lil Baby,84,2018-10-05
Gunna,5,2018-04-16
Yella Beezy,58,2018-11-16
YFN Lucci,57,2017-03-03
O.T. Genasis,50,2016-11-11
Gucci Mane,20,2015-12-11
Gucci Mane,35,2005
Gucci Mane,20,2015-12-11
Pastor Troy,15,2005-03-01
Pastor Troy,9,2005-03-01
Pastor Troy,12,2005-03-01
Rocko,34,2008-01-01
Soulja Boy,28,2007-01-01
Cassidy,32,2005-06-27
Tapemasters Inc and Gucci Mane,11,2009-12-15
T-Rock,1,2012-10-30
Rich Homie Quan,40,2014-02-28
Rich Homie Quan,43,2014-12-09
Rich Homie Quan,31,2018-03-16
Fat Joe,54,2006-11-14
Gucci Mane,42,2015-12-11
August Alsina,61,2013-01-01
Young Nudy,52,2019-04-24
Jeezy,32,2005-07-26
T.I.,33,2006-03-27
Pastor Troy,47,2005-03-01
Pastor Troy,3,2011-03-22
Pastor Troy,4,2011-03-22
Pastor Troy,3,2011-03-22
Pastor Troy,6,2011-03-22
Pastor Troy,5,2011-03-22
T.I.,35,2007-06-12
T.I.,33,2007-06-12
T.I.,28,2006-03-27
Justin Timberlake,74,2002-11-04
Justin Timberlake,70,2006-09-13
Justin Timberlake,51,2006-09-13
Future,32,2012-01-17
DJ Drama,19,2009-06-15
YoungBoy Never Broke Again,84,2019-10-11
YoungBoy Never Broke Again,69,2017-08-04
2 Chainz,63,2017-06-16
Hustle Gang,39,2013-08-29
Plies,53,2016-01-29
T.I.,35,2009
Pastor Troy,3,2001-01-01
Demun Jones,41,2017-03-24
Adam Calhoun,33,2018-11-02
Adam Calhoun,0,2018-03-13
Adam Calhoun,0,2018-03-13
Upchurch,33,2016-01-15
Upchurch,59,2016-12-09
Upchurch,43,2016-12-09
Upchurch,65,2016-12-09
Upchurch,46,2017-10-18
Upchurch,52,2017-10-18
Upchurch,40,2017-10-18
Upchurch,40,2017-10-18
Upchurch,41,2017-10-18
Upchurch,42,2018-01-30
Upchurch,44,2018-01-30
Upchurch,41,2018-02-12
Upchurch,55,2018-02-12
Upchurch,41,2018-02-12
Upchurch,40,2018-02-12
Demun Jones,0,2018-06-29
Demun Jones,0,2018-06-29
Upchurch,58,2018-08-19
Upchurch,42,2018-08-19
Upchurch,54,2018-08-19
Demun Jones,32,2014-06-10
Demun Jones,51,2018-01-19
Demun Jones,27,2018-01-19
Demun Jones,28,2018-01-19
Jelly Roll,43,2017-11-03
Franklin Embry,45,2016-12-02
Struggle Jennings,49,2016-11-20
Jelly Roll,58,2019-04-15
Jelly Roll,35,2019-04-15
Jelly Roll,42,2019-04-15
Jelly Roll,56,2016-05-13
Jelly Roll,28,2016-05-13
Jelly Roll,26,2016-05-13
Jelly Roll,42,2016-05-13
Jelly Roll,30,2016-05-13
Jelly Roll,44,2017-11-03
Jelly Roll,54,2017-11-03
Jelly Roll,37,2017-11-03
Jelly Roll,39,2017-11-03
Jelly Roll,38,2017-11-03
Jelly Roll,61,2018-03-23
Jelly Roll,51,2018-03-23
Jelly Roll,54,2015-12-04
SMO,21,2018-02-23
SMO,24,2018-02-23
SMO,19,2018-02-23
SMO,25,2018-02-23
I4NI,44,2013-07-02
Danny Boone,46,2014-06-10
Danny Boone,27,2014-06-10
Danny Boone,20,2014-06-10
Danny Boone,30,2014-06-10
Danny Boone,38,2014-06-10
Danny Boone,21,2014-06-10
Danny Boone,21,2014-06-10
Danny Boone,21,2014-06-10
Jelly Roll,28,2019-04-05
Jelly Roll,31,2019-04-05
Jelly Roll,29,2019-04-05
Jelly Roll,28,2019-04-05
The Lacs,54,2012-04-03
Jelly Roll,35,2018-11-16
Jelly Roll,40,2018-11-16
Jelly Roll,42,2018-11-16
Jelly Roll,36,2018-11-16
Jelly Roll,34,2018-11-16
Colt Ford,58,2012-08-07
Jelly Roll,59,2017-04-21
Jelly Roll,54,2016-05-13
CRUCIFIX,35,2010-07-21
Big Matt,45,2012-06-12
Franklin Embry,32,2014-11-03
Colt Ford,57,2012-08-07
Haystak,43,2008-08-26
Upchurch,53,2018-12-21
Upchurch,42,2019-04-20
Upchurch,41,2019-04-20
Upchurch,52,2019-04-20
Upchurch,40,2019-04-20
Upchurch,42,2019-04-20
Upchurch,39,2019-04-20
Upchurch,42,2019-04-20
Upchurch,40,2019-04-20
Struggle Jennings,47,2016-11-11
Struggle Jennings,43,2016-11-11
Struggle Jennings,54,2016-11-11
Struggle Jennings,52,2013-05-17
Sonny Bama,38,2016-06-17
Bottleneck,40,2016-11-01
Bottleneck,18,2016-11-01
Bubba Sparxxx,46,2014-04-20
Danny Boone,24,2014-06-10
Jelly Roll,42,2018-12-07
Danny Boone,36,2015-03-03
Colt Ford,13,2019-05-10
Colt Ford,46,2012-08-07
50 Cent,1,2005-03-03
DMX,66,2003-01-01
Rick Ross,67,2006-01-01
DMX,0,2010-01-01
Rick Ross,42,2013-01-01
Rick Ross,1,2012-01-01
Lil Muk,48,2019-12-13
Alexander Lewis,52,2019-11-22
F$O Dinero,21,2019-11-26
City Girls,62,2019-11-27
Riff Raff,48,2020-01-10
Lil Baby,88,2019-11-08
Bankrol Hayden,67,2020-01-10
Ron Suno,64,2019-11-29
Maredatruth,39,2019-11-09
Yungeen Ace,65,2019-11-08
50 Cent,0,2007-01-01
ABG Neal,46,2019-11-20
1PLAYY,55,2019-12-27
Justina Valentine,24,2020-01-14
G-Unit,1,2003-01-01
Billy Marchiafava,60,2019-11-01
Jae Mansa,45,2019-11-11
TrifeDrew,59,2019-11-12
DMX,56,2012-08-07
Mikey Polo,38,2019-11-20
PashaPG,0,2019-05-03
DA Image,34,2019-06-11
E-40,63,2019-07-26
50 Cent,30,2006-10-24
Moxas,48,2019-11-08
50 Cent,0,2009-01-01
Michael Kraun,35,2019-11-22
50 Cent,1,2009-01-01
50 Cent,1,2005-03-03
YBS Skola,43,2019-11-05
50 Cent,0,2003-02-06
G-Unit,0,2008-01-01
YBS Skola,38,2019-10-22
50 Cent,2,2005-03-03
50 Cent,0,2005-01-01
50 Cent,1,2003-02-06
50 Cent,7,2005-01-01
Moosh & Twist,36,2019-10-18
50 Cent,52,2003-02-06
Rafi Malice,38,2019-09-13
Snoop Dogg,7,2004-01-01
Fljúga,56,2019-08-16
Curren$y,38,2019-08-02
G-Unit,0,2003-01-01
Gyyps,32,2019-08-23
The Game,47,2005-01-01
Rick Ross,59,2006-01-01
G-Unit,2,2003-01-01
Eminem,16,2002-05-26
Eminem,5,2002-05-26
Phay,27,2019-08-09
Jacob Tillberg,50,2019-03-24
The Game,2,2005
Eminem,8,2002-11-13
G-Unit,0,2008-01-01
Moosh & Twist,31,2019-08-02
50 Cent,0,2011-01-01
Tony Yayo,0,2005-01-01
Kuda,37,2019-03-21
Dr. Dre,16,1999-01-01
Weisser Quiff,45,2019-04-10
Flamma,30,2019-11-30
50 Cent,0,2009-01-01
D12,4,2001-01-01
YUCIFER,36,2019-12-19
Dewey da Don,27,2019-11-15
NJayC,35,2019-12-10
50 Cent,0,2009-01-01
Rob Level,43,2019-11-28
J. Loree,28,2019-12-20
50 Cent,63,2003-02-06
J. Loree,23,2019-11-08
G-Unit,0,2003-01-01
DMX,11,2010-01-01
DMX,63,2011-03-08
DMX,7,1999-01-01
Rick Ross,59,2010-01-01
Rick Ross,43,2012-01-01
Nas,0,2001-12-18
Nas,0,2002-12-13
Nas,0,2007-11-06
JAY-Z,39,2010-11-22
DJ Khaled,62,2010-02-03
M.O.P.,32,2000
Dr. Dre,3,1999-01-01
Funkmaster Flex,0,1999-01-01
Snoop Dogg,53,2005-01-01
Eminem,0,2000-05-23
Meek Mill,33,2012-06-22
Snoop Dogg,29,2011-01-01
Fabolous,50,2007-04-24
Meek Mill,47,2012-09-10
N.W.A.,0,2006-01-01
Ice Cube,24,2006-01-01
Method Man,10,1999-09-28
50 Cent,0,2005-01-01
The Game,1,2008-01-01
N.W.A.,24,2008-01-01
Nas,21,2001-12-18
DJ Khaled,31,2011-01-01
Westside Connection,66,2003-12-09
DMX,1,2010-01-01
The Notorious B.I.G.,64,1994-09-13
Jeezy,0,2007
Nas,0,2007-11-06
2Pac,0,2007-12-04
Nas,0,2007-11-06
50 Cent,51,2003-02-06
The Game,0,2011-01-01
2Pac,65,1998-01-01
50 Cent,0,2005-01-01
Rick Ross,3,2006-01-01
The Game,10,2005
50 Cent,1,2007-01-01
DJ Khaled,49,2007-06-12
50 Cent,1,2007-01-01
Meek Mill,65,2011-05-23
Meek Mill,44,2012-02-07
The Notorious B.I.G.,62,2007-03-05
Lil Wayne,48,2011-01-01
The Notorious B.I.G.,0,1997-03-04
The Game,0,2006-01-01
The Game,0,2006
The Notorious B.I.G.,60,1994-09-13
Terror Squad,5,2004-01-01
50 Cent,65,2003-02-06
Snoop Dogg,58,1993
G-Unit,0,2003-01-01
The Game,1,2011-01-01
Tyga,47,2012-01-01
Cam’ron,3,2002-01-01
Meek Mill,32,2011-05-23
The Notorious B.I.G.,60,2009-01-12
DMX,3,2007-06-16
Jeezy,2,2008-01-01
JAY-Z,2,2005-12-06
Fort Minor,58,2005-11-21
DMX,0,2007-06-16
2Pac,45,2003-01-01
Three 6 Mafia,60,2005-09-27
Young Money,65,2009-01-01
G-Unit,0,2003-01-01
T.I.,1,2008-09-08
The Game,0,2011-01-01
2Pac,0,2004-12-14
DMX,0,2007-06-16
2Pac,40,1998-01-01
2Pac,50,1998-01-01
Meek Mill,45,2011-05-23
Swizz Beatz,0,2007-01-01
DMX,0,2001-01-01
Snoop Dogg,1,2006-01-01
DJ Khaled,59,2007-06-12
DJ Khaled,44,2011-01-01
Cam’ron,1,2002-01-01
Kaspiyskiy Gruz,49,2015-01-26
Местный,45,2012-10-12
Брутто,32,2019-09-27
Gamora,46,2018-11-09
Litvinenko,46,2019-09-18
Gamora,0,2017-06-18
Andery Toronto,38,2017-11-10
Andery Toronto,47,2018-06-01
Брутто,30,2019-09-27
Nurminsky,33,2019-07-05
nogano,41,2016-12-31
Gamora,35,2018-11-09
Advaita,11,2015-07-31
Advaita,22,2015-07-31
StaFFord63,0,2018-03-07
StaFFord63,37,2018-04-27
Gamora,27,2018-10-15
N1NT3ND0,50,2011
CVPELLV,26,2016-07-22
Kaspiyskiy Gruz,41,2016-07-12
Kaspiyskiy Gruz,27,2014-04-01
ARVVB,0,2016-10-25
Scroodgee,36,2017-04-14
Blow Money Fast,23,2016-12-16
Blvckross,0,2017-04-11
Bym,0,2017-05-31
Scroodgee,30,2016-12-05
Scroodgee,30,2016-06-27
Blvckross,0,2017-04-11
Blvckross,0,2017-04-11
Blvckross,0,2017-04-11
Bym,0,2017-05-31
Сережа Местный,25,2013-11-11
Timati,40,2017-07-20
Jah Khalib,50,2018-03-16
N1NT3ND0,32,2011
Basta,24,2014
Sasha Chest,28,2015-10-07
MiyaGi,52,2018-05-25
StaFFord63,22,2018-07-01
Gamora,32,2017-06-18
Местный,0,2018-11-13
Местный,0,2018-11-13
ВАРГРАД,19,2018-11-09
Kaspiyskiy Gruz,21,2016-07-21
Kaspiyskiy Gruz,25,2016-07-21
Местный,0,2018-11-13
БРАТУБРАТ,0,2018-08-13
Simaga,24,2015-06-03
MiyaGi & Endspiel,51,2018-07-15
Andery Toronto,25,2019-06-14
Orheyn,7,2017-03-08
Chester Nebro,36,2019-03-29
Chester Nebro,21,2018-03-23
MAXIFAM,3,2018-04-28
Сережа Местный,18,2013-11-11
Местный,17,2019-05-08
Rem Digga,36,2015-03-17
Chester Nebro,21,2019-08-16
Andery Toronto,21,2018-10-26
MiyaGi,3,2019-06-21
Andery Toronto,18,2018-10-26
Mezza,32,2015-10-19
MACAN,28,2019-05-05
БРДК,13,2018-04-20
Бардак,19,2014-12-07
Chester Nebro,30,2014-08-06
Young Buck,0,2004-01-01
50 Cent,0,2005-03-03
Eminem,38,2006-12-04
50 Cent,0,2003-02-06
G-Unit,0,2008-01-01
G-Unit,0,2008-01-01
G-Unit,0,2008-01-01
DMX,34,2003-01-01
Notorious B.I.G. & 50 Cent,0,2005-04-20
"50 Cent, DJ Whoo Kid",31,2007-01-30
G Unit,12,2017-02-10
The Game,2,2005
The Game,0,2005
DMX,61,2003-01-01
Eminem,4,2003-02-18
DMX,1,1998-01-01
DMX,12,2010-01-01
DMX,5,1999-01-01
DMX,0,1998-01-01
Young Buck,0,2006-01-01
Young Buck,0,2006-01-01
Jeezy,0,2005-07-26
Jeezy,0,2005-07-26
Xzibit,61,1996
Ice Cube,62,2006-01-01
YG,48,2013-01-01
Gang Starr,0,1999-06-08
Eminem,83,2002-05-26
YG,1,2014-01-01
The Game,19,2008-01-01
Meek Mill,73,2017-12-15
YG,0,2014-01-01
YG,0,2014-01-01
YG,0,2014-01-01
ScHoolboy Q,51,2012-01-14
The Game,35,2015-10-09
The Game,29,2015-10-09
Fat Joe,68,2016-03-02
Lloyd Banks,0,2006-01-01
Young Buck,0,2004-01-01
Ruff Ryders,0,2000-01-01
50 Cent,65,2003-02-06
DMX,2,2007-06-16
Dr. Dre,12,1999-01-01
50 Cent,0,2005-03-03
Lloyd Banks,0,2004-01-01
Disturbing Tha Peace,3,2001-01-01
G Unit,11,2017-02-10
Young Buck,0,2006-01-01
Makaveli,67,1996-11-05
Lil Scrappy,10,2006-12-05
Slim Thug,52,2009-03-24
Obie Trice,0,2003-01-01
Snoop Dogg,61,1999-01-01
Young Buck,35,2017-12-01
50 Cent,0,2005-01-01
Ice Cube,51,2006-01-01
Warren G,64,2012-04-24
JAY-Z,77,2011-08-08
2Pac,1,2001-03-27
The Notorious B.I.G.,47,1999
Ice Cube,38,2008-01-01
Eminem,11,2005-12-06
50 Cent,0,2014-01-01
50 Cent,0,2014-01-01
G-Unit,0,2014-08-25
Jae Mansa,47,2019-11-22
G-Unit,0,2014-08-25
Jeriqo,47,2019-11-28
R-Mean,43,2019-11-29
TOKiMONSTA,47,2020-01-14
SGE Kash,40,2019-12-13
Rick Ross,27,2008-01-01
Eminem,48,2014-11-24
YNG Martyr,65,2019-10-11
Big Sean,5,2015-02-23
SASH,45,2020-01-08
Jamballaz,36,2019-12-10
50 Cent,1,2005-01-01
Ice Cube,3,1991-10-29
Pasto Flocco,51,2019-12-13
DA Image,38,2019-11-15
El-P,39,2007-03-20
Mishaal,48,2019-12-13
G-Unit,0,2014-08-25
50 Cent,59,2016-05-11
Christian French,68,2019-05-17
Dr. Dre,3,2007
Stormzy,2,2015-09-11
DJ Paul,49,2019-12-06
50 Cent,1,2005-01-01
Ice Cube,74,1992-11-17
Bad Meets Evil,4,2011-01-01
M O P,43,2010-05-26
D12,0,2004-01-01
Ice Cube,69,1994-11-22
Eminem,1,2015-07-24
D12,1,2004-01-01
Ice Cube,34,2006-01-01
Ice Cube,28,2010-09-28
Rotimi,0,2015-06-19
Bad Meets Evil,0,2011-01-01
Bad Meets Evil,0,2011-01-01
Eminem,0,2009-05-15
Eminem,0,2009-05-15
Eminem,10,2005-12-06
Eminem,21,2005-12-06
Eminem,0,2004-11-12
Eminem,0,2009-05-15
Eminem,10,2013-11-05
D12,1,2004-01-01
D12,38,2011-04-04
D12,0,2001-01-01
D12,0,2001-01-01
Rae Sremmurd,4,2015-01-06
T.I.,0,2016-05-16
Akon,28,2006
T.I.,3,2010-12-03
Kanye West,7,2010-01-01
Skooly,15,2019-05-09
Block Scholars,27,2018-09-04
Nate57,49,2019-12-13
KASIMIR1441,55,2019-12-05
DJ Razé,62,2019-12-13
Reda Rwena,30,2018-01-12
Reda Rwena,31,2017-09-13
Reda Rwena,27,2017-09-22
AK Ausserkontrolle,50,2016-04-15
AK Ausserkontrolle,40,2016-04-15
AK Ausserkontrolle,42,2017-05-05
AK Ausserkontrolle,49,2017-05-05
AK Ausserkontrolle,42,2017-05-05
Capital Bra,47,2017-09-29
Capital Bra,50,2017-02-03
Capital Bra,49,2017-02-03
Capital Bra,51,2016-01-29
Capital Bra,41,2016-01-29
18 Karat,53,2017-04-07
18 Karat,39,2017-04-07
LX & Maxwell,53,2015-06-12
AchtVier,31,2017-12-08
AchtVier,0,2013-06-28
Olexesh,19,2014-03-07
Olexesh,20,2015-03-27
Olexesh,13,2015-03-27
Olexesh,18,2016-10-21
Hasuna,42,2015-01-30
LX,52,2015-01-30
187 Strassenbande,50,2017-07-18
Gzuz,57,2015-01-30
Gzuz,52,2015-10-09
Haftbefehl,53,2014-11-28
Haftbefehl,32,2014-11-28
Azad,40,2017-07-21
Baba Saad,22,2017-11-06
Baba Saad,21,2017-12-15
Baba Saad,23,2017-12-15
Bushido,20,2017-06-09
Bushido,22,2015-02-13
Hanybal,0,2015-02-27
SSIO,1,2013-09-13
Veysel,0,2014-10-17
Milonair,1,2014-03-21
Gzuz,55,2016-05-27
AchtVier,16,2017-11-17
AK Ausserkontrolle,45,2016-04-15
Haftbefehl,45,2014-01-01
Celo & Abdi,0,2017-10-27
Nate57,0,2010-06-25
AchtVier,27,2015-09-25
TaiMO,27,2018-01-19
18 Karat,0,2018-01-12
Sa4,44,2015-01-30
Haze,27,2018-01-19
KC Rebell,42,2015-06-12
KC Rebell,41,2014-05-30
LOKO BEN,41,2017-01-26
Hanybal,0,2017-10-04
BTNG,33,2017-01-27
Hanybal,0,2016-09-16
Sami,42,2017-06-23
Fard,27,2018-01-26
TaiMO,27,2018-02-23
18 Karat,38,2018-03-09
Hemso,52,2018-02-23
Hasan.K,9,2017-07-21
Milonair,0,2014-03-21
Veysel,0,2017-11-02
Kurdo,30,2014-01-10
Reda Rwena,30,2018-03-30
Haze,53,2018-02-16
Haze,43,2018-02-16
Sa4,41,2017-11-10
Kurdo,35,2017-09-15
Bushido,0,2002-05-20
Haftbefehl,39,2012-02-10
BTNG,17,2017-01-27
Dú Maroc,26,2018-04-20
Bushido,20,2017-06-09
Jigzaw,31,2018-01-19
Gringo,8,2018-05-11
Baba Saad,26,2014
Milonair,0,2018-06-01
Payy,17,2018-01-26
Noah,40,2018-03-30
Nazar,0,2016-05-13
Fler,34,2010-06-11
Milonair,0,2016-05-20
Manuellsen,28,2015-08-01
Sero El Mero,46,2018-07-24
Haze,37,2018-02-16
Hanybal,0,2016-09-16
Haze,44,2018-02-16
18 Karat,26,2018-05-04
Reda Rwena,29,2018-08-24
JURI,24,2018-06-29
Kollegah,1,2015-10-09
Reda Rwena,39,2018-09-14
Haze,32,2018-02-15
Sa4,44,2016-05-27
LOKO BEN,46,2018-02-28
Dr. Dre,75,1999-11-16
N.W.A.,68,1988-08-08
Dr. Dre,70,1999-11-16
Slick Rick,0,2004-01-01
2Pac,62,1998-01-01
Eazy-E,54,2006-01-01
Dr. Dre,71,1999-11-16
N.W.A.,61,1991-05-28
The Game,72,2005
Kid Frost,51,1990-01-01
Eazy-E,50,1988-09-13
N.W.A.,70,1988-08-08
2Pac,46,1991-11-12
Public Enemy,0,2004-01-01
Luniz,73,1995-01-01
The Notorious B.I.G.,76,1994-09-13
Warren G,73,1994-06-07
Compton's Most Wanted,53,1992-09-08
Snoop Dogg,72,1993
Eric B. & Rakim,0,2004-01-01
The Notorious B.I.G.,74,1994-09-13
Cypress Hill,59,1991-08-13
The D.O.C.,51,1989
Above The Law,31,1990-03-27
Too $hort,55,1990-09-11
Snoop Dogg,70,1993
2Pac,77,1996-02-13
Post Malone,88,2018-04-27
Travis Scott,94,2019-10-04
Drake,13,2018-06-29
Post Malone,46,2019-09-06
Drake,88,2019-06-15
21 Savage,81,2018-12-21
G-Unit,53,2003-01-01
BlocBoy JB,79,2018-02-09
Post Malone,41,2019-09-06
Meek Mill,85,2018-11-30
Ski Mask The Slump God,82,2018-11-30
Post Malone,48,2019-09-06
Drake,12,2018-06-29
Juice WRLD,92,2019-10-04
Wu-Tang Clan,72,1993-11-09
DaBaby,93,2019-09-27
G-Unit,67,2003-01-01
The Notorious B.I.G.,75,1997-03-04
DaBaby,88,2019-09-27
Lil Tecca,19,2019-05-22
Pop Smoke,76,2019-07-26
Trippie Redd,39,2019-11-26
Roddy Ricch,81,2019-11-25
DJ Shadow,38,2019-11-15
Dave,71,2019-11-07
Lil Mosey,64,2019-09-17
Trippie Redd,41,2019-11-26
Roddy Ricch,80,2019-10-25
Smokepurpp,65,2019-12-06
Only The Family,56,2019-12-06
Yung Gravy,71,2019-11-29
Kid Buu,44,2019-11-08
The Game,72,2005
Rich The Kid,75,2019-12-06
Dave,74,2019-09-13
Only The Family,59,2019-12-11
Smokepurpp,67,2019-12-13
snowsa,26,2019-08-14
Roddy Ricch,98,2019-12-06
Baby Keem,83,2019-07-19
Don Toliver,92,2019-05-29
Travis Scott,89,2019-12-27
Dr. Dre,57,1999-11-16
Ice Cube,60,2008-01-01
Big L,50,1995-03-28
The Notorious B.I.G.,57,1994-09-13
Gang Starr,23,2006-01-01
Mobb Deep,62,1999-04-27
Big L,0,2000-08-01
The Notorious B.I.G.,52,1994-09-13
Scarface,32,2010-01-01
Luniz,60,2010-04-20
Fugees,1,1996
JAY-Z,0,1996-06-25
King T,0,2012-07-10
DJ Quik,0,2001-05-01
Kausion,0,1995-06-01
Mack 10,35,2010-02-23
Menace ll Society,0,1993
Kurupt,0,1998-10-06
Ol' Dirty Bastard,65,1999
Lords Of The Underground,59,1993-01-01
Ghostface Killah,17,2009-05-15
Mobb Deep,68,1995-04-25
GZA,56,1995-01-01
Mos Def,0,2009-06-09
Snoop Dogg,58,1993
Fugees,8,1996
Big Pun,35,2009-09-15
Nas,0,1994-04-19
OutKast,52,1994-04-26
Raekwon,47,1995
Ghostface Killah,32,2000-01-27
Method Man,0,1994-11-15
MF DOOM,40,2011-04-26
Geto Boys,0,1992-11-17
GZA,41,1995-01-01
Big L,61,1995-03-28
MF DOOM,42,2011-04-26
Gang Starr,33,1992-05-05
Scarface,0,1994-10-18
MF DOOM,47,2011-04-26
Raekwon,63,1995
The Notorious B.I.G.,56,1994-09-13
Wu-Tang Clan,60,2004-10-26
Dr. Dre,64,1999-11-16
Ice Cube,60,2001-12-04
Method Man,0,1994-11-15
OutKast,59,1996-08-27
Camp Lo,55,1997-01-28
Wu-Tang Clan,44,1997-06-03
N.W.A.,32,2006-01-01
Skee-Lo,61,1995-09-02
JAY-Z,55,2003-11-14
Nas,0,1994-04-19
Juice The Motion Picture Soundtrack,0,2012-04-05
Diddy,56,2004-03-09
Gang Starr,37,1999-07-13
Nas,64,1996-07-02
Onyx,6,1993-03-30
N.W.A.,50,2006-01-01
Black Moon,55,1993
2Pac,68,1996-02-13
Too $hort,50,1992-07-13
Pete Rock,31,1993-06-29
Q-Tip,30,2008-11-04
A Tribe Called Quest,69,1990-04-17
Three 6 Mafia,47,2005-07-05
J Dilla,39,2006-02-07
OutKast,59,1994-04-26
Mack 10,22,2010-02-23
Big L,0,2000-08-01
Beastie Boys,24,1994-05-23
Dead Prez,62,2000-02-08
Pete Rock,0,2003-11-04
Nas,50,1994-04-19
Raekwon,43,1995
The Notorious B.I.G.,0,1997-03-04
Cormega,38,2004-05-25
Big L,45,1995-03-28
The Notorious B.I.G.,58,1994-09-13
Mos Def,0,2005-01-01
Big Pun,65,1999-08-28
Big L,0,2000-08-01
Big L,0,2000-08-01
Ol' Dirty Bastard,37,1995
Ol' Dirty Bastard,59,1995
Smif-N-Wessun,58,2008-01-15
Wu-Tang Clan,48,1997-06-03
Ghostface Killah,27,2000-01-27
Ghostface Killah,48,1996
The Notorious B.I.G.,3,1997-03-04
Digable Planets,58,1993-01-01
Eric B. & Rakim,51,1987
Eric B. & Rakim,47,1988
Dylan Brady,42,2015-05-01
MISOGI,47,2016-05-23
Ja Rule,42,2001-01-01
Night Lovell,61,2019-02-22
Taz,48,2019-04-07
Night Lovell,51,2019-02-22
Night Lovell,55,2019-02-22
Night Lovell,49,2019-02-22
Night Lovell,51,2019-02-22
$uicideBoy$,68,2015-06-15
Taz,35,2019-04-07
Taz,45,2018-09-03
Night Lovell,61,2019-02-22
Unaverage Gang,46,2019-10-21
Hippie Sabotage,61,2019-07-23
Night Lovell,47,2019-02-22
Night Lovell,62,2019-02-22
Unaverage Gang,54,2019-07-15
Taz,37,2019-04-06
Night Lovell,48,2019-02-22
BONES,49,2019-05-03
Method Man,35,2012-10-21
Shahmen,51,2019-10-31
Josh A,54,2019-10-30
2Scratch,56,2019-10-25
Prznt,40,2019-02-09
Trevor Daniel,97,2018-10-05
BONES,33,2014-09-02
BONES,39,2019-05-24
BONES,38,2019-05-03
Nas,68,1996-07-02
The Notorious B.I.G.,68,1994-09-13
50 Cent,77,2003-02-06
Dr. Dre,18,1999-01-01
N.W.A.,4,1988-08-08
50 Cent,65,2003-02-06
Coolio,19,1995-11-07
Dr. Dre,18,1999-01-01
Ice Cube,2,1992-11-17
Westside Connection,26,2001-12-04
50 Cent,75,2005-03-03
Eazy-E,50,2008-01-01
N.W.A.,7,1988-08-08
50 Cent,1,2017-03-31
Mike Jones,48,2007
Westside Connection,39,1996-10-22
JAY-Z,60,2003-11-14
Eminem,1,2005-12-06
Westside Connection,24,2007-11-30
2Pac,11,1998-01-01
Westside Connection,49,1996-10-22
50 Cent,52,2003-02-06
JAY-Z,3,2010-11-22
2Pac,2,1998-01-01
Scarface,60,2010-01-01
50 Cent,0,2017-03-31
2Pac,0,2004-12-14
Eminem,0,2009-05-15
2Pac,1,1998-01-01
The Game,11,2005
Eminem,0,2009-05-15
Cypress Hill,0,2013-06-21
Eminem,1,2005-12-06
2Pac,0,2017-06-21
2Pac,0,2017-06-21
50 Cent,62,2003-02-06
N.W.A.,1,1988-08-08
Snoop Dogg,0,2004-03-01
Mobb Deep,73,1995-04-25
Ice Cube,8,1993-12-07
G-Unit,3,2003-01-01
N.W.A.,39,1996-07-02
2Pac,75,1996-02-13
Dr. Dre,3,1999-01-01
2Pac,1,1998-01-01
Geto Boys,65,1991-07-02
N.W.A.,54,1996-07-02
2Pac,31,2011-03-11
Eazy-E,69,2007-01-01
2Pac,68,2004-01-01
Cypress Hill,70,1993-07-20
Pharoahe Monch,5,2011-05-17
Nas,62,1999-04-06
Da Brat,54,1994-06-28
D12,7,2001-01-01
2Pac,65,1996-02-13
Busta Rhymes,66,2002-11-26
Wu-Tang Clan,66,1993-11-09
Wu-Tang Clan,66,1993-11-09
N.W.A.,59,2006-01-01
Westside Connection,41,2003-12-09
Snoop Dogg,25,2006-01-01
Mobb Deep,66,1996-11-19
Ice Cube,2,2000-03-21
N.W.A.,32,1996-07-02
The Notorious B.I.G.,66,1997-03-04
Eazy-E,53,1993-11-05
N.W.A.,50,1988-08-08
Nas,66,1994
2Pac,2,1998-11-24
N.W.A.,62,1988-08-08
Eazy-E,54,2007-01-01
Dr. Dre,61,1995-01-01
Big Pun,55,1999-08-28
N.W.A.,57,1996-07-02
AK Ausserkontrolle,52,2017-05-05
Shindy,45,2013-08-02
Shindy,50,2013-07-12
Kollegah,42,2016-12-09
Vega,45,2015-01-16
Zuna,45,2017-02-17
AK Ausserkontrolle,37,2017-05-05
Bushido,10,2017-06-09
Kollegah,0,2015-10-09
AJÉ,0,2017-06-09
LX & Maxwell,45,2015-06-12
Olexesh,12,2014-03-07
18 Karat,49,2017-04-07
Capital Bra,52,2017-02-03
AK Ausserkontrolle,56,2017-05-05
Azet,44,2016-01-20
Zuna,48,2016-01-20
Capital Bra,1,2017-07-02
187 Strassenbande,0,2009-07-24
AJÉ,0,2017-06-09
187 Strassenbande,1,2017-07-11
Bonez MC,43,2015-01-30
AK Ausserkontrolle,52,2016-04-15
P.M.B.,42,2015-06-22
Fler,0,2016-02-11
Mosh36,0,2017-08-04
AK Ausserkontrolle,47,2016-04-29
AK Ausserkontrolle,43,2016-04-29
AK Ausserkontrolle,50,2016-04-29
Gzuz,0,2011-01-21
Manuellsen,39,2016-09-30
Kollegah,0,2010
Kollegah,15,2014-01-01
Kollegah,0,2011
Gzuz,41,2014-05-23
Ufo361,40,2016-03-25
KALIM,0,2017-09-01
PA Sports,1,2017-05-05
Miami Yacine,43,2017-09-08
Kulturerbe Achim,28,2017-09-01
Kollegah,0,2017-09-28
Capital Bra,47,2017-09-29
Capital Bra,47,2017-09-29
Dardan,3,2017-05-19
Capital Bra,55,2017-09-29
Azet,52,2016-12-23
Capital Bra,39,2017-09-29
Sa4,54,2017-10-13
Bosca,19,2017-09-01
Celo & Abdi,0,2017-10-13
Olexesh,11,2014-03-07
Kollegah,0,2017-11-03
Azet,49,2016-06-03
Sa4,44,2017-11-10
Gzuz,41,2015-01-30
Sa4,57,2017-11-10
Hanybal,0,2015-03-06
Luciano,34,2017-11-14
Azet,56,2016-06-03
Anonym,38,2017-11-17
18 Karat,44,2017-04-07
Azzi Memo,36,2017-05-26
NA,0,2017-12-01
NA,0,2017-12-01
Ali Bumaye,36,2016-06-03
Azet,43,2017-12-08
Olexesh,43,2017-12-15
Bonez MC,37,2015-01-30
Bonez MC,41,2015-01-30
Nate57,32,2018-01-07
Olexesh,13,2014-03-07
Olexesh,9,2015-09-25
Olexesh,10,2015-09-25
Olexesh,6,2016-12-01
Olexesh,36,2018-01-26
Fler,0,2018-01-12
Olexesh,52,2018-02-16
Azet,58,2017-12-27
RAF Camora,48,2017-12-15
Joshi Mizu,39,2017-11-10
18 Karat,0,2018-02-09
Gzuz,1,2018-02-09
Zuna,41,2017-04-14
Olexesh,22,2014-03-07
Ufo361,50,2018-02-23
Olexesh,42,2018-03-02
Olexesh,40,2018-03-02
Olexesh,44,2018-03-02
Olexesh,45,2018-03-02
Luciano,55,2017-11-17
Dardan,53,2018-02-02
Kollegah,0,2017-07-14
18 Karat,48,2018-03-09
The Notorious B.I.G.,6,1997-03-04
Coolio,0,1994-07-19
2Pac,0,2007-12-04
The Notorious B.I.G.,42,2007-03-05
The Notorious B.I.G.,3,1997-03-04
Geto Boys,0,1992-11-17
Ice Cube,70,1993-12-07
Geto Boys,60,1992-11-17
Thug Life,50,1994-01-01
Eminem,77,2005-12-06
Eminem,74,2000-05-23
Dr. Dre,39,1996-01-01
Snoop Dogg,54,1993
Snoop Dogg,63,1993
2Pac,62,1996-02-13
N.W.A.,30,2007-01-01
Snoop Dogg,55,1993
The Notorious B.I.G.,72,1997-03-04
Warren G,64,1994-06-07
Mista Grimm,41,1993-06-29
2Pac,65,1996-02-13
2Pac,56,1996-02-13
2Pac,66,1996-02-13
2Pac,54,1996-02-13
2Pac,58,1996-02-13
Westside Connection,57,1996-01-01
Too $hort,42,1993-10-24
Craig Mack,53,1994-01-01
Wendy Rene,47,2005-02-08
Eve,71,2001-01-01
Nas,57,2002-12-13
Snoop Dogg,56,1993
MC Breed,48,1991-01-01
Westside Connection,41,1996-01-01
Ice Cube,42,2017-06-09
A$AP Rocky,16,2013-01-11
Mustard,0,2016-09-30
Mustard,0,2014-08-11
French Montana,63,2016-05-27
French Montana,0,2016-07-16
Future,68,2015-07-17
Future,62,2015-07-17
Future,51,2016-04-13
The Game,3,2012-01-01
Kendrick Lamar,67,2012-10-22
Kid Ink,62,2015-03-17
T.I.,0,2012-12-18
T.I.,1,2012-12-18
T.I.,0,2010-12-06
Tyga,0,2015-08-24
Tyga,2,2014-01-01
Tyga,34,2015-08-24
Tyga,40,2015-06-30
Tyga,31,2015-06-30
Tyga,41,2014-10-14
Tyga,52,2013-01-01
Young Thug,57,2016-03-25
Young Thug,68,2016-03-25
Young Thug,60,2015-04-16
Young Thug,65,2015-11-20
2 Chainz,39,2012-08-14
Meek Mill,65,2016-10-28
DJ Drama,54,2012-10-02
Migos,61,2016-10-28
MadeinTYO,55,2016-08-22
Skrillex,72,2016-07-22
Big Sean,5,2017-02-03
2milly,47,2015-08-17
The Game,60,2015-10-16
Drake,3,2017-03-18
T.I.,35,2010-12-03
YG,2,2014-01-01
T.I.,0,2010-03-09
Wiz Khalifa,61,2015-03-17
2 Chainz,59,2013-01-01
Migos,55,2017-01-27
Lil Uzi Vert,11,2017-03-24
Lil Uzi Vert,76,2016-05-27
Rae Sremmurd,51,2016-07-30
Metro Boomin,63,2017-06-23
Tyga,0,2017-07-21
Tyga,0,2017-07-21
Tyga,0,2017-07-21
Wiz Khalifa,43,2012-12-04
Rick Ross,64,2012-01-01
G-Eazy,22,2017-09-07
Lil Pump,74,2017-10-06
Drake,7,2015-09-20
Drake,69,2015-07-31
Big Sean,2,2015-02-23
Future,52,2017-10-20
Future,56,2017-10-20
Future,62,2017-10-20
Future,58,2017-10-20
Migos,74,2017-12-08
Mustard,39,2017-12-15
21 Savage,6,2017-07-06
Offset,81,2017-10-30
Yung Skii,0,2017-12-19
21 Savage,73,2017-10-30
Migos,0,2018-01-26
ScHoolboy Q,3,2018-02-09
21 Savage,74,2016-07-15
21 Savage,67,2017-10-30
Rich The Kid,2,2018-02-08
Rae Sremmurd,5,2018-03-01
Tee Grizzley,61,2018-05-11
PashaPG,46,2018-06-15
DJ Holiday,46,2018-08-03
Eminem,80,2018-08-31
Eminem,75,2018-08-31
French Montana,76,2018-09-20
Young Thug,69,2018-09-24
Quavo,60,2018-10-12
Travis Scott,66,2018-11-28
Chris Travis,37,2014-05-14
Wiz Khalifa,54,2018-03-09
Wiz Khalifa,44,2011-02-17
Mike WiLL Made-It,66,2018-11-16
Drake,64,2017-03-18
YBN Nahmir,54,2019-03-29
Tyga,64,2019-06-07
Tyga,54,2019-06-07
Young Dolph,57,2017-02-03
Drake,77,2019-09-13
50 Cent,55,2003-02-06
Lil Nas X,82,2019-09-13
21 Savage,83,2019-10-31
Young Thug,86,2019-11-01
Alexey Shelygin,0,2003-11-17
Местный,1,2018-11-15
Nurminsky,38,2019-03-22
Basta,43,2006
Chestnyi,23,2019-12-21
Руслан Черный,17,2019-10-01
Chestnyi,20,2019-12-21
Nurminsky,47,2019-09-18
Руслан Черный,9,2018-09-09
Kaspiyskiy Gruz,23,2018-01-16
Litvinenko,29,2018-07-23
Ashim,27,2019-03-13
Simaga,18,2015-06-03
Kavabanga Depo Kolibri,53,2015-03-16
Esco,19,2019-03-16
Oleg Kenzov,14,2019-02-05
StaFFord63,18,2019-05-03
Тихон Новокузнецкий,14,2019-04-09
Litvinenko,37,2019-03-14
StaFFord63,36,2018-03-07
НЕ.KURILI,20,2017-05-25
Xassa,31,2019-04-19
Basta,28,2007
N1NT3ND0,26,2011
Esco,14,2018-09-21
Nurminsky,47,2018-11-20
Seryoga,23,2017-10-12
Kaspiyskiy Gruz,21,2018-01-16
StaFFord63,32,2018-03-07
Seryoga,29,2008-01-01
Ashim,0,2018-11-29
StaFFord63,29,2017-09-09
Сережа Местный,8,2013-11-11
Nurminsky,33,2019-03-01
Simaga,20,2015-03-03
Litvinenko,45,2018-05-24
Yarmak,30,2012-10-18
StaFFord63,45,2018-03-07
Gamora,37,2017-06-18
Nurminsky,0,2018-08-16
StaFFord63,24,2018-08-27
N1NT3ND0,39,2011
N1NT3ND0,17,2011
Tovaritch,42,2019-08-27
Seryoga,16,2006-10-01
Zanuda,37,2010-08-31
N1NT3ND0,17,2011
Нагора,0,2015-12-28
Руслан Черный,14,2019-01-28
Basta,36,2013
Chester Nebro,21,2017-11-30
Kasta,31,2014-11-25
Seryoga,8,2010
Basta,33,2006
N1NT3ND0,23,2011
Nurminsky,45,2018-09-11
Schokk,0,2015-07-03
N1NT3ND0,16,2011
Yarmak,25,2018-10-20
Kaspiyskiy Gruz,29,2018-01-16
Yarmak,36,2017-03-10
Kaspiyskiy Gruz,43,2018-01-16
9 Gramm,0,2010-11-25
Basta,41,2006
Chestnyi,28,2015
Basta,24,2006
Kaspiyskiy Gruz,27,2016-07-12
Seryoga,51,2004
Oxxxymiron,0,2015-09-22
N1NT3ND0,20,2011
Basta,26,2010
Basta,43,2010
nogano,38,2016-12-31
Simaga,19,2015-03-03
Руслан А.У.Е. Черный,0,2017-09-01
Vitya AK,0,2012-06-01
Basta,35,2016-04-20
Basta,26,2013
N1NT3ND0,21,2011
Litvinenko,34,2018-10-19
nogano,34,2015-04-17
Basta,44,2016-05-13
Basta,19,2013
Nurminsky,46,2018-08-07
Coolio,80,1995-11-07
Eminem,5,1999-01-01
Eminem,4,1999-01-01
OutKast,67,1996-08-27
Ice Cube,66,2017-06-09
Eminem,80,2000-05-23
2Pac,61,1998-01-01
Eazy-E,64,1987-01-01
2Pac,54,1998-01-01
N.W.A.,58,1988-08-08
Nas,58,1994
Westside Connection,53,1996-01-01
DJ Quik,40,1991
Bone Thugs-N-Harmony,64,1995-07-25
King T,45,2015-01-09
Junior M.A.F.I.A.,58,1995-08-15
Wu-Tang Clan,54,2001
Westside Connection,46,1996-01-01
Mack 10,53,2007-01-01
Kausion,44,1995-10-10
MC Eiht,56,2010-09-21
Compton's Most Wanted,49,1990-05-25
The Conscious Daughters,44,1993-11-30
The Lady Of Rage,47,2001
Ice Cube,52,1993-12-07
Kurupt,52,1998-10-06
Eazy-E,56,1988-09-13
Ice Cube,51,1990-03-16
Kurupt,53,1998-10-06
Above The Law,45,2013-10-08
DJ Quik,38,1991
Westside Connection,42,1996-01-01
MC Ren,43,1998-06-30
Eazy-E,64,1988-09-13
2Pac,69,1993-02-16
DJ Quik,44,1991
Kurupt,49,2012-10-24
The Notorious B.I.G.,41,2005-12-09
N.W.A.,2,1988-08-08
The Beatnuts,47,1999-08-10
N.W.A.,0,1988-08-08
2Pac,1,2007-12-04
Method Man,3,2001-01-01
DaBaby,87,2019-03-01
NLE Choppa,76,2019-01-17
6ix9ine,66,2018-04-10
Tay-K,73,2017-12-14
Chief Keef,64,2012-01-01
Comethazine,68,2019-07-26
NLE Choppa,74,2019-03-22
Blueface,72,2019-08-09
YBN Nahmir,56,2017-12-08
Nipsey Hussle,75,2019-02-15
Chief Keef,57,2014-11-18
NLE Choppa,70,2019-02-16
Comethazine,67,2019-07-26
Quin Nfn,59,2019-10-25
Comethazine,49,2019-07-26
Lil Baby,81,2018-05-18
NLE Choppa,85,2019-09-13
YNW Melly,85,2018-08-03
Comethazine,75,2018-08-24
Lil Baby,77,2018-11-30
YBN Nahmir,71,2018-09-07
NLE Choppa,74,2019-07-19
Quality Control,79,2019-08-16
YNW Melly,77,2019-11-22
NLE Choppa,50,2019-05-03
DaBaby,69,2018-11-02
6ix9ine,70,2018-11-27
Blueface,62,2019-05-03
NLE Choppa,51,2019-02-06
Comethazine,56,2019-01-11
YNW Melly,76,2018-11-23
Quin Nfn,54,2019-01-09
Clever,54,2019-10-11
Trippie Redd,82,2019-11-12
NLE Choppa,65,2019-06-14
YSN Flow,67,2019-04-20
Ski Mask The Slump God,78,2018-11-30
NLE Choppa,52,2019-04-18
NLE Choppa,80,2019-06-20
Polo G,84,2019-06-07
DaBaby,79,2019-03-01
MadeinTYO,54,2019-09-13
Trippie Redd,65,2019-11-22
Lil Pump,53,2017-10-06
6ix9ine,0,2018-02-23
YBN Nahmir,0,2017-10-25
Jimmy Wopo,53,2016-07-25
Antwillz,30,2019-12-06
Comethazine,54,2019-07-26
Trippie Redd,66,2019-08-09
The Notorious B.I.G.,63,2007-03-05
Bone Thugs-N-Harmony,1,1994
Snoop Dogg,1,2005-09-26
Nas,55,1996-07-02
Big Pun,52,2009-09-15
JAY-Z,66,1998-11-29
UGK,37,2003-06-12
Warren G,0,1994-06-07
Mase,47,1997
Ol' Dirty Bastard,1,2006-08-22
2Pac,0,1998-11-24
Snoop Dogg,54,1993
Diddy,53,1997
Master P,22,2006-01-01
Diddy,58,1997
The Notorious B.I.G.,49,2004-03-09
2Pac,1,1998-11-24
The Notorious B.I.G.,1,1997-03-04
JAY-Z,0,2005-09-05
Juvenile,47,1998-01-01
2Pac,1,1998-11-24
Eazy-E,0,1993-10-25
Ol' Dirty Bastard,0,2008
2Pac,72,2007-01-01
The Notorious B.I.G.,63,2007-03-05
2Pac,60,1996-02-13
Dr. Dre,0,2001-05-01
Diddy,59,1997
The Notorious B.I.G.,56,1999
Geto Boys,36,2013-08-15
2Pac,0,1998-01-01
Ice Cube,55,2001-12-04
Craig Mack,59,2004-03-09
The Notorious B.I.G.,68,2007-03-05
N.W.A.,30,2008-01-01
Friday/Dr. Dre,0,2003
112,44,1998
OutKast,63,1998-09-29
Sir Mix-A-Lot,3,2013-01-01
Juvenile,65,1998-01-01
The Notorious B.I.G.,1,1997-03-04
2Pac,4,1998-11-24
Bone Thugs-N-Harmony,0,1995
Ice Cube,52,2001-12-04
The Notorious B.I.G.,0,1997-03-04
The Notorious B.I.G.,51,2007-03-05
Method Man,0,2009-06-02
Lil' Troy,63,1998
UGK,33,2003-06-12
LL Cool J,42,1996-01-01
2Pac,53,1998-01-01
N.O.R.E.,0,1998
N.W.A.,45,2008-01-01
Bone Thugs-N-Harmony,4,1999-10-08
Nas,59,1994-04-19
2Pac,48,1998-01-01
The Notorious B.I.G.,56,2007-03-05
JAY-Z,0,1996-06-25
Nas,0,1999-04-06
Bone Thugs-N-Harmony,0,1994
Mase,64,1997
JAY-Z,58,1998-11-29
Ice Cube,33,2001-12-04
Diddy,58,1997
2Pac,0,2003-10-28
2Pac,59,1996-02-13
KRS-One,62,1993-09-03
2Pac,8,1993-02-16
Rakim,64,1999-01-01
Westside Connection,51,1996-10-22
Cypress Hill,38,1999-10-07
Aleman,47,2017-10-25
Control Machete,27,1999-01-01
Control Machete,30,1999-01-01
Cartel De Santa,66,2014-08-05
Cartel De Santa,60,2014-08-05
Remik Gonzalez,0,2016-11-25
C-Kan,48,2012-12-11
TREN LOKOTE,0,2017-03-22
C-Kan,57,2014-07-22
Control Machete,60,1997
Control Machete,44,1999-01-01
Molotov,60,2003-01-01
Cartel De Santa,45,2007-05-22
Cartel De Santa,48,2004-12-06
Cartel De Santa,38,2004-12-06
Cartel De Santa,41,2004-12-06
Cartel De Santa,47,2004-07-28
Cartel De Santa,39,2004-07-28
Cartel De Santa,41,2004-07-28
Cartel De Santa,51,2007
Cartel De Santa,0,2010-05-24
Cypress Hill,33,1999-10-07
Delinquent Habits,43,1998-08-26
Delinquent Habits,4,2013-06-21
Delinquent Habits,50,2001-01-01
Delinquent Habits,28,1998-08-26
Delinquent Habits,19,1998-08-26
Delinquent Habits,27,1998-08-26
Delinquent Habits,19,2001-01-01
Lito Kirino,0,2016-04-13
Cartel De Santa,39,2004-12-06
Cartel De Santa,46,2004-12-06
Cartel De Santa,58,2004-12-06
Akwid,58,2005-01-01
Akwid,49,2010-01-01
TREN LOKOTE,37,2017-02-07
TREN LOKOTE,24,2017-02-07
TREN LOKOTE,39,2017-02-07
Cartel De Santa,46,2004-12-06
Cartel De Santa,46,2004-07-28
Cartel De Santa,50,2007
Cartel De Santa,43,2007
Cartel De Santa,53,2008-12-06
Cartel De Santa,41,2008-12-06
Cartel De Santa,61,2011-07-25
Cartel De Santa,46,2011-07-25
Cypress Hill,37,2014-10-10
Cypress Hill,45,2014-10-10
Cypress Hill,33,2014-10-10
Cypress Hill,61,2014-10-10
Cypress Hill,42,2014-10-10
Control Machete,35,1999
Control Machete,42,1999
Control Machete,28,1999
Control Machete,27,1999
Control Machete,40,1997
Control Machete,45,1997
Homegrown Mafia,36,2016-05-16
Remik Gonzalez,0,2017-03-19
Remik Gonzalez,0,2017-05-17
Remik Gonzalez,19,2017-04-10
Maniako,9,2017-04-08
KLOEF TJR,5,2016-11-29
KLOEF TJR,11,2015
KLOEF TJR,4,2015
KLOEF TJR,6,2015
Berbal La 4 Verde,0,2016-10-18
Berbal La 4 Verde,0,2016-10-18
Aczino,0,2013
Little el Crack,35,2016-08-05
Aleman,52,2015-03-15
TREN LOKOTE,20,2017-05-09
Cypress Hill,29,1995-10-31
La Santa Grifa,36,2017-03-09
Damaco,17,2016-11-29
Tres Coronas,42,2005-04-12
Crack Family,0,2010-10-12
Crack Family,0,2015-11-05
Cartel De Santa,70,2014-08-05
Crack Family,0,2010-10-12
Mobb Deep,46,2003
La Santa Grifa,50,2017-03-09
Cejaz Negraz,38,2010-02-02
Tres Coronas,35,2006-04-05
Remik Gonzalez,0,2016
Canserbero,68,2012
W. Corona,45,2014-09-05
Aleman,24,2017-06-06
Remik Gonzalez,0,2017-10-13
El Pinche Mara,7,2016-02-18
La Etnnia,39,2004-07-02
Asilo 38,32,2001-06-01
TREN LOKOTE,46,2017-02-07
Cejaz Negraz,39,2014-10-14
Zimple,0,2015-08-26
Aerophon,0,2012-12-12
Ali Aka Mind,42,2014-10-04
Asilo 38,25,2016-08-19
Yoky Barrios,29,2014-05-01
Taz,24,2019-01-31
$ANFI,16,2019-02-23
BONES,58,2019-02-11
$uicideBoy$,48,2015-05-08
BONES,37,2019-02-11
$uicideBoy$,56,2018-09-07
$uicideBoy$,49,2016-02-03
BONES,48,2017-04-21
Prince of falls,45,2019-08-30
Big Baby Tape,54,2018-11-16
Bill $Aber,29,2019-02-15
Anfa Rose,51,2017-06-02
Arizona Zervas,47,2017-07-16
Tvbuu,16,2019-06-10
Somber,26,2018-09-19
andrei,48,2018-12-07
$uicideBoy$,73,2017-05-23
Jay Portal,31,2019-03-08
Nik $ix,17,2019-10-31
Tazdied,21,2019-10-06
Prince of falls,41,2019-08-30
Tvbuu,15,2019-10-03
Beamon,23,2018-10-18
Tvbuu,12,2019-03-15
Night Lovell,64,2019-02-22
BONES,36,2019-02-11
Ramirez,39,2018-06-04
Aaron Cartier,35,2016-09-01
Night Lovell,45,2019-02-22
BONES,37,2018-11-01
$ANFI,14,2019-02-23
Bill $Aber,44,2018-10-30
Nik $ix,11,2019-05-19
Jay Portal,23,2019-03-08
Zotiyac,36,2018-11-16
Unaverage Gang,26,2017-02-15
Brennan Savage,53,2018-12-10
BONES,33,2018-07-02
Iceberg Black,18,2018-09-22
Bill $Aber,23,2019-01-17
John Nonny,18,2019-05-29
$uicideBoy$,62,2018-09-07
2Scratch,39,2018-05-09
Pouya,61,2018-05-22
Nik $ix,36,2018-09-08
Walden Ash,31,2018-02-21
Seyon,8,2018-12-19
Anonymuz,27,2018-01-20
Anonymuz,32,2017-12-01
Lil Toe,39,2018-01-16
Shahmen,43,2019-03-08
Unaverage Gang,29,2019-01-03
11 LIT3S,41,2018-10-23
Rob Curly,35,2016-12-20
Ramirez,40,2018-10-12
BONES,51,2017-11-17
BONES,52,2018-01-03
BONES,31,2018-05-01
Zotiyac,28,2018-06-10
$uicideBoy$,48,2016-05-25
$uicideBoy$,66,2015-05-08
Jay Portal,15,2019-03-08
SAINt JHN,51,2018-03-30
$ANFI,12,2018-04-08
Shahmen,41,2015-05-26
BONES,50,2015-09-26
anders,37,2018-03-06
Anonymuz,43,2019-03-25
$uicideBoy$,39,2017-04-01
Night Lovell,45,2016-06-14
Tvbuu,22,2018-12-30
The Notorious B.I.G.,64,1994-09-13
Tvbuu,16,2018-12-30
Unaverage Gang,26,2018-07-31
SAINt JHN,50,2018-10-17
Belve,7,2018-03-21
Ghostemane,72,2017-09-05
gizmo,29,2018-03-05
Kamiyada+,0,2016-09-15
goth,0,2018-09-09
$uicideBoy$,55,2015-09-21
gizmo,49,2018-02-22
Ghostemane,62,2016-11-14
gizmo,0,2017-07-13
gizmo,29,2018-12-18
gizmo,23,2018-03-05
Ghostemane,58,2017-09-05
gizmo,30,2018-03-05
$uicideBoy$,75,2015-11-20
Salmo,26,2016-01-22
Ghostemane,52,2016-11-14
BONES,0,2015-09-26
BONES,0,2017-04-21
Ghostemane,56,2017-01-31
Ghostemane,49,2017-08-09
Ghostemane,68,2017-09-05
gizmo,0,2017-07-07
gizmo,29,2018-02-22
gizmo,0,2017-07-13
gizmo,0,2017-07-13
gizmo,0,2017-07-13
gizmo,0,2018-03-26
CPsilencer,33,2018-04-12
BONES,0,2018-04-20
BONES,0,2015-11-29
BONES,0,2015-11-29
BONES,0,2015-11-29
BONES,0,2015-11-29
Ghostemane,56,2016-12-27
Ghostemane,51,2017-03-18
Ghostofblu,0,2017-12-14
Ghostofblu,0,2017-12-14
Ghostofblu,0,2017-12-14
$uicideBoy$,49,2017-05-22
$uicideBoy$,54,2015-06-15
Killstation,57,2016-06-03
Killstation,35,2017-12-15
Killstation,37,2018-02-08
Killstation,41,2017-07-03
Killstation,38,2016-08-05
Killstation,34,2016-07-02
Killstation,37,2016-06-03
IC3PEAK,55,2017-11-07
IC3PEAK,48,2018-04-18
IC3PEAK,42,2017-11-07
Auxxk,41,2017-07-12
Auxxk,43,2017-07-12
Auxxk,19,2016-10-07
Auxxk,17,2016-10-07
Auxxk,18,2016-10-07
Auxxk,18,2016-10-07
Auxxk,20,2017-11-19
$uicideBoy$,77,2015-09-21
$uicideBoy$,0,2016-02-03
$uicideBoy$,64,2016-07-22
$uicideBoy$,72,2015-09-01
$uicideBoy$,63,2015-09-21
$uicideBoy$,65,2016-07-22
Fat Nick,60,2016-05-31
$uicideBoy$,68,2016-09-11
$uicideBoy$,65,2016-07-22
Ghostemane,61,2015-09-16
$uicideBoy$,63,2017-05-22
$uicideBoy$,61,2017-02-21
$uicideBoy$,59,2015-09-21
$uicideBoy$,53,2015-09-21
$uicideBoy$,49,2016-07-22
Pouya,70,2017-03-20
Ghostemane,68,2016-07-03
Getter,54,2017-08-31
Getter,55,2018-02-28
Pouya,57,2017-08-25
Fat Nick,50,2017-03-13
Getter,51,2018-02-28
Getter,50,2018-02-28
Ghostemane,53,2017-06-12
Ghostemane,55,2017-09-05
Ghostemane,55,2015-09-16
Ghostemane,55,2016-02-01
Ghostemane,50,2016-07-03
Ghostemane,53,2017-09-05
Ghostemane,50,2016-11-14
Ghostemane,49,2016-07-03
Ghostemane,43,2017-05-15
Ghostemane,49,2016-11-14
Ghostemane,49,2016-07-03
Ghostemane,38,2016-02-01
Ghostemane,31,2015-06-10
Ghostemane,39,2015-09-16
Ghostemane,33,2016-02-01
Killstation,55,2016-07-02
Killstation,63,2016-04-01
Thepoolboi,40,2016-10-31
Shiva,77,2019-11-28
tha Supreme,79,2019-11-15
Lazza,74,2019-10-03
Marracash,78,2019-10-31
Shiva,74,2019-09-05
TY1,70,2019-11-08
FSK SATELLITE,76,2019-12-05
tha Supreme,78,2019-11-08
Samurai Jay,72,2019-09-16
AVA,74,2019-12-13
MamboLosco,73,2019-09-11
Shiva,69,2019-10-03
Aya Nakamura,76,2019-08-30
Ketama126,68,2019-05-24
Giaime,63,2020-01-09
Capo Plaza,70,2019-11-22
Izi,67,2019-12-12
Dark Polo Gang,67,2019-11-26
Ketama126,70,2019-10-18
VillaBanks,70,2019-09-30
Giaime,70,2019-09-05
tha Supreme,74,2019-11-15
Kalash,62,2018-05-18
Enzo Dong,66,2019-10-25
MamboLosco,64,2019-09-11
Philip,63,2019-09-27
Giaime,70,2019-07-18
tha Supreme,70,2019-11-15
Side Baby,65,2019-06-19
FSK SATELLITE,68,2019-12-05
Gemitaiz,64,2018-12-28
Lazza,61,2018-07-13
Izi,68,2019-05-10
Paky,69,2019-11-20
tha Supreme,72,2019-11-15
Giaime,63,2019-11-08
FSK SATELLITE,68,2019-07-11
Gemitaiz,71,2019-09-19
Vale Lambo,45,2020-01-16
Enzo Dong,62,2019-10-09
MamboLosco,22,2018-09-07
Vegas Jones,64,2019-11-08
Luche,1,2019-01-18
Gemitaiz,67,2019-09-19
Dark Polo Gang,63,2019-10-24
Xamã,66,2019-12-12
Orochi,69,2019-11-22
NGC Daddy,67,2019-08-04
MC Caverinha,68,2019-12-06
Orochi,67,2019-11-05
Hungria Hip Hop,68,2019-11-22
Matuê,79,2019-09-04
Kalli,69,2019-07-11
Sidoka,73,2019-10-18
Costa Gold,61,2019-12-20
Jovem Dex,65,2019-10-31
Orochi,71,2019-06-14
Meno Tody,65,2019-07-29
Neo Beats,68,2019-02-21
JayA Luuck,60,2019-12-22
Marginal Supply,63,2019-12-03
Kalli,57,2019-11-01
Kawe,60,2019-12-13
MC Caverinha,68,2019-09-09
WIU,71,2019-10-09
Meno Tody,59,2019-12-09
Jovem Dex,64,2019-08-14
Costa Gold,69,2019-08-30
Dfideliz,57,2019-11-08
Leozin,61,2019-10-18
Xang,58,2019-08-15
Xamã,63,2019-09-13
Filipe Ret,67,2019-06-12
Recayd Mob,60,2019-11-22
Felp 22,59,2019-09-05
Hungria Hip Hop,72,2019-06-07
Sidoka,67,2019-07-11
Krawk,55,2019-08-16
Jovem Dex,61,2019-09-10
Orochi,45,2019-03-25
MC Igu,56,2019-11-15
Recayd Mob,55,2019-07-19
Costa Gold,62,2019-07-26
Sidoka,61,2019-08-27
Bonde R300,51,2019-04-14
MC Caverinha,62,2019-05-18
Sidoka,60,2018-12-28
Jovem Dex,64,2019-05-24
Cacife Clandestino,58,2019-05-10
Matuê,70,2019-01-16
Choice,50,2019-06-19
Recayd Mob,67,2018-09-19
MC Igu,59,2018-12-31
Sidoka,62,2019-03-20
Xamã,70,2018-05-24
Dfideliz,56,2018-12-14
Leozin,21,2019-01-25
Raffa Moreira,57,2018-07-17
Derek,54,2019-04-05
Jovem Dex,64,2019-02-20
Sidoka,60,2019-07-11
Dfideliz,61,2019-02-15
Dfideliz,60,2018-10-05
Matuê,5,2017-11-28
Sidoka,60,2018-12-28
Miky Woodz,66,2019-12-27
Bryant Myers,79,2019-11-15
Bad Bunny,71,2018-12-23
KEVVO,56,2020-01-01
Jon Z,73,2019-11-16
Ozuna,75,2019-11-29
Jhay Cortez,58,2019-05-24
Farruko,64,2019-12-20
Fuego,69,2019-11-08
Omy de Oro,64,2019-08-21
De La Ghetto,61,2019-10-24
Myke Towers,79,2020-01-03
Jey Blessing,70,2019-11-07
Amenazzy,61,2019-11-22
C. Tangana,68,2019-11-20
Jay Menez,55,2019-12-12
Alex Rose,57,2019-11-08
Arcangel,69,2019-10-25
J Alvarez,46,2019-11-08
Juhn,69,2019-12-07
Miky Woodz,59,2019-11-12
Darell,80,2019-07-12
Micro Tdh,74,2019-11-11
Omy de Oro,53,2019-11-21
Khea,71,2019-09-27
J Balvin,74,2019-06-28
D.OZI,53,2019-12-06
Mambo Kingz,73,2019-06-19
Jon Z,67,2019-11-27
Mathew,43,2019-12-05
Jon Z,63,2019-10-25
Aleman,49,2019-11-19
Lary Over,64,2019-07-26
Chris Wandell,46,2019-11-01
Ozuna,72,2019-06-25
Jon Z,57,2019-09-13
Eladio Carrion,75,2019-08-06
Brytiago,57,2019-08-30
Neutro Shorty,61,2019-07-26
HANSEL,37,2020-01-02
Kidd Keo,69,2019-11-29
Paulo Londra,68,2019-05-14
J Balvin,72,2019-06-28
Leebrian,48,2019-01-22
Nicky Jam,43,2019-05-16
Anuel AA,65,2019-05-24
Jamby el Favo,49,2019-08-16
Bad Bunny,72,2019-06-14
Mora,63,2019-07-05
DJ Luian,66,2018-03-16
Rauw Alejandro,63,2019-05-31
Ozuna,75,2018-01-19
Ñejo,51,2019-06-21
Khea,15,2018-03-15
Ele A El Dominio,45,2019-12-30
Dalex,3,2019-03-28
Lyanno,63,2019-05-24
Amenazzy,62,2019-05-10
Chris Jeday,67,2018-03-07
RobGz,68,2019-06-21
Kabe,42,2020-01-17
Bedoes,67,2019-11-29
chillwagon,60,2019-12-06
TUZZA Globale,54,2019-12-19
Deemz,61,2019-12-16
Trill Pem,66,2019-08-08
Young Multi,57,2019-12-06
Bedoes,64,2019-11-17
Żabson,63,2019-09-30
BLACHA,58,2019-12-20
Malik Montana,59,2019-12-09
DZIARMA,56,2019-12-12
Mr. Polska,53,2019-12-13
chillwagon,57,2019-12-04
Be Vis,51,2019-12-19
Żabson,56,2019-10-31
White 2115,58,2019-10-15
Young Multi,49,2019-12-01
chillwagon,59,2019-11-15
Young Igi,55,2019-10-23
Malik Montana,57,2019-09-11
Be Vis,53,2019-11-10
Bedoes,65,2019-11-10
chillwagon,46,2019-09-17
Mr. Polska,55,2019-10-04
Kabe,62,2019-09-10
Be Vis,50,2019-12-04
Mata,64,2019-10-04
Young Igi,56,2019-10-02
Tymek,61,2019-09-06
Bedoes,65,2019-10-28
DMN,55,2019-09-20
White 2115,61,2019-06-23
chillwagon,43,2019-08-26
BLACHA,54,2019-10-04
Travis Scott,94,2019-10-04
Malik Montana,55,2019-09-18
Young Igi,53,2019-09-10
Żabson,52,2019-09-10
Bedoes,67,2019-10-17
Kizo,59,2019-09-02
Taco Hemingway,64,2019-07-24
Zeamsone,54,2019-08-23
Żabson,57,2019-08-26
schafter,63,2019-05-24
Wac Toja,55,2019-09-12
chillwagon,46,2019-06-17
Tymek,58,2019-08-09
Mr. Polska,61,2019-07-19
Young Igi,60,2019-07-16
Trill Pem,51,2019-08-27
Young Igi,52,2019-08-08
Żabson,56,2019-08-08
Tymek,67,2019-05-29
Beteo,48,2019-07-14
Szymi Szyms,56,2019-06-28
Kubi Producent,51,2019-06-13
Malik Montana,62,2019-04-05
BLACHA,52,2019-06-28
C0PIK,62,2019-03-26
Be Vis,65,2018-05-17
Mata,64,2019-05-20
Otsochodzi,56,2019-05-10
Mr. Polska,56,2019-05-22
BLACHA,48,2019-05-10
Mustard,31,2019-01-16
Young Igi,47,2019-03-07
Lil Nas X,13,2019-06-20
Malik Montana,56,2019-05-15
Tymek,56,2019-02-07
Kabe,53,2019-04-16
Otsochodzi,45,2018-12-12
schafter,59,2018-10-31
Kubi Producent,55,2018-12-20
K Koke,57,2019-01-24
Otsochodzi,54,2019-02-01
A$AP Rocky,82,2018-05-25
Mlodyskiny,55,2018-07-29
Zeamsone,54,2018-09-28
Young Igi,48,2018-09-21
Kukon,55,2018-09-08
Otsochodzi,45,2018-09-17
Otsochodzi,57,2017-11-24
BLACHA,55,2018-07-29
Kubi Producent,51,2018-07-13
White 2115,44,2018-05-16
Tyga,73,2018-07-25
Siles,50,2018-07-03
Future,68,2017-05-23
XXXTENTACION,87,2018-03-16
White 2115,45,2018-02-14
TACONAFIDE,56,2018-04-13
2K,57,2018-03-05
C. Tangana,67,2020-01-09
Big Soto,62,2019-12-20
John C,78,2019-12-18
Frijo,69,2019-12-13
Bizarrap,70,2019-12-03
Ysy A,65,2019-11-11
WE$T DUBAI,63,2019-12-27
ODDLIQUOR,23,2020-01-15
Neo Pistea,65,2019-10-03
KAKTOV,60,2019-12-13
Kinder Malo,55,2019-12-20
Duki,79,2019-08-07
Khea,66,2019-11-07
La Zowi,53,2019-12-10
Yung Sarria,51,2018-03-21
Young Martino,52,2019-12-27
Pekeño 77,49,2019-12-13
Midel,66,2019-11-28
Bad Bunny,79,2018-12-23
Bhavi,71,2019-10-20
Pekeño 77,61,2019-09-27
Recayd Mob,45,2019-12-13
Yung Sarria,42,2017-09-09
Bizarrap,77,2019-09-13
Ysy A,60,2019-11-11
Duki,61,2019-11-01
Nicki Nicole,65,2019-11-08
Ysy A,55,2019-11-11
Rels B,66,2019-10-17
Lit Killah,57,2019-10-31
Duki,41,2019-10-17
Ysy A,56,2019-11-11
Bryant Myers,74,2019-07-26
Dillom,66,2019-09-27
Seven Kayne,55,2019-10-24
Ecko,60,2019-09-27
Pekeño 77,52,2019-11-08
Rels B,69,2019-10-17
Rels B,64,2019-09-18
Big Soto,55,2019-09-27
Pekeño 77,59,2019-09-06
Cazzu,69,2019-06-03
Bhavi,61,2019-07-31
Felp 22,63,2019-06-21
Dillom,63,2018-12-05
Paulo Londra,73,2019-05-23
Aleman,58,2019-04-20
Eladio Carrion,58,2019-07-05
Duki,66,2019-06-05
Neutro Shorty,47,2019-07-26
Bizarrap,42,2019-05-27
Neo Pistea,69,2019-03-27
Pekeño 77,10,2019-03-17
Bad Bunny,77,2018-12-23
Ysy A,59,2019-07-02
Myke Towers,79,2019-04-09
Cazzu,61,2019-06-03
Polimá Westcoast,55,2019-07-12
Young Eiby,36,2019-07-12
Duki,69,2018-12-07
Midel,55,2019-06-14
Bipo Montana,49,2019-06-21
Ecko,48,2019-06-07
Aleman,67,2019-04-20
K-Y-O,37,2019-07-03
Fuego,61,2019-02-13
Young Cister,56,2018-11-09
Matstubs,48,2020-01-07
Teri Miko,32,2020-01-16
Lucchii,36,2020-01-13
Ellise,53,2019-12-18
KLOUD,42,2020-01-13
Miles Away,45,2019-10-31
Jagsy,34,2020-01-15
KLOUD,53,2019-11-18
Sace,42,2019-11-11
Psylla,10,2020-01-14
Sweeper,35,2019-11-22
Kløn,31,2020-01-15
Egzod,51,2019-12-11
32Stitches,52,2019-12-09
Matstubs,43,2020-01-07
KLOUD,42,2019-10-30
Luude,49,2019-12-16
Coopex,47,2019-12-20
Zeds Dead,54,2020-01-14
Jaydon Lewis,39,2020-01-09
why mona,52,2019-12-13
MEMBA,52,2019-11-29
Hex Cougar,47,2019-12-05
Sarcastic Sounds,44,2019-11-07
BRAN,25,2020-01-17
Tarro,51,2019-11-08
Sweeper,42,2019-11-22
xChenda,42,2020-01-08
BEATSMASH,38,2020-01-10
TWO LANES,42,2019-05-31
BEATSMASH,42,2019-11-20
Cozmoe,42,2019-12-11
William Black,52,2019-08-22
Cozmoe,40,2019-11-13
INZO,53,2019-11-21
Vaski,45,2019-12-04
TRY Deny,42,2019-11-11
San Holo,47,2019-12-20
Evernone,47,2020-01-03
Fairlane,46,2019-07-25
Hex Cougar,49,2019-11-14
TWO LANES,47,2019-05-31
N3WPORT,49,2019-12-20
Snavs,50,2019-10-04
Jinco,49,2019-11-15
William Black,44,2019-08-22
Fytch,48,2019-10-18
Levianth,41,2019-12-16
T-Mass,32,2020-01-17
Silent Child,46,2019-11-29
Psylla,41,2019-11-26
Mike Vallas,43,2019-11-01
LEVR,47,2020-01-03
Coopex,39,2020-01-10
TWO LANES,43,2019-11-22
dreamEater,48,2019-12-13
Despotem,26,2020-01-17
William Black,44,2019-08-22
Uplink,47,2019-08-30
The FifthGuys,51,2019-11-04
Bruer,45,2019-10-25
Coopex,57,2019-12-23
Squired,37,2019-12-13
AWAY,46,2019-08-15
2nd Life,49,2019-10-11
Besomorph,49,2019-11-18
Nebbra,57,2019-12-06
Alban Chela,38,2020-01-10
Inukshuk,42,2019-10-17
The FifthGuys,49,2019-09-26
TRVNSPORTER,36,2020-01-13
Levianth,20,2020-01-17
KDrew,45,2019-11-14
Despotem,41,2019-11-15
INZO,65,2018-07-23
Midsplit,53,2019-05-22
Badrapper,5,2019-02-27
Coopex,47,2019-12-13
Attom,44,2019-11-08
T-Mass,6,2019-05-01
The FifthGuys,49,2019-10-11
Ericovich,40,2019-11-08
YULTRON,47,2019-05-24
Gill Chang,43,2019-11-11
TWO LANES,39,2019-11-22
Noah Neiman,48,2020-01-08
TWO LANES,47,2019-05-31
Arrested Youth,50,2019-11-01
Egzod,49,2019-09-19
Fabian Mazur,62,2017-09-18
Arrested Youth,54,2018-06-21
Falling North,45,2019-12-04
Convex,45,2019-12-20
Matt Rysen,44,2020-01-03
Outr3ach,42,2019-11-15
Fairlane,47,2019-05-23
Arrested Youth,55,2019-11-01
Jinco,42,2019-07-26
Egzod,44,2019-08-09
Arrested Youth,50,2019-11-01
Arcangel,66,2019-12-20
Los Hitmen,66,2019-12-06
Rauw Alejandro,76,2019-12-13
Jay Menez,63,2020-01-07
Casper Magico,70,2019-12-13
Arcangel,68,2019-12-20
Myke Towers,74,2019-12-13
Mau y Ricky,75,2019-12-20
Nio Garcia,63,2020-01-02
Feid,73,2019-12-13
Rauw Alejandro,66,2019-12-27
Casper Magico,73,2019-12-06
Myke Towers,62,2019-12-20
Paloma Mami,75,2019-12-10
Amenazzy,67,2019-12-06
Prince Royce,71,2019-11-15
D-Note The Beatllionare,63,2019-11-15
Ozuna,72,2019-11-29
Casper Magico,54,2020-01-01
Nacho,67,2019-12-13
Reykon,65,2019-11-15
Becky G,67,2019-10-18
Zion & Lennox,71,2019-12-06
Rauw Alejandro,72,2019-11-20
Nio Garcia,47,2019-11-15
Yandel,68,2019-12-06
iZaak,42,2019-11-15
Beéle,56,2019-11-18
Jay Wheeler,65,2019-11-28
Nengo Flow,63,2019-11-29
Myke Towers,66,2019-11-22
ICON,71,2019-11-22
Eladio Carrion,79,2019-11-18
Jonna Torres,37,2019-11-01
Roco,52,2019-11-08
Baby Rasta & Gringo,61,2019-11-08
Maxiolly,53,2019-11-15
Midel,49,2019-11-26
Joven BTZ,49,2019-12-13
Ysy A,61,2019-11-11
Lucho SSJ,59,2019-10-25
Coqeéin Montana,44,2019-11-15
Bhavi,59,2019-02-08
Saramalacara,49,2019-11-08
Owin,41,2019-11-15
John C,57,2019-10-03
Lucho SSJ,62,2019-08-29
Duki,62,2019-11-01
Nicki Nicole,44,2019-11-08
Kiddo Toto,63,2019-09-19
Tobi,43,2019-11-13
Owin,43,2019-11-01
Ysy A,63,2019-08-31
FMK,63,2019-10-08
Neelo,55,2019-09-20
Coqeéin Montana,42,2019-09-27
Bizarrap,45,2019-07-11
Lil Whigga,40,2019-09-13
Saramalacara,50,2019-06-30
Bizarrap,68,2019-08-02
Seven Kayne,61,2019-03-22
Lil Whigga,39,2019-04-23
Marcianos Crew,57,2019-04-22
Midel,1,2017-08-19
Modo Diablo,61,2019-02-08
Coqeéin Montana,46,2019-06-14
Zanto,47,2019-06-14
Bhavi,55,2019-04-20
FMK,62,2019-02-07
Khea,51,2018-11-15
Duki,2,2018-03-16
Duki,2,2018-03-09
Duki,4,2018-03-12
Ecko,1,2018-11-09
Duki,3,2018-02-23
Seven Kayne,0,2018-10-17
Duki,2,2019-01-01
Pekeño 77,0,2019-02-22
C.R.O,63,2018-11-16
Lit Killah,62,2018-06-08
Neo Pistea,49,2018-11-29
Lucho SSJ,2,2018-11-19
Ysy A,46,2018-10-30
Duki,1,2018-09-29
Lucho SSJ,8,2018-10-22
Duki,2,2018-04-20
Yellow Claw,49,2019-06-07
QUIX,43,2018-11-09
DJ Snake,9,2019-03-22
Party Favor,39,2019-04-26
Take/Five,43,2019-09-20
Yellow Claw,48,2019-03-08
Ookay,3,2018-12-14
BLVK JVCK,49,2019-05-03
Party Favor,52,2019-09-17
Ekali,45,2019-04-12
Kaivon,39,2019-09-20
MEMBA,46,2018-08-10
"Lukrative, hyperforms, COSMIC, Night Grind, Noax, SYNC, vowl., NOIXES",2,2018-10-30
Party Favor,43,2019-04-26
Flosstradamus,28,2018-02-09
Baauer,50,2018-12-13
EBEN,4,2019-01-30
Rickyxsan,48,2018-08-24
Party Favor,55,2019-04-26
Fabian Mazur,56,2018-10-08
Take/Five,44,2019-03-30
Cesqeaux,43,2019-04-12
The Chainsmokers,63,2018-12-14
Party Favor,44,2019-02-08
Drew Wilken,40,2019-09-18
Onur Ormen,38,2019-09-23
Marshmello,59,2019-07-03
Tiësto,2,2019-04-05
Party Favor,51,2019-01-10
Türküm,40,2018-06-29
Biometrix,47,2018-12-28
BONNIE X CLYDE,7,2019-05-31
Onur Ormen,3,2018-12-06
Fabian Mazur,47,2019-01-24
Dion Timmer,37,2018-12-04
Godlands,39,2019-07-05
SWU,40,2019-08-02
Türküm,54,2019-07-05
Boombox Cartel,51,2018-09-25
Murdbrain,37,2019-09-18
Noise Cans,50,2019-06-27
Levianth,46,2019-07-05
KRMA,38,2019-09-25
sumthin sumthin,42,2019-08-21
Türküm,41,2018-09-21
EBEN,47,2019-02-28
DJ Snake,54,2019-07-25
Borgeous,42,2019-08-16
YoungBoy Never Broke Again,62,2018-06-28
Türküm,49,2018-02-16
Blueprint,37,2019-09-20
Milano The Don,38,2019-09-20
SAYMYNAME,39,2019-01-25
Dav the Ninja,35,2019-01-05
Formal One,36,2018-12-22
Fabian Mazur,49,2018-09-20
Getter,44,2019-02-20
Mike Hawkins,41,2019-02-01
Dav the Ninja,44,2019-01-05
Brevis,39,2019-09-11
bassReaper,40,2019-01-06
BONNIE X CLYDE,45,2017-03-17
AJ Salvatore,42,2019-09-20
Lucha,37,2019-02-08
P.A.F.F.,40,2019-08-08
Azide,43,2019-03-01
Onur Ormen,5,2018-08-10
UZ,47,2018-05-11
Kelypso,37,2019-09-17
2nd Life,3,2019-06-28
CLRFL,0,2019-02-24
Hopex,52,2018-11-22
UZ,41,2018-08-24
Dabow,36,2019-01-21
Joseph Crawford,44,2019-06-14
Lucha,35,2019-02-02
Türküm,49,2016-12-24
Dread Pitt,37,2019-09-23
MAX,46,2019-06-07
Good Times Ahead,36,2018-12-14
Apashe,55,2018-02-23
Knapsack,43,2018-09-15
Lit Lords,0,2017-06-15
Killrude,40,2019-09-13
redz,41,2017-06-28
Jinco,35,2019-02-27
Noah Neiman,35,2019-02-15
EBEN,37,2018-12-26
4B,56,2015-11-11
Good Times Ahead,32,2019-02-27
Flosstradamus,22,2018-07-13
Boombox Cartel,49,2016-09-09
Eprom,42,2019-02-27
DJ Snake,59,2019-07-25
Xinister,36,2019-05-20
Flosstradamus,61,2016-07-29
Kennedy Jones,35,2019-01-04
Keys N Krates,0,2018-02-02
UZ,40,2017-06-30
Marshmello,52,2018-06-22
MC Igu,54,2020-01-10
Knust,33,2020-01-17
Dfideliz,55,2019-12-06
Meno Tody,56,2019-12-26
Menestrel,45,2019-12-20
Costa Gold,57,2019-11-29
UCLÃ,50,2019-12-26
Xamã,56,2019-11-28
Thiago,55,2020-01-05
Dudu,49,2019-12-03
Krawk,57,2019-12-20
Pineapple StormTv,63,2019-12-07
Tribo da Periferia,62,2019-12-27
Kiaz,50,2019-11-01
Choice,41,2019-12-06
Jé Santiago,50,2019-11-18
MC Hariel,56,2019-08-23
Knust,45,2019-11-29
Derek,57,2019-10-04
Menestrel,43,2019-11-08
Dalsin,51,2019-11-29
Altamira,50,2019-10-24
FBC,55,2019-11-15
mayklove,48,2019-09-26
Derek,55,2019-08-23
Kalli,48,2019-09-19
Lucas Muto,46,2019-09-02
Meno Tody,58,2019-10-23
L7NNON,53,2019-10-31
NGC Daddy,59,2019-09-15
Mati,44,2019-10-16
Pineapple StormTv,54,2019-09-16
Zeus,38,2019-09-09
Dfideliz,54,2019-06-14
Dolla,51,2019-09-06
Goude,45,2019-06-27
Leozin,49,2019-08-06
Mc Pedrinho,40,2019-08-13
MC Igu,52,2019-06-05
Entre Linhas,38,2019-08-23
WIU,50,2019-07-26
Sidoka,65,2019-05-01
WC no Beat,60,2019-08-09
MC Cabelinho,54,2019-12-27
Mc Don Juan,67,2019-12-07
Thiaguinho MT,42,2019-10-18
MC Cabelinho,57,2019-08-09
Papatinho,62,2019-01-31
Mc Don Juan,57,2019-10-14
Shark,46,2019-07-21
BlakkStar,49,2019-08-30
Delano,64,2019-05-17
Nego do Borel,62,2019-10-25
3 Tenores,40,2019-11-01
Dj Gabriel do Borel,45,2019-04-12
Mc Rebecca,59,2019-09-20
NGKS,43,2019-08-23
Fe Ribeiro,37,2019-09-06
Caverinha,35,2019-09-20
Malharo,34,2019-11-29
MC Cabelinho,57,2019-06-18
Mc Davi,65,2019-07-11
UCLÃ,47,2019-05-02
Mc Th,72,2019-04-18
Funk-Se,35,2019-07-15
Tavo,33,2018-08-23
Recayd Mob,57,2019-02-08
Mãolee,63,2019-04-23
Rodrigo Cartier,35,2019-06-14
PK Delas,38,2019-06-28
MC Cabelinho,52,2019-07-03
Mc Leo da Baixada,34,2019-06-18
Azzy,43,2019-10-01
Felipe Flip,36,2019-04-26
Choice,40,2019-08-02
MC Hariel,50,2019-06-19
Raufão,38,2019-05-24
MC Loma e As Gêmeas Lacração,49,2019-05-17
WC no Beat,58,2019-02-22
MC Caverinha,60,2019-04-01
Mc Davi,60,2018-01-29
Duas Doses,32,2019-10-11
3 Tenores,39,2019-08-09
Papatinho,64,2019-02-22
Matheus Queiroz,37,2019-02-08
Mc Davi,39,2018-02-02
WC no Beat,63,2018-12-13
Perera DJ,58,2018-12-01
Dj Rogerinho do Quero,39,2019-05-17
MC Maneirinho,42,2018-05-11
WC no Beat,63,2018-03-09
Recayd Mob,39,2019-01-25
WC no Beat,48,2018-08-17
Cynthia Luz,67,2018-04-18
Cacife Clandestino,51,2017-08-17
Papatinho,49,2018-08-24
MC Maneirinho,41,2018-09-21
WC no Beat,41,2018-03-02
Lenny Tavárez,46,2017-02-17
Rels B,55,2018-04-06
Paulo Londra,4,2018-07-24
Lit Killah,64,2018-08-30
Jon Z,68,2016-11-24
Rels B,63,2018-04-06
Bad Bunny,10,2018-06-28
Paulo Londra,8,2018-01-30
Rels B,56,2018-06-19
Brytiago,64,2017-06-30
Alex Rose,65,2017-05-10
Becky G,76,2018-11-06
Rels B,52,2017-12-15
Farruko,68,2017-02-25
DrefQuila,64,2018-01-02
Paulo Londra,64,2017-10-07
Khea,66,2018-04-10
Anuel AA,6,2018-07-17
Bad Bunny,74,2017-11-03
FMK,61,2018-11-07
Lenny Tavárez,45,2017-11-03
Khea,64,2017-12-21
Paulo Londra,2,2017-12-04
Kidd Keo,63,2018-06-28
Kelmitt,51,2017-10-20
Duki,71,2018-03-12
Trap Capos,62,2018-04-13
Kaydy Cain,54,2017-09-29
Gigolo Y La Exce,9,2017-08-17
Lenny Tavárez,42,2017-09-08
Jon Z,64,2017-09-01
WOS,68,2018-08-17
Midel,59,2017-08-19
J Balvin,2,2017-03-03
Ysy A,54,2018-11-11
Farruko,62,2017-11-16
Seven Kayne,58,2018-10-17
Duki,1,2017-09-27
Bad Bunny,73,2018-12-23
Bhavi,56,2018-09-30
Brytiago,59,2018-02-16
Lenny Tavárez,43,2018-05-25
Khea,68,2017-11-22
Bad Bunny,7,2017-10-25
Ozuna,3,2018-04-03
Brytiago,1,2017-10-20
VFM Style,39,2018-06-14
URUS Squad,34,2018-12-06
BoyPanda,37,2019-04-11
Adrinaline,0,2018-10-11
MVGMVR,36,2019-05-07
VFM Style,35,2018-10-17
Amorf,5,2019-03-29
Nextro,33,2019-04-12
Gagexa,33,2018-12-07
Cricced,38,2018-04-24
NIN9,38,2019-08-05
Serhat Durmus,56,2019-10-18
Nextro,34,2019-04-22
Mylky,34,2019-06-19
Amorf,2,2019-03-29
ASADI,41,2018-06-26
AxLi,41,2018-06-24
YZKN,38,2018-09-30
Żwirek,37,2018-11-18
CryJaxx,0,2019-02-28
Mazlum Uruc,50,2017-02-21
AxLi,35,2019-07-01
DJ KABOO,34,2018-07-01
Inkyz,44,2018-09-27
CryJaxx,39,2019-04-15
Adro,35,2019-05-30
MVGMVR,34,2018-12-11
Żwirek,44,2017-04-03
YZKN,0,2019-02-09
OSAK,35,2019-04-01
Serhat Durmus,66,2017-04-10
Omar Souleyman,33,2017-11-17
AxLi,35,2018-11-19
Cricced,35,2018-06-14
TORU,33,2018-11-29
VFM Style,35,2017-11-01
Amorf,40,2019-12-20
Żwirek,41,2017-03-25
Gillionaire,33,2019-03-01
VFM Style,30,2018-06-14
Cricced,33,2018-07-22
DJ KABOO,35,2018-08-17
Onur Ormen,35,2019-02-17
FG,33,2018-11-22
YZKN,36,2018-10-10
AxLi,40,2018-10-28
corandcrank,37,2018-06-14
FEARSTbeats,35,2018-09-22
Naffar,34,2019-10-28
Fakear,43,2019-04-26
AxLi,34,2019-04-20
Salimo,38,2019-09-02
DJ Snake,15,2018-02-23
Trippie Redd,83,2019-11-22
Promoting Sounds,67,2019-11-08
MASE,71,2019-01-17
Trippie Redd,79,2019-11-22
YNW Melly,90,2019-11-22
Promoting Sounds,48,2020-01-13
XXXTENTACION,78,2019-11-22
6o,53,2019-12-27
Miles Wesley,51,2019-11-22
Juice WRLD,84,2019-12-07
POORSTACY,9,2019-05-10
Lil Peep,63,2019-11-15
Dutch Revz,41,2019-12-16
Billy Bueffer,60,2019-10-04
SinceWhen,35,2019-11-13
Juice WRLD,88,2019-03-08
Tafi,23,2019-11-01
XXXTENTACION,84,2017-08-25
Promoting Sounds,59,2019-08-30
Bankrol Hayden,67,2020-01-10
Jutes,53,2019-11-01
Aaryan Shah,44,2020-01-03
Local Jane,45,2018-09-28
City Morgue,61,2019-12-13
Zanny Don,29,2019-12-26
911headcase,34,2019-08-07
DED STARK,37,2019-12-02
Jidé,26,2019-11-20
Gavin Santi,41,2019-08-02
Eredaze,39,2019-12-08
Trippie Redd,77,2019-11-01
Lil Loski,46,2019-12-06
Juice WRLD,92,2019-10-04
Lil Tecca,47,2019-08-30
Internet Money,83,2019-10-11
iann dior,76,2019-07-04
Juice WRLD,79,2019-03-08
Landon Cube,62,2019-10-18
Cal Scruby,57,2019-10-09
Dutch Revz,49,2019-09-25
Lil Uzi Vert,82,2019-04-09
Lil Tecca,47,2019-08-30
Lil Tecca,52,2019-06-04
Lil Xan,75,2018-04-06
P.MO,50,2019-08-30
Miles Wesley,61,2019-07-26
Tommy Ice,53,2019-07-30
27CLUB,46,2019-09-13
GARZI,48,2019-08-30
Lil West,11,2019-08-02
Lil Happy Lil Sad,66,2017-07-29
Lil Tecca,41,2019-07-24
Lund,77,2016-10-25
Bankrol Hayden,51,2019-07-12
Promoting Sounds,60,2019-05-10
Arizona Zervas,54,2019-07-25
XXXTENTACION,86,2017-08-25
Trippie Redd,64,2019-05-29
Billy Marchiafava,49,2019-07-19
Unodavid,54,2019-04-26
iann dior,80,2019-05-22
7ru7h,38,2019-05-29
Trippie Redd,75,2017-05-14
6o,56,2019-01-25
iann dior,66,2019-05-22
Lud Foe,53,2019-04-26
Juice WRLD,81,2018-12-10
Lil Peep,75,2017-06-08
Global Dan,54,2019-06-28
Lil Tecca,14,2019-04-15
guccihighwaters,66,2017-08-31
Lund,64,2016-10-23
Lil Peep,80,2017-08-15
Lil Skies,76,2017-12-12
GNAR,55,2018-09-28
$uicideBoy$,77,2015-09-21
Brennan Savage,72,2017-07-01
convolk,68,2018-09-25
Unodavid,3,2019-04-26
Ray Rockman,48,2019-01-01
Lil Peep,83,2018-11-09
iann dior,71,2019-05-22
$uicideBoy$,72,2015-09-01
POORSTACY,6,2019-05-10
Lil Tecca,13,2018-11-30
st. august,37,2019-05-20
Juice WRLD,80,2019-03-08
GNAR,67,2019-06-07
Arizona Zervas,67,2018-09-13
Lil Skies,81,2019-03-01
UCLÃ,44,2020-01-09
2STRANGE,24,2020-01-17
Yung Buda,51,2019-12-06
Asfalto Rec,43,2020-01-10
Mãolee,51,2019-09-26
Bl4ck,34,2020-01-06
Zeus,39,2019-12-30
Bonde R300,37,2019-11-25
Buddy,53,2019-09-20
Hot e Oreia,42,2019-12-18
Ruanzinho,30,2020-01-10
Leozin,56,2019-12-06
Greg Ferreira,55,2019-12-27
Lil Chainz,43,2019-12-09
NONSENSE,31,2020-01-10
Terror,36,2019-12-31
Peita,25,2020-01-10
Falatuzetrê,20,2020-01-15
Ni Munhoz,36,2019-12-21
Diego Thug,35,2019-12-20
Ecologyk,42,2019-11-29
Dalua,39,2019-11-20
OPA Gang,35,2019-12-20
$IFRA,34,2019-11-30
Knust,41,2019-11-01
Menestrel,17,2020-01-15
Maquiny,44,2019-11-22
Raffé,34,2019-12-13
MC Hariel,45,2019-11-27
Clara Lima,39,2019-11-22
Léo Rocatto,38,2019-12-20
UCLÃ,45,2019-11-28
FBC,49,2019-11-15
UCLÃ,37,2019-11-07
Mc Pedrinho,40,2019-11-29
Doc Thor,32,2019-10-14
All Star Brasil,37,2019-10-11
Raufão,27,2020-01-10
NaBrisa,36,2019-11-22
MISAEL,45,2019-10-11
Skinny D RDT,26,2019-10-31
N.A,28,2019-10-16
Marshmello,20,2016-05-13
The Weeknd,51,2015-11-06
San Holo,68,2017-02-10
Alan Walker,60,2016-06-03
ODESZA,57,2018-11-30
Hermitude,60,2012-06-08
Jai Wolf,53,2016-02-26
Flosstradamus,0,2013-05-31
Lemaitre,5,2016-01-29
Skrillex,43,2014-12-23
Gryffin,74,2017-03-03
Keys N Krates,56,2015-10-02
Rich Delinquent,41,2019-12-06
The Chainsmokers,47,2016-09-23
Future,64,2017-06-16
Jack Ü,65,2015-02-24
Gorgon City,31,2016-04-29
Jauz,53,2016-07-08
Dua Lipa,53,2017-08-25
Gabriel Tirado,45,2019-10-25
DJ Snake,44,2013-03-05
The Chainsmokers,64,2016-05-27
NGHTMRE,63,2016-10-26
Calvin Harris,45,2015-08-28
Ekali,59,2018-01-05
Galantis,45,2014-12-15
24hrs,47,2019-09-13
RL Grime,64,2018-07-27
Major Lazer,31,2016-09-09
Skrillex,72,2016-07-22
Major Lazer,0,2015-07-17
Ookay,64,2016-09-02
O.T. Genasis,34,2015-03-23
Blanke,53,2019-12-06
Alison Wonderland,61,2015-03-20
Flume,62,2019-10-23
Yellow Claw,69,2013-10-15
Diplo,39,2015-06-08
Billie Eilish,71,2018-03-09
24hrs,49,2019-10-18
Party Favor,59,2014-10-07
Zara Larsson,61,2016-10-07
Grandtheft,45,2016-11-04
Zedd,0,2013-01-01
Bro Safari,53,2013-10-22
Tiësto,0,2015-07-10
Lambo Anlo,53,2019-10-11
DJ Snake,55,2016-08-05
Alesso,0,2014-12-08
Hermitude,57,2015-08-28
RL Grime,54,2014-11-17
DJ Khaled,53,2017-07-21
DROELOE,63,2017-08-15
THE TRASH MERMAIDS,38,2019-11-15
Bazzi vs.,36,2018-08-29
Flume,65,2016-05-27
Marshmello,49,2017-10-12
Elohim,11,2018-04-27
Tiësto,30,2018-08-31
Louis The Child,73,2018-10-26
KILLY,63,2019-11-01
Disclosure,72,2014-01-01
Whethan,59,2016-08-12
Halsey,59,2016-04-22
DJ Snake,0,2016-12-02
Flume,57,2016-05-27
Tove Lo,69,2014-09-24
Binoy,44,2019-11-08
Calvin Harris,38,2012-12-07
Halsey,66,2018-11-30
Galantis,31,2014-05-12
Baauer,62,2013-02-12
Benny Benassi,0,2013-05-31
Flosstradamus,41,2015-11-20
Binoy,43,2019-11-08
ILLENIUM,61,2016-12-16
Hardwell,54,2012-12-29
Petit Biscuit,72,2017-11-10
Major Lazer,38,2013-11-17
Carnage,49,2015-10-30
Cardi B,59,2018-06-22
Spade Melo,34,2019-11-15
ILLENIUM,64,2017-09-21
The Chainsmokers,36,2018-07-25
TroyBoi,60,2015-09-18
RL Grime,38,2014-06-24
Calvin Harris,41,2014-06-20
Dillon Francis,62,2015-08-14
Spade Melo,33,2019-11-15
RL Grime,73,2018-07-27
Hayden James,63,2015-08-21
Zomboy,53,2016-03-11
Major Lazer,35,2018-10-19
Grandtheft,48,2014-06-10
ILLENIUM,54,2016-12-16
Spade Melo,31,2019-11-15
Lookas,44,2015-07-07
Just A Gent,60,2015-10-12
TNGHT,55,2012-07-23
SANTI,42,2019-06-28
Moonkey,65,2019-11-22
BVNDIDOS,32,2019-12-06
Yung Wacho,25,2019-12-19
Jeeiph,45,2020-01-03
Mesita,56,2020-01-10
LODU GOSH,14,2020-01-11
Santoz,62,2019-11-22
Bizarrap,71,2019-11-07
CA7RIEL,9,2019-03-22
Frijo,63,2019-09-06
WOS,76,2019-08-09
Bizarrap,75,2019-11-20
Lodel,25,2019-12-04
Pablo Dueñas,25,2019-12-20
Ysy A,59,2019-04-19
Bizarrap,50,2019-07-21
Frijo,54,2019-08-26
Paulo Londra,77,2019-05-23
Dillom,53,2019-04-06
Paulo Londra,68,2019-02-13
Duki,0,2019-03-19
Duki,2,2018-06-15
Bhavi,63,2019-01-24
Alejo Park,0,2018-12-28
Paulo Londra,68,2019-05-23
Duki,61,2019-06-24
Paulo Londra,78,2019-04-03
Bizarrap,42,2019-04-20
Bhavi,0,2019-01-05
Duki,1,2019-02-12
Dalex,18,2019-02-07
Pekeño 77,8,2019-01-18
Lit Killah,62,2019-04-25
Paulo Londra,65,2019-05-23
Paulo Londra,79,2018-11-05
Khea,0,2018-09-24
Lit Killah,61,2018-11-29
Duki,2,2018-08-10
Neo Pistea,55,2018-09-07
Khea;Omar Varela,0,2018-06-01
Alex Rose,6,2018-06-01
Bhavi,0,2018-05-14
Lit Killah,0,2018-04-26
Khea,3,2018-04-10
Bhavi,0,2018-09-30
FMK,0,2018-01-01
Bimoud,31,2018-07-07
Khea,2,2018-05-26
Duki Y Neo Pistea,0,2017-10-29
Khea,0,2018-07-10
Ysy A,0,2018-01-31
Duki,1,2018-06-01
Eladio Carrion,1,2018-10-12
Bhavi,1,2018-04-25
Ecko,0,2018-05-17
Ysy A,0,2018-04-09
Duki,0,2017-09-04
FMK,0,2018-07-14
Bad Bunny,74,2018-12-14
Micro Tdh,73,2019-04-30
Alex Rose,67,2019-04-19
Rauw Alejandro,53,2019-05-17
Jon Z,65,2019-03-13
KAROL G,73,2018-09-14
Bad Bunny,16,2018-02-15
DrefQuila,61,2017-06-23
Duki,2,2017-11-07
Khea,3,2017-12-21
Bryant Myers,2,2018-07-27
Myke Towers,0,2018-10-19
Micro Tdh,53,2018-05-28
Dalex,50,2018-10-04
Kevin Roldan,5,2018-10-19
Bad Bunny,10,2018-02-22
MC Davo,61,2018-11-02
Fuego,60,2018-09-21
Nicki Nicole,59,2019-11-08
Bad Bunny,13,2016-12-08
Rauw Alejandro,3,2018-08-03
Seven Kayne,1,2017-12-06
Paulo Londra,66,2019-05-23
Tobi,7,2019-04-03
Noriel,60,2017-09-22
Ozuna,74,2018-01-30
DrefQuila,55,2018-01-02
Maikel Delacalle,57,2017-06-16
Jesse Baez,48,2018-07-27
Anuel AA,2,2018-07-17
Jory Boy,67,2017-03-11
Lyanno,3,2018-11-30
Cazzu,58,2018-08-17
DrefQuila,44,2018-12-14
Jere Profeta,0,2018-12-04
Nio Garcia,80,2018-04-13
Maluma,65,2017-11-24
Eladio Carrion,0,2018-11-02
Kodigo,46,2017-06-14
Young Cister,45,2018-11-09
Lautaro Lopez,34,2019-02-15
Rauw Alejandro,1,2018-12-26
Mickey Then,31,2018-10-19
Rabeat,32,2019-07-12
Chita,48,2019-09-27
Lautaro Lopez,39,2018-08-15
Bryant Myers,56,2018-07-27
Kid Gallo,28,2019-03-22
Kodigo,40,2019-08-15
Ocxho,33,2019-11-28
M4gna,20,2020-01-10
Arcangel,64,2019-12-20
Dimelo Flow,72,2019-12-20
KAROL G,98,2019-11-07
Arcangel,84,2019-12-20
Bad Bunny,93,2019-11-21
Chriss Oz,35,2019-06-28
Rich Music LTD,76,2019-10-11
Dalex,82,2019-09-06
Rauw Alejandro,92,2019-08-29
Lunay,89,2019-10-25
DJ Snake,88,2019-07-25
Myke Towers,59,2019-10-01
Paulo Londra,74,2019-09-26
Manuel Turizo,83,2019-08-23
Sech,86,2019-07-26
Becky G,76,2019-07-10
J Balvin,79,2019-06-28
J Balvin,91,2019-06-28
Bad Bunny,0,2017-09-09
Lary Over,0,2017-10-16
Ozuna,5,2017-06-21
Alex Rose,0,2017-12-22
Alex Rose,0,2019-01-01
J Balvin,86,2019-06-28
Bad Bunny,90,2019-05-31
Paulo Londra,68,2019-05-23
Dalex,83,2019-05-10
Brytiago,71,2019-05-17
Paulo Londra,66,2019-05-23
Paulo Londra,61,2019-05-23
Jhay Cortez,84,2019-05-17
Maluma,68,2019-05-17
Lunay,85,2019-05-10
Farruko,76,2019-04-26
Farruko,59,2019-04-26
Sech,11,2019-04-11
Khea,57,2019-03-29
DJ Luian,83,2019-03-28
Nengo Flow,49,2019-02-14
Maluma,23,2019-03-01
Super Yei,77,2018-08-04
Myke Towers,78,2019-02-26
Brytiago,68,2019-02-15
Meek Mill,85,2018-11-30
Bad Bunny,68,2018-12-23
Bad Bunny,70,2018-12-23
Lunay,17,2018-12-07
Bad Bunny,66,2018-12-03
Bad Bunny,78,2018-12-23
Bad Bunny,79,2018-12-23
Bad Bunny,68,2018-12-23
Wisin & Yandel,66,2018-12-14
Anuel AA,80,2018-12-14
Manuel Turizo,54,2018-10-11
Daddy Yankee,77,2018-11-09
Jennifer Lopez,59,2018-11-09
Brytiago,74,2018-10-31
Bad Bunny,83,2018-10-11
Ozuna,64,2018-08-24
Marc Anthony,71,2018-09-28
Pacho El Antifeka,52,2018-08-30
Alex Rose,64,2018-03-27
Manuel Turizo,71,2018-07-27
Ozuna,64,2018-08-24
Bad Bunny,11,2018-08-17
Bad Bunny,3,2018-08-21
Nicky Jam,58,2018-08-03
Anuel AA,2,2018-07-17
Anuel AA,10,2018-07-17
Anuel AA,11,2018-07-17
Future,93,2020-01-10
Travis Scott,89,2019-12-27
Lil Baby,81,2020-01-10
Roddy Ricch,98,2019-12-06
Lil Uzi Vert,91,2019-12-12
JACKBOYS,87,2019-12-27
Young Thug,82,2019-12-20
The Weeknd,93,2019-11-27
Young Thug,86,2019-11-01
Dr.ive,32,2019-08-15
Lil Baby,88,2019-11-08
A Boogie Wit da Hoodie,79,2019-11-15
Drake,88,2019-06-15
21 Savage,83,2019-10-31
DaBaby,93,2019-09-27
A$AP Rocky,77,2019-08-28
Lil Tecca,19,2019-05-22
Young Thug,68,2019-08-16
Quality Control,79,2019-08-16
NLE Choppa,80,2019-06-20
Quality Control,70,2019-08-16
Swae Lee,68,2019-08-15
Quality Control,62,2019-08-16
Young Thug,83,2019-05-23
Quality Control,66,2019-08-16
Post Malone,51,2019-07-05
Tory Lanez,72,2019-07-19
Tory Lanez,66,2019-05-31
DJ Khaled,73,2019-05-17
Lil Uzi Vert,74,2019-04-09
J. Cole,86,2019-01-23
Tory Lanez,71,2019-03-15
A Boogie Wit da Hoodie,85,2018-12-21
Rich The Kid,2,2019-03-15
Offset,67,2019-02-14
Juice WRLD,4,2019-02-13
Future,69,2019-01-18
21 Savage,81,2018-12-21
A Boogie Wit da Hoodie,66,2018-12-14
Post Malone,44,2018-12-24
Wiz Khalifa,57,2018-06-21
Drake,1,2016-05-06
Migos,77,2017-01-27
Metro Boomin,63,2017-06-23
Gucci Mane,4,2017-08-17
Travis Scott,87,2018-08-03
Mike WiLL Made-It,62,2018-03-29
French Montana,76,2018-09-20
Quality Control,66,2017-12-08
Travis Scott,86,2016-09-16
Sheck Wes,10,2017-09-19
Future,80,2018-10-19
Kap G,63,2017-11-17
Offset,81,2017-10-30
Migos,3,2018-01-26
Future,62,2017-10-20
Gucci Mane,65,2017-05-26
Juice WRLD,11,2018-05-23
Drake,1,2015-09-20
Metro Boomin,7,2018-11-02
Lil Baby,77,2018-11-30
21 Savage,72,2018-12-21
Travis Scott,15,2017-05-18
21 Savage,72,2018-12-21
Young Thug,69,2018-09-24
Metro Boomin,5,2018-11-02
Lil Uzi Vert,63,2016-08-10
Lil Baby,12,2018-09-12
BlocBoy JB,79,2018-02-09
Future,56,2017-10-20
Gucci Mane,43,2017-12-22
A$AP Ferg,55,2016-10-20
Guns N' Roses,78,1987-01-01
Guns N' Roses,58,2018-05-04
Guns N' Roses,78,1987-01-01
Guns N' Roses,60,1987-01-01
Guns N' Roses,61,1987-01-01
Guns N' Roses,82,1987-01-01
Guns N' Roses,7,1987-01-01
Guns N' Roses,59,1987-01-01
Guns N' Roses,13,1991-01-01
Guns N' Roses,15,1991-01-01
Guns N' Roses,57,1987-01-01
Guns N' Roses,5,1987-01-01
Guns N' Roses,4,1987-01-01
Guns N' Roses,4,1987-01-01
Guns N' Roses,4,1987-01-01
Guns N' Roses,9,1991-01-01
Guns N' Roses,6,1991-01-01
Guns N' Roses,67,1988-01-01
Guns N' Roses,48,1988-01-01
Guns N' Roses,53,1991-01-01
Guns N' Roses,6,1991-01-01
Guns N' Roses,4,1993-01-01
Guns N' Roses,51,2008-01-01
Guns N' Roses,3,1991-01-01
Guns N' Roses,49,1993-01-01
Guns N' Roses,3,1993-01-01
Guns N' Roses,3,1991-01-01
Guns N' Roses,2,2008-01-01
Guns N' Roses,3,1991-01-01
Guns N' Roses,49,1993-01-01
Guns N' Roses,54,2008-01-01
Guns N' Roses,49,2008-01-01
Guns N' Roses,4,2004-01-01
Guns N' Roses,3,1991-01-01
Guns N' Roses,46,1993-01-01
Guns N' Roses,2,2008-01-01
Guns N' Roses,49,1993-01-01
Guns N' Roses,47,1993-01-01
Guns N' Roses,1,1991-01-01
Guns N' Roses,52,1991-01-01
Guns N' Roses,1,1991-01-01
Guns N' Roses,58,2008-01-01
Guns N' Roses,35,1999-01-01
Guns N' Roses,50,1999-01-01
Guns N' Roses,50,1999-01-01
Hollywood Rose,44,2004
Michael Learns To Rock,61,1999-05-10
Michael Learns To Rock,40,2014-10-25
Michael Learns To Rock,40,2014-10-25
Michael Learns To Rock,35,2014-10-25
Michael Learns To Rock,41,2014-10-25
Michael Learns To Rock,36,2014-10-25
Michael Learns To Rock,35,2014-10-25
Michael Learns To Rock,42,2014-10-25
Michael Learns To Rock,37,2014-10-25
Michael Learns To Rock,34,2014-10-25
Air Supply,67,1980-02-25
Chicago,72,1984-05-14
Savage Garden,52,2005-11-01
Paul McCartney,14,1973-12-05
George Harrison,17,1970-11-27
John Lennon,66,1971-09-09
Ringo Starr,58,1973-01-01
John Lennon,45,1971-09-09
Paul McCartney,1,1970-04-17
George Harrison,48,1979-02-20
Paul McCartney,8,1970-04-17
John Lennon,1,1980-11-17
Paul McCartney,8,1973-12-05
John Lennon,65,1975-02-17
Ringo Starr,44,1974
Paul McCartney,1,1970-04-17
John Lennon,50,1970-12-11
Paul McCartney,0,2001-05-07
John Lennon,0,1980-11-17
John Lennon,59,1973-10-29
Paul McCartney,1,1973-12-05
John Lennon,0,1980-11-17
George Harrison,3,1970-11-27
John Lennon,53,1970-12-11
Wings,29,1975-05-27
John Lennon,47,1971-09-09
Ringo Starr,33,2007-01-01
Paul McCartney,3,1973-12-05
John Lennon,44,2010-10-04
Paul McCartney,0,2001-05-07
George Harrison,1,1970-11-27
John Lennon,1,1980-11-17
Wings,51,1976-03-25
John Lennon,53,1970-12-11
Paul McCartney,0,2001-05-07
John Lennon,45,1970-12-11
Paul McCartney,0,2001-05-07
John Lennon,50,2010-10-04
George Harrison,34,1979-02-20
Paul McCartney,0,2001-05-07
John Lennon,21,2010-10-05
Wings,0,2001-05-07
Ringo Starr,42,2007-01-01
John Lennon,21,2010-10-05
Wings,53,1976-03-25
The Beatles,1,1996-03-18
Paul McCartney,0,2001-05-07
John Lennon,53,1971-09-09
George Harrison,35,2009-01-01
Paul McCartney,2,1983-10-28
John Lennon,25,2010-10-05
Paul McCartney,1,1982-04-26
George Harrison,29,2009-01-01
Paul McCartney,0,1991-05-20
DREAMS COME TRUE,0,1989-03-21
Junko Ohashi,0,1998-12-05
オメガトライブ,35,1985-07-01
Mr Absolutt,0,2017-10-09
Wink,26,1988-12-01
Shizuka Kudo,21,2012
オメガトライブ,45,1985-07-01
オメガトライブ,35,1985-07-01
Kiyotaka Sugiyama,33,1984-12-21
オメガトライブ,26,1984-12-21
オメガトライブ,23,1984-12-21
オメガトライブ,23,1984-12-21
オメガトライブ,24,1984-12-21
オメガトライブ,25,1984-03-21
オメガトライブ,27,1984-03-21
オメガトライブ,40,1983-09-21
オメガトライブ,25,1983-09-21
オメガトライブ,37,1983-09-21
オメガトライブ,25,1983-09-21
オメガトライブ,20,1983-09-21
オメガトライブ,25,1983-09-21
オメガトライブ,25,1983-09-21
Kiyotaka Sugiyama,24,1983-09-21
Kiyotaka Sugiyama,26,1985-10-23
Kiyotaka Sugiyama,18,1985-10-23
Kiyotaka Sugiyama,21,1985-10-23
オメガトライブ,35,1985-12-11
オメガトライブ,35,1985-12-11
オメガトライブ,19,1985-12-11
オメガトライブ,24,1985-12-11
オメガトライブ,28,1985-12-11
TRF,38,1998-01-01
Cosmic Cycler,37,2016-01-07
オメガトライブ,21,1985-12-11
オメガトライブ,17,1985-12-11
オメガトライブ,23,1985-12-11
オメガトライブ,17,1985-12-11
Kiyotaka Sugiyama,19,1985-10-23
Kiyotaka Sugiyama,18,1985-10-23
Kiyotaka Sugiyama,27,1985-10-23
Kiyotaka Sugiyama,27,1985-10-23
Kiyotaka Sugiyama,22,1985-10-23
Kiyotaka Sugiyama,19,1985-10-23
オメガトライブ,24,1985-07-01
オメガトライブ,21,1985-07-01
オメガトライブ,22,1985-07-01
オメガトライブ,29,1985-07-01
オメガトライブ,20,1985-07-01
オメガトライブ,21,1984-12-21
オメガトライブ,32,1984-12-21
オメガトライブ,17,1984-12-21
オメガトライブ,16,1984-12-21
Kiyotaka Sugiyama,40,1984-03-21
オメガトライブ,19,1984-03-21
オメガトライブ,26,1984-03-21
オメガトライブ,20,1984-03-21
オメガトライブ,16,1984-03-21
オメガトライブ,19,1984-03-21
オメガトライブ,14,1984-03-21
オメガトライブ,18,1983-09-21
Junk Fujiyama,26,2017-07-01
Hitomi Tohyama,41,2017-07-03
Shuya Okino,0,2016-03-04
Junko Ohashi,30,1998
Junko Ohashi,17,1998
Junko Ohashi,30,1998
Junko Ohashi,40,1998
CASIOPEA,0,2010-08-10
CASIOPEA,0,2010-08-10
CASIOPEA,0,2010-08-10
CASIOPEA,0,2010-08-10
CASIOPEA,0,2010-08-10
CASIOPEA,0,2010-08-10
CASIOPEA,0,2010-08-10
CASIOPEA,0,2010-08-10
CASIOPEA,0,2010-08-10
CASIOPEA,0,2010-08-10
CASIOPEA,0,2010-08-10
CASIOPEA,0,2010-08-10
CASIOPEA,0,2010-08-10
CASIOPEA,0,2010-08-10
CASIOPEA,0,2010-08-10
CASIOPEA,0,2010-08-10
CASIOPEA,0,2010-08-10
CASIOPEA,0,2010-08-10
CASIOPEA,0,2010-08-10
CASIOPEA,0,2010-08-10
T-SQUARE,0,2015-07-08
T-SQUARE,0,2015-07-08
T-SQUARE,0,2015-07-08
T-SQUARE,0,2015-07-08
T-SQUARE,0,2015-07-08
T-SQUARE,0,2015-07-08
T-SQUARE,0,2015-07-08
T-SQUARE,0,2015-07-08
Beckett,37,2016-12-24
The Rippingtons,33,2016-06-10
Macross 82-99,49,2015-10-21
Super3,46,2002-02-02
Super3,48,2002-02-02
The Cranberries,43,2019-04-26
The Cranberries,42,2019-04-26
The Cranberries,44,2019-04-26
The Cranberries,40,2019-04-26
The Cranberries,40,2019-04-26
The Cranberries,38,2019-04-26
The Cranberries,37,2019-04-26
The Cranberries,37,2019-04-26
The Cranberries,38,2019-04-26
The Cranberries,49,2019-04-26
The Cranberries,43,2019-04-26
The Cranberries,48,1994-10-03
The Cranberries,55,1996-04-30
The Cranberries,60,1999-04-19
The Cranberries,69,1994-10-03
The Cranberries,80,1994-10-03
The Cranberries,60,1999-04-19
The Cranberries,47,1996-04-30
The Cranberries,72,1993-03-01
The Cranberries,56,1999-04-19
The Cranberries,51,1994-10-03
The Cranberries,49,1994-10-03
The Cranberries,50,1996-04-30
The Cranberries,45,1993-03-01
The Cranberries,42,1993-03-01
The Cranberries,44,1993-03-01
The Cranberries,50,1994-10-03
The Cranberries,38,2001-01-01
The Cranberries,75,1993-03-01
The Cranberries,47,1999-04-19
The Cranberries,49,1994-10-03
The Cranberries,44,1994-10-03
The Cranberries,46,1994-10-03
The Cranberries,48,1994-10-03
The Cranberries,46,1993-03-01
The Cranberries,46,1994-10-03
The Cranberries,41,1996-04-30
The Cranberries,33,2001-01-01
The Cranberries,42,1994-10-03
The Cranberries,45,1994-10-03
The Cranberries,46,1993-03-01
The Cranberries,0,2017-03-16
Def Leppard,53,1987-08-03
Def Leppard,64,1983-01-20
Def Leppard,47,1987-08-03
Def Leppard,37,1992-03-31
Def Leppard,27,1993-10-05
Def Leppard,60,1987-08-03
Def Leppard,31,1992-03-31
Def Leppard,53,1987-08-03
Def Leppard,38,1993-10-05
Def Leppard,30,1992-03-31
Def Leppard,48,1987-08-03
Def Leppard,34,1992-03-31
Def Leppard,43,1983-01-20
Def Leppard,68,1987-08-03
Def Leppard,55,1981-07-11
Def Leppard,55,1983-01-20
Wham!,26,1984-10-23
Chaka Khan,37,2005-09-20
REO Speedwagon,73,1984-11-05
John Parr,68,1985-01-01
Whitney Houston,63,1985-02-14
Bryan Adams,14,1984-11-01
Wham!,3,1984-10-23
New Edition,0,2005-01-01
Jan Hammer,1,1987-01-01
Ready For The World,51,1985-01-01
The Honeydrippers,49,1984
The Pointer Sisters,33,2004-01-01
Commodores,61,1985-01-01
Whitney Houston,50,1985-02-14
Survivor,31,2006
Animotion,30,1996-01-01
Harold Faltermeyer,38,2010-01-01
Sade,2,2011-05-03
Mary Jane Girls,3,2008-01-01
Bryan Adams,3,1984-11-01
Bruce Springsteen,4,1984
'Til Tuesday,5,1985-06-25
Eurythmics,47,1985-05-11
Paul McCartney,37,2001-05-07
Survivor,25,2006
Julian Lennon,36,2008-08-11
Julian Lennon,22,1984
The Power Station,42,1985
Ashford & Simpson,54,1984-01-01
Bruce Springsteen,17,1984
Heart,3,1985-07-06
David Lee Roth,46,1985-01-15
Jermaine Jackson,0,1984
Starship,27,1985
Dionne Warwick,57,1989-10-31
Patti LaBelle,44,1999-01-01
Mr. Mister,65,1985-06-01
Whitney Houston,69,1985-02-14
Eddie Murphy,58,1985-02-05
Survivor,64,1985
Mr. Mister,54,2001-04-17
Whitney Houston,65,1985-02-14
Carl Anderson,34,1982
Peter Cetera,71,1986
Simple Minds,0,1985-10-21
Heart,0,1985-07-06
Steve Winwood,7,1986-01-01
Starship,38,2010-06-22
The Human League,42,1986
Nu Shooz,2,2007
Berlin,60,2007-01-01
Falco,1,1985
Heart,5,1985-07-06
Level 42,58,1989-01-01
Lionel Richie,64,1986
Miami Sound Machine,56,1985-08-13
Sly Fox,37,2010-08-24
Robert Palmer,0,2002-01-01
Miami Sound Machine,43,1985-08-13
Boston,62,1986-01-01
Stacey Q,54,1986-08-18
The Jets,43,1998-01-01
Orchestral Manoeuvres In The Dark,42,2003-01-01
Genesis,60,1986-06-09
Sade,1,2011-05-03
Janet Jackson,51,1986-02-04
Lisa Lisa & Cult Jam,36,1985
The Outfield,70,1985
Scritti Politti,0,1985
James Brown,55,1985
Cameo,63,1986-01-01
The Dream Academy,53,1985
Miami Sound Machine,42,1985-08-13
ZZ Top,46,1985-10-28
Rod Stewart,24,2008-11-17
Arcadia,24,1985
Run–D.M.C.,68,1986-05-15
The Moody Blues,26,2000-01-01
Daryl Hall,34,1986
Force M.D.'s,1,2005-02-08
Lionel Richie,43,1986
Heart,73,1987-06-06
Whitney Houston,2,1987-06-02
Starship,24,1987
Robbie Nevil,39,1998
Whitesnake,60,1982-11-20
Bruce Hornsby,66,1986-06-02
Los Lobos,58,1987-06-20
Crowded House,23,1986
U2,2,1987-03-10
Jody Watley,41,2000-01-01
Billy Vera & The Beaters,43,2002
U2,1,1987-03-10
Bill Medley,20,1987-07-10
Peter Cetera,57,1986
Janet Jackson,44,1986-02-04
Genesis,56,1986-06-09
Genesis,47,1986-06-09
Miguel Rios,0,2005-01-01
Miguel Rios,0,2005-01-01
Miguel Rios,0,2005-01-01
Miguel Rios,0,2005-01-01
Miguel Rios,0,2005-01-01
Miguel Rios,0,2005-01-01
Miguel Rios,0,2005-01-01
Miguel Rios,0,2005-01-01
Miguel Rios,0,2005-01-01
Miguel Rios,0,2005-01-01
Miguel Rios,0,2005-01-01
Miguel Rios,0,2005-01-01
Miguel Rios,0,2005-01-01
Miguel Rios,0,2005-01-01
Miguel Rios,0,2005-01-01
Miguel Rios,0,2005-01-01
Miguel Rios,0,2005-01-01
Miguel Rios,0,2005-01-01
Miguel Rios,0,2005-01-01
Miguel Rios,0,2005-01-01
Miguel Rios,0,2005-01-01
Miguel Rios,0,2005-01-01
Miguel Rios,0,2005-01-01
Miguel Rios,0,2005-01-01
Miguel Rios,0,2005-01-01
Miguel Rios,0,2005-01-01
Miguel Rios,0,2005-01-01
Miguel Rios,0,2005-01-01
Miguel Rios,0,2005-01-01
Miguel Rios,63,1980-01-01
Miguel Rios,47,1998
"Emerson, Lake & Palmer",59,1970-11-20
The Alan Parsons Project,34,1978-06-01
Camel,0,1978-01-01
"Emerson, Lake & Palmer",55,1972-07-06
Yes,31,1970-07-24
Genesis,48,1973-10-12
Yes,38,1977
The Alan Parsons Project,30,1978-06-01
Jethro Tull,65,1971-03-19
Focus,49,1971
Rick Wakeman,2,1973-01-23
Gentle Giant,0,1972-01-01
Caravan,0,1971-01-01
"Emerson, Lake & Palmer",47,1973-11-19
Camel,41,2002-01-01
Marillion,59,1985-06-17
Jethro Tull,60,1971-03-19
U.K.,35,1978-01-01
The Alan Parsons Project,29,1978-06-01
Van Der Graaf Generator,33,1986-01-01
Curved Air,34,1976-11-22
Steve Hackett,40,2014-05-26
Barclay James Harvest,37,2017-09-01
Hawkwind,39,1971
IQ,32,2010-07-16
Porcupine Tree,54,2002-09-24
The Watch,17,2017-05-29
Steve Hackett,34,2014-05-26
Big Big Train,30,2012-09-03
Amarok,0,2017-06-23
RPWL,36,2012-03-09
Dave Kerzner,7,2017-10-01
Ioearth,6,2009-03-09
Sylvan,21,2012-12-27
Carptree,0,2017-04-07
Comedy of Errors,11,2017-06-16
Blind Ego,31,2016-10-21
DeeExpus,6,2012-03-23
Bjørn Riis,0,2017-05-19
Chroma Key,32,1998-01-01
Threshold,21,2017-09-08
Agusa,10,2017-10-27
Blackfield,41,2004-01-02
Squackett,0,2014-11-03
Pallas,10,2011-01-21
Arena,32,2015-04-27
Abel Ganz,4,2008-01-01
Millenium,7,2017-09-22
Rocket Scientists,10,2014-11-18
Cryptic Vision,2,2012-06-05
Fates Warning,34,2000
Squackett,3,2012-05-21
Carptree,0,2017-04-07
Flying Colors,39,2014-09-26
Yogi Lang,18,2010-11-05
Steve Rothery,0,2014-09-21
Carptree,13,2010-09-24
Bjørn Riis,0,2014-11-03
Big Big Train,30,2017-07-14
Sylvan,17,2012-12-27
Black Bonzo,0,2007-06-08
Wishbone Ash,0,1971
Anthony Phillips,28,2014-12-08
Inside The Sound,1,2017-05-05
Porcupine Tree,51,2002-09-24
Liam Davison,6,2011-12-05
Bad Dreams,5,2015-11-01
The Pineapple Thief,0,2016-08-12
Solstice Coil,0,2005-01-01
Neuschwanstein,7,2006-10-19
Camel,38,2002-01-01
Camel,0,2009-01-01
Camel,0,2009-01-01
Camel,0,2009-01-01
Camel,0,2009-01-01
Genesis,33,1971-11-12
Queen,76,1977-10-28
Deep Purple,50,2005-06-17
Bad Company,48,1974
Nazareth,7,2010-02-15
Black Sabbath,35,2016-10-28
Scorpions,72,2011-11-04
Foreigner,69,1981
Whitesnake,7,1987-04-04
Poison,71,1988-03-21
Gary Moore,44,2006
Alias,51,1990-01-01
Mr. Big,5,1991
Skid Row,59,1998
R.E.M.,12,2003-10-27
The Animals,60,1966-02
Creedence Clearwater Revival,78,1970-12-07
AC/DC,83,1980-07-25
The Clash,79,1982
Aerosmith,78,1973-01-05
Dire Straits,65,1978-10-07
AC/DC,83,1979-07-27
ZZ Top,74,1973-07-26
Led Zeppelin,77,1970
Fleetwood Mac,21,1977-02-04
Creedence Clearwater Revival,16,2005-12-14
Derek & The Dominos,21,1970-11-01
AC/DC,73,1976-09-20
The Beatles,79,1969-09-26
Pink Floyd,76,1979-11-30
Black Sabbath,15,2014-03-28
Creedence Clearwater Revival,24,1969-08-03
Jimi Hendrix,76,1968-10-25
The Rolling Stones,76,1965-07-30
Bob Seger,18,1978-05-05
Aerosmith,65,1980-11-11
The Hollies,63,1971-10-08
Steppenwolf,73,1968
Eric Clapton,70,1977-11-01
ZZ Top,72,1983-03-23
Cream,16,1967-11-02
Blue Öyster Cult,7,1976
The Rolling Stones,18,1978-06-09
Ted Nugent,66,1975
Led Zeppelin,70,1969-01-12
Led Zeppelin,63,1975-02-24
Bob Dylan,73,1973-07-13
The Doors,74,1971-04-19
Van Morrison,79,1967-09
The Kinks,16,1964-10-02
The Doobie Brothers,67,1973
Led Zeppelin,65,1973-03-28
Rush,73,1981-02-12
Cream,18,1968-07-01
Jimi Hendrix,71,1967-05-12
Steve Miller Band,19,1973-01-01
The Beatles,68,1973-04-02
Van Halen,14,1978-02-07
Steppenwolf,13,1991-01-01
The Kinks,15,1964-10-02
Big Brother & The Holding Company,67,1968-08-12
Led Zeppelin,70,1969-10-22
Boston,11,1976
The Doors,72,1967-01-04
Bob Dylan,61,1966-06-22
Motörhead,13,2001
Aerosmith,52,1975-04-08
The Five Stairsteps,63,2001-11-06
Lil Dicky,70,2015-07-31
Pink Floyd,76,1975-09-12
Pink Floyd,74,1979-11-30
The Molly Ringwalds,40,2014-07-29
Fleetwood Mac,73,1977-02-04
Tame Impala,85,2015-07-17
Queen,21,1974-11-08
Queen,35,2011-01-01
Queen,70,1977-10-28
Foreigner,52,1978
Panic! At The Disco,59,2018-05-23
Panic! At The Disco,34,2018-05-23
Motörhead,61,1979-03-24
Lynyrd Skynyrd,9,1973
Kansas,74,1976
Stevie Nicks,61,2016-11-04
Van Halen,78,1984-01-04
Kansas,77,1977
The Rolling Stones,22,1969-12-05
Free,22,2008-01-01
Pink Floyd,15,1973-03-16
Buffalo Springfield,73,1966-12-05
The Who,22,1971-08-14
The Who,18,1969-05-23
Boston,12,1976
KISS,75,1975-03-19
Black Sabbath,66,1970-09-18
The Doobie Brothers,75,1972
The Rolling Stones,16,1971-04-23
The Marshall Tucker Band,14,1973
Golden Earring,64,2008-10-22
The Who,15,1971-08-14
T. Rex,62,1971-09-24
Mountain,68,1970
The Who,17,1978-08-18
The Doors,71,1967-01-04
Whitesnake,19,1987
Bad Company,68,1975
Bob Seger,16,1978-05-05
The Who,56,1966-04-01
Steve Miller Band,67,1976-01-01
The Doobie Brothers,62,1976-10-29
Bruce Springsteen,73,1975-08-25
Eric Clapton,15,1970-08-01
Martha Reeves & The Vandellas,35,2002
Coldplay,65,2014-05-19
Coldplay,72,2014-05-19
Coldplay,62,2014-05-19
Coldplay,58,2014-05-19
Coldplay,64,2014-05-19
Coldplay,57,2014-05-19
Coldplay,55,2014-05-19
Coldplay,78,2014-05-19
Coldplay,63,2014-05-19
Coldplay,36,2014-06-29
Coldplay,37,2014-06-29
Coldplay,32,2014-06-29
America,77,1972
America,69,1972-01-01
Gerry Rafferty,65,1978
Carly Simon,75,1972
Gary Wright,56,1975
Carly Simon,3,2008
Firefall,46,2009-02-26
Firefall,15,2009-02-26
Walter Eagan,0,2007-05-01
Rex Smith,0,1979
Firefall,21,2009-02-26
Jim Croce,41,1974-01-01
Burton Cummings,39,1976
Stealers Wheel,71,2009-01-01
Pilot,57,2009-12-07
Linda Ronstadt,59,1974
Manfred Mann's Earth Band,2,1976-08-01
Neil Sedaka,1,2007-04-24
Olivia Newton-John,41,1995-06-28
Roberta Flack,43,2005-04-19
Van Morrison,58,1970-11-15
Captain & Tennille,26,2005-01-01
David Gates,58,1978
Nicolette Larson,49,1978
Janis Ian,5,1975
Cornelius Brothers & Sister Rose,54,1996-01-01
The Band,60,1969-09-22
Carly Simon,45,1971-03
Carly Simon,34,1975
Carly Simon,30,1975
Glen Campbell,28,2011-01-01
Daryl Hall & John Oates,62,1973-01-01
Harry Nilsson,4,1995
Harry Nilsson,10,1967
Heart,58,1975
The Hollies,37,2003-03-03
Jim Croce,48,1974-01-01
Olivia Newton-John,28,1978-09-14
Neil Sedaka,0,2007-04-24
Nicolette Larson,33,1978
Rod Stewart,5,1971-01-01
Rod Stewart,38,1976
Rod Stewart,53,1977
Rod Stewart,50,1977
Derek & The Dominos,0,1970-11-01
Norman Greenbaum,68,1979
Harry Chapin,55,1974
Fleetwood Mac,13,1977-02-04
Bay City Rollers,31,1993-05-14
Maria Muldaur,35,2005-07-19
Dionne Warwick,4,2005-05-03
Frankie Valli & The Four Seasons,66,2003-01-14
Orleans,27,1976
Starbuck,0,2011-05-09
Lobo,55,1993-06-11
David Bowie,0,1972-06-06
Bonnie Tyler,9,2006
Boston,3,1976
Fleetwood Mac,26,1977-02-04
Lobo,51,1993-06-11
Joe Walsh,0,2008-04-29
Joe Cocker,0,2008-04-29
Ram Jam,2,2008-02-12
Chicago,61,1972-07-10
Don McLean,71,1988-01-01
Neil Young,5,1972-02-14
Queen,0,1992
The Spinners,33,2007-04-02
Steely Dan,1,2000-01-01
Yes,48,1971-11-26
Hues Corporation,46,2010-02-26
The Band,63,1969-09-22
David Bowie,7,1969-11-04
Sly & The Family Stone,0,1973
Neil Young,0,1969-05-14
Van Morrison,62,1968-11-01
The Isley Brothers,57,1999
Harry Nilsson,10,1967
Bobbie Gentry,54,1967-08-21
Stone Poneys,29,1974-01-01
The Charlie Daniels Band,2,1975
Gary Numan,7,1981-04-01
"Evelyn ""Champagne"" King",44,2005-02-05
RAINBOW,6,2003-01-01
REO Speedwagon,47,1973-11-09
The Knack,73,1979-01-01
Hot Chocolate,71,1975
Neil Sedaka,53,2003-03-29
Bee Gees,14,1978-01-05
Minnie Riperton,57,1993-01-01
Looking Glass,72,1972
Blues Image,19,1970
Player,50,1998-01-01
America,57,1974
Gerry Rafferty,69,1978
Van Morrison,2,1970-02-28
David Soul,60,1976-01-01
Dan Hill,0,2006-06-12
Muse,75,2009-09-10
Green Day,71,2004
James Blunt,76,2005-08-08
KT Tunstall,59,2005-01-01
Gorillaz,80,2005-05-23
Raphaël,57,2005-09-09
Daniel Powter,76,2005-02-22
Jet,61,2003-09-15
John Butler Trio,48,2005-03-01
Staind,54,2006-11-13
Daft Punk,44,2006-03-31
Linkin Park,65,2003-03-24
Muse,56,2004-03-23
Mickey 3d,46,2005-06-03
Moby,0,2005-03-14
P.O.D.,69,2001-09-11
Placebo,57,2006-03-13
Simple Plan,68,2004-10-26
Travis,4,2004-11-01
Gnarls Barkley,75,2006-04-24
Hard-FI,42,2005-06-27
Mademoiselle K.,40,2006-08-21
Gorillaz,65,2005-05-23
Death Cab for Cutie,48,2005-08-29
Linkin Park,69,2003-03-24
James Blunt,56,2005-08-08
Green Day,78,2004-09-21
Muse,68,2004-03-23
Daniel Powter,14,2005-08-16
Eric Clapton,46,1999-10-12
The Goo Goo Dolls,41,2007-11-06
Panic! At The Disco,51,2005-09-27
Muse,73,2006-06-19
Paolo Nutini,67,2007-01-30
Bénabar,49,2005-10-21
Jean-Louis Aubert,8,2005-11-14
Phoenix,43,2006-05-12
Riké,15,2007-01-29
James Morrison,63,2006-01-01
Daniel Powter,33,2010-12-02
Bloc Party,63,2005-02-02
Plastiscines,11,2007-01-19
Lily Allen,64,2006-07-14
Moby,0,2006
Placebo,55,2006-03-13
Jehro,28,2007-02-01
My Chemical Romance,78,2006-10-23
The Killers,65,2004-06-15
Adrienne Pauly,26,2006-09-18
Rob Thomas,56,2005-04-05
Porcupine Tree,1,2005-03-22
Avril Lavigne,68,2004
Garbage,25,2007
Hoobastank,12,2003-01-01
Placebo,55,2000-10-09
The Verve,11,1997-09-29
The Calling,63,2011-02-04
Hard-FI,28,2005-06-27
My Chemical Romance,51,2014-03-21
Raphaël,40,2005-09-09
Depeche Mode,38,2014-11-17
Nada Surf,35,2006-02-07
Da Silva,0,2005-09-06
Ben Harper,25,1997-01-01
Starsailor,47,2003-09-15
Spin Doctors,70,1991-08-27
R.E.M.,0,2003-10-27
Cali,30,2005-09-30
Sum 41,69,2002-01-01
Daft Punk,70,2001-03-07
Coldplay,62,2005-06-07
Linkin Park,69,2003-03-24
Oasis,54,1994-08-29
Red Hot Chili Peppers,45,1989-08-16
-M-,38,2005-11-04
The Stooges,61,1969-08-05
The Dø,47,2008
Yael Naim,7,2007-10-22
BB Brunes,32,2007
Plain White T's,64,2006
Birdy,54,2011-11-04
Gossip,0,2007
Sara Bareilles,75,2007-07-03
Julien Doré,40,2008-06-16
Lenny Kravitz,43,2008-02-05
Camille,0,2008-04-04
Frankie Valli & The Four Seasons,35,2007-06-25
James Blunt,61,2007-09-17
Panic! At The Disco,55,2008-03-24
Babyshambles,36,2007-08-27
Paolo Nutini,65,2007-01-30
Jet,74,2003-09-15
Paramore,63,2007-06-11
Jamie Lidell,51,2008-04-27
Linkin Park,72,2007-05-14
Thirty Seconds To Mars,71,2005-01-01
Justice,0,2007-06-18
Kaiser Chiefs,11,2007-01-01
AaRON,48,2008-11-17
Jehro,26,2007-02-01
ONE OK ROCK,40,2018-02-16
ONE OK ROCK,40,2013-03-06
ONE OK ROCK,51,2015-09-25
ONE OK ROCK,47,2015-09-25
ONE OK ROCK,48,2011-10-05
ONE OK ROCK,47,2007-11-21
ONE OK ROCK,42,2007-11-21
ONE OK ROCK,38,2010-06-09
ONE OK ROCK,53,2017-01-13
ONE OK ROCK,42,2011-10-05
ONE OK ROCK,2,2018-11-23
ONE OK ROCK,51,2017-01-13
ONE OK ROCK,61,2013-03-06
ONE OK ROCK,49,2015-09-25
ONE OK ROCK,42,2015-09-25
ONE OK ROCK,54,2017-01-13
ONE OK ROCK,54,2010-06-09
Queen,42,1973-07-13
Queen,42,1973-07-13
Queen,37,1973-07-13
Queen,35,1973-07-13
Queen,35,1973-07-13
Queen,34,1973-07-13
Queen,33,1973-07-13
Queen,34,1973-07-13
Queen,33,1973-07-13
Queen,34,1973-07-13
Queen,33,1974-03-08
Queen,34,1974-03-08
Queen,35,1974-03-08
Queen,33,1974-03-08
Queen,33,1974-03-08
Queen,33,1974-03-08
Queen,35,1974-03-08
Queen,35,1974-03-08
Queen,36,1974-03-08
Queen,33,1974-03-08
Queen,38,1974-03-08
Queen,37,1974-11-08
Queen,50,1974-11-08
Queen,33,1974-11-08
Queen,35,1974-11-08
Queen,34,1974-11-08
Queen,36,1974-11-08
Queen,33,1974-11-08
Queen,36,1974-11-08
Queen,32,1974-11-08
Queen,32,1974-11-08
Queen,32,1974-11-08
Queen,30,1974-11-08
Queen,34,1974-11-08
Queen,46,1975-11-21
Queen,45,1975-11-21
Queen,47,1975-11-21
Queen,65,1975-11-21
Queen,46,1975-11-21
Queen,44,1975-11-21
Queen,47,1975-11-21
Queen,46,1975-11-21
Queen,53,1975-11-21
Queen,44,1975-11-21
Queen,84,1975-11-21
Queen,45,1975-11-21
Queen,37,1976-12-10
Queen,35,1976-12-10
Queen,32,1976-12-10
Queen,35,1976-12-10
Queen,34,1976-12-10
Queen,44,1976-12-10
Queen,30,1976-12-10
Queen,39,1976-12-10
Queen,31,1976-12-10
Queen,33,1976-12-10
Queen,79,1977-10-28
Queen,39,1977-10-28
Queen,40,1977-10-28
Queen,59,1977-10-28
Queen,37,1977-10-28
Queen,36,1977-10-28
Queen,35,1977-10-28
Queen,39,1977-10-28
Queen,38,1977-10-28
Queen,45,1977-10-28
Queen,43,1978-11-10
Queen,67,1978-11-10
Queen,46,1978-11-10
Queen,64,1978-11-10
Queen,40,1978-11-10
Queen,41,1978-11-10
Queen,38,1978-11-10
Queen,40,1978-11-10
Queen,41,1978-11-10
Queen,37,1978-11-10
Queen,37,1978-11-10
Queen,83,1978-11-10
Queen,38,1978-11-10
Queen,60,1980-06-27
Queen,44,1980-06-27
Queen,82,1980-06-27
Queen,42,1980-06-27
Queen,74,1980-06-27
Queen,41,1980-06-27
Queen,44,1980-06-27
Queen,42,1980-06-27
Queen,38,1980-06-27
Queen,62,1980-06-27
Queen,38,1982-05-03
Queen,36,1982-05-03
Queen,40,1982-05-03
Queen,44,1982-05-03
Queen,35,1982-05-03
Queen,35,1982-05-03
Queen,37,1982-05-03
Queen,35,1982-05-03
Queen,43,1982-05-03
Queen,60,1982-05-03
Soda Stereo,0,1997-12-16
Soda Stereo,0,1997-12-16
Soda Stereo,0,1997-12-16
Soda Stereo,0,1997-12-16
Soda Stereo,0,1997-12-16
Soda Stereo,0,1997-12-16
Soda Stereo,3,1997-12-16
Soda Stereo,0,1997-12-16
Soda Stereo,0,1997-12-16
Soda Stereo,0,1997-12-16
Soda Stereo,0,1997-12-16
Soda Stereo,46,1997-10-09
Soda Stereo,46,1997-10-09
Soda Stereo,41,1997-10-09
Soda Stereo,46,1997-10-09
Soda Stereo,47,1997-10-09
Soda Stereo,54,1997-10-09
Soda Stereo,41,1997-10-09
Soda Stereo,50,1997-10-09
Soda Stereo,41,1997-10-09
Soda Stereo,53,1997-10-09
Soda Stereo,51,1997-10-09
Mötley Crüe,57,2019-02-22
Mötley Crüe,70,1985
Mötley Crüe,64,1981
Black Sabbath,68,1970-09-18
Muse,69,2015-06-04
Queen,26,1976-12-10
David Bowie,27,2016-11-11
Sweet,32,2014-01-13
Sleigh Bells,42,2010-06-01
Mötley Crüe,14,1989
Rob Zombie,48,2018-07-11
The Stooges,36,1973-02-07
Bob Dylan,59,1963-05-27
Van Halen,70,1978-02-10
The Black Keys,69,2011-12-06
Alice Cooper,55,1971
Aerosmith,45,1973-01-05
BONES UK,6,2018-06-05
Sixx:A.M.,54,2011-05-03
AWOLNATION,12,2017-10-13
Mötley Crüe,76,1989
Boston,78,1976
Cheap Trick,69,1978-04
Heart,73,1977-05-14
Foreigner,77,1984-12-12
Bachman-Turner Overdrive,68,1974
Styx,66,1978-01-01
Blue Öyster Cult,75,1976
The J. Geils Band,71,1981
Peter Frampton,66,1975-01-01
Billy Squier,64,1981
Sammy Hagar,58,1981-01-01
Triumph,52,2010-05-14
Foghat,64,1975
Asia,66,1982-01-01
Don Henley,76,1984-01-01
Loverboy,66,1981
Steve Miller Band,75,1973-01-01
38 Special,63,1982-01-01
Eddie Money,67,1986-10-15
Night Ranger,60,1983-01-01
Thin Lizzy,74,1976
The Cars,69,1978-06-06
Jefferson Starship,61,1979-11-01
Journey,80,1981
April Wine,47,1981
Grand Funk Railroad,60,1999-01-01
UFO,60,1974-01-01
Molly Hatchet,58,1979
Rick Springfield,70,1981
The Babys,49,1977-09-03
Rainbow,59,1975-01-01
Huey Lewis & The News,64,1986-01-01
Montrose,48,1973
Nazareth,58,1975-01-01
Pat Benatar,68,1980-08-05
Quiet Riot,69,1983
John Mellencamp,73,1982
Robert Plant,57,2007-05-21
Great White,59,1989-01-01
Steve Winwood,65,1982-08-02
Little River Band,62,1978
Whitesnake,70,1987
David Lee Roth,55,1988-01-26
Alice Cooper,70,1989-07-25
Damn Yankees,59,1990
Tom Petty and the Heartbreakers,73,1976-11-09
James Gang,57,1970-01-01
Dokken,57,1984-09-11
Steve Perry,62,1984-04-01
Bob Seger,72,1978-05-05
Honeymoon Suite,47,1984-06-14
Three Dog Night,63,1970-01-01
Uriah Heep,56,2009-10-02
Y&T,45,1985-01-01
Tesla,56,1986-01-01
Survivor,72,1982
Lynyrd Skynyrd,81,1974-04-15
George Thorogood & The Destroyers,67,1982-01-01
Head East,52,1975-01-01
The Moody Blues,67,1967-11-10
Def Leppard,74,1987-08-03
Deep Purple,75,1972-03-25
The Guess Who,67,2000-07-10
Blackfoot,54,1979
Billy Idol,71,1983-11-01
Aldo Nova,51,1982
Lou Gramm,50,1987-03-03
Electric Light Orchestra,79,1977
Ratt,63,1984-02-14
John Waite,69,1984-01-01
The Who,76,1971-08-14
Glenn Frey,59,2018-04-27
Cinderella,61,1988
The Tubes,50,1983
Yes,69,1983-06-01
Robert Palmer,67,1985-01-01
Atlanta Rhythm Section,54,1976-12
TOTO,83,1982-04-08
Ambrosia,63,1980-03-26
Eagles,82,1976-12-08
Zebra,42,1983
Supertramp,74,1977-01-01
Chicago,74,1976-06-14
Krokus,52,1983
Sweet,60,1974
Bad English,64,1989-06-15
Winger,57,1988
Queensrÿche,61,1990
Warrant,60,1989
Caifanes,64,1988-05-15
Caifanes,51,1988-05-15
Caifanes,68,1988-05-15
Caifanes,47,1988-05-15
Caifanes,63,1988-05-15
Caifanes,57,1988-05-15
Caifanes,50,1990-06-19
Caifanes,69,1990-06-19
Caifanes,59,1990-06-19
Caifanes,46,1990-06-19
Caifanes,53,1990-06-19
Caifanes,59,1992-06-08
Caifanes,48,1992-06-08
Caifanes,67,1992-06-08
Caifanes,51,1992-06-08
Caifanes,48,1992-06-08
Caifanes,71,1994
Caifanes,52,1994
Caifanes,61,1994
Caifanes,56,1994
Caifanes,49,1994
Caifanes,50,1994
Queen,59,1991-10-28
Guns N' Roses,82,1987-01-01
Eagles,16,1976
Creedence Clearwater Revival,78,1970-12-07
The Police,24,1983-06-01
Queen,29,1975-11-21
The Beatles,79,1969-09-26
The Rolling Stones,76,1965-07-30
Bon Jovi,24,1986-01-01
Deep Purple,64,1972-03-25
Queen,74,1980-06-27
Pink Floyd,76,1979-11-30
AC/DC,78,1980-07-25
Dire Straits,65,1978-10-07
The Beatles,71,1963-03-22
KISS,75,1975-03-19
The Clash,79,1982
AC/DC,83,1979-07-27
Lynyrd Skynyrd,27,1974-04-15
The Doors,72,1970-02-09
The Beatles,74,2000-11-13
AC/DC,83,1980-07-25
Aerosmith,78,1973-01-05
Whitesnake,19,1987
Guns N' Roses,78,1987-01-01
The Beatles,68,1973-04-02
Steppenwolf,73,1968
Kansas,77,1977
Derek & The Dominos,21,1970-11-01
Led Zeppelin,76,1969-10-22
U2,66,1983-02-28
Black Sabbath,15,2014-03-28
Boston,19,1976
Van Halen,78,1984-01-04
Queen,70,1977-10-28
Supertramp,74,1977-01-01
The Cure,67,1992-04-21
The Police,23,1978-11-02
Eric Clapton,70,1977-11-01
The Who,22,1971-08-14
The Rolling Stones,66,1966-01-01
Bob Seger,18,1978-05-05
Journey,80,1981
David Bowie,22,1974-04-24
Metallica,69,1991-08-12
Creedence Clearwater Revival,24,1969-08-03
The Rolling Stones,66,1971-12-20
Fleetwood Mac,21,1977-02-04
Guns N' Roses,14,2004-01-01
Led Zeppelin,73,1971-11-08
Bob Dylan,73,1973-07-13
The Who,16,2009-12-21
The Animals,60,1966-02
U2,77,1991-11-18
Creedence Clearwater Revival,19,1969-11-02
The Rolling Stones,16,1971-04-23
The Hollies,63,1971-10-08
The Who,17,1978-08-18
Creedence Clearwater Revival,16,2005-12-14
The Rolling Stones,72,1971-04-23
Pink Floyd,74,1979-11-30
Don McLean,73,1971
Bob Dylan,61,1966-06-22
Cream,16,1967-11-02
Radiohead,20,1993-04-23
The Doors,67,1969-07-21
Pink Floyd,15,1973-03-16
Fleetwood Mac,26,1977-02-04
Free,22,2008-01-01
The Who,18,1969-05-23
Metallica,73,1991-08-12
Tom Petty,76,1989-01-01
The Doobie Brothers,75,1972
Led Zeppelin,63,1975-02-24
The Kinks,16,1964-10-02
Fleetwood Mac,67,1977-02-04
Quiet Riot,70,1996
Van Halen,15,1984-01-03
Led Zeppelin,77,1970
The Knack,73,1979-01-01
Eagles,72,1976-12-08
AC/DC,73,1976-09-20
The Who,15,1971-08-14
Led Zeppelin,70,1969-01-12
ZZ Top,74,1973-07-26
Thin Lizzy,74,1976
AC/DC,77,1976-05-14
America,77,1972
Bruce Springsteen,75,1984-06-04
The Clash,73,1979
Black Sabbath,66,1970-09-18
The Doors,72,1967-01-04
The Who,56,1966-04-01
Steve Miller Band,13,2019-06-12
Red Hot Chili Peppers,81,1991-09-24
Tom Petty and the Heartbreakers,19,2000-01-01
Eric Clapton,15,1970-08-01
Aerosmith,65,1980-11-11
Aerosmith,61,2011-09-13
Joan Jett & The Blackhearts,72,1981-11-18
Daryl Hall & John Oates,70,1976-08-01
Journey,74,2001-09-19
Jimi Hendrix,57,1997-09-16
Pearl Jam,75,1991-08-27
Air Supply,67,1980-02-25
Kansas,55,2009-10-27
Ozzy Osbourne,71,2019-11-08
TOTO,49,2018-02-09
Kings of Leon,12,2008-08-11
Billy Joel,66,1980-03-12
TOTO,50,2018-02-09
Electric Light Orchestra,70,1979-05-31
Tom Petty and the Heartbreakers,5,2010-01-01
Foo Fighters,73,1999-11-02
Boston,78,1976
Blue Öyster Cult,7,1976
The Edgar Winter Group,46,2014-10-24
Cheap Trick,48,2004-03-02
David Bowie,45,2016-11-11
Bruce Springsteen,5,1984
Loverboy,12,2006
The Romantics,66,1990
Eddie Money,45,1977
Santana,60,1969
Stevie Ray Vaughan,57,2006
Aerosmith,73,1975-04-08
Metallica,23,1991-08-12
Billy Joel,64,1977
Electric Light Orchestra,79,1977
REO Speedwagon,49,2004
Pearl Jam,75,1991-08-27
Heart,73,1977-05-14
Kings of Leon,48,2018-03-02
AC/DC,81,1990-09-24
Ozzy Osbourne,77,1980-09-20
Jimi Hendrix,71,1967-05-12
Aerosmith,72,1975-04-08
Lou Reed,74,1972-12-01
Bruce Springsteen,76,1984-06-04
Eddie Money,67,1986-10-15
Boston,62,1976
Cheap Trick,51,2004-03-02
Daryl Hall & John Oates,77,1980
Queen,9,1981-10-26
Mott The Hoople,62,1972
The Kinks,51,1980-06-04
Midnight Oil,65,1987-10-02
Journey,71,1980
The Outfield,71,1985-06-29
The Clash,64,1979
Billy Joel,74,1973-11-07
Santana,61,2007-09-25
Electric Light Orchestra,69,1976-09-01
Boz Scaggs,43,2006
Kenny Loggins,71,1997-03-25
The Stone Roses,61,1989-05-02
U2,3,1998-10-21
Foo Fighters,77,1997-05-20
Fleetwood Mac,73,1977-02-04
David Bowie,43,2016-11-11
Rush,3,1981-02-12
Audioslave,75,2002-11-17
Jimi Hendrix,46,1967-05-12
Big Brother & The Holding Company,67,1968-08-12
Lynyrd Skynyrd,14,2007-11-02
Looking Glass,72,1972
Blue Öyster Cult,67,1981-10-23
Rick Springfield,70,1981
Mountain,68,1970
Creedence Clearwater Revival,1,2005-01-01
Ted Nugent,58,1977-04-12
The Rolling Stones,2,1975-11-06
The Guess Who,53,2003-05-06
David Bowie,43,2016-11-11
Genital Motors,42,2019-02-20
Pink Floyd,76,1975-09-12
Survivor,72,1982
Journey,67,1983-02-01
Scorpions,61,2017-10-27
Judas Priest,27,2010-05-10
Steve Miller Band,75,1973-01-01
Paul Simon,61,1973-05-05
Paul McCartney,71,1973-12-05
Bill Withers,63,1972-05-01
Bob Seger,72,1978-05-05
The Byrds,42,1965
The Black Crowes,2,1990
Patti Smith,58,2011-08-23
Eagles,75,1972
Tom Petty and the Heartbreakers,73,1976-11-09
Bad Company,68,1975
Tom Petty,71,1989-01-01
38 Special,59,2000-01-01
Lynyrd Skynyrd,14,1973
The Allman Brothers Band,15,1973-09
Eagles,51,2003-10-21
Def Leppard,64,1983-01-20
The Marshall Tucker Band,14,1973
Rush,73,1981-02-12
Tom Petty,49,2008-05-20
The Cars,69,1978-06-06
The Black Crowes,68,1990-02-13
The Allman Brothers Band,15,1970-09-23
Steve Miller Band,67,1976-01-01
Rush,69,1981-02-12
Def Leppard,74,1987-08-03
Lynyrd Skynyrd,69,1973-01-01
Manfred Mann's Earth Band,61,1976
Van Halen,51,1996-09-24
Boston,69,1976
The Doobie Brothers,62,1976-10-29
Foreigner,67,1981
Steve Miller Band,64,1976-01-01
The Black Crowes,63,1990-02-13
Blue Öyster Cult,75,1976
The Doobie Brothers,67,1973
John Mellencamp,69,1982
Styx,66,1978-01-01
The Rolling Stones,18,1978-06-09
Van Halen,70,1978-02-10
Cheap Trick,70,1977-09
Creedence Clearwater Revival,76,1969-08-03
Bon Jovi,14,1986-01-01
Whitesnake,65,1987-04-07
Free,70,1970-06-26
Bob Seger,15,1969-04-01
Billy Squier,61,1981
Night Ranger,55,1997-01-01
Derek & The Dominos,74,1970-11-01
Billy Squier,64,1981
Tom Petty and the Heartbreakers,63,1979-10-19
Mötley Crüe,76,1989
Grateful Dead,64,1970
Boston,11,1976
Rush,67,1980-01-01
Bruce Springsteen,67,1984-06-04
Van Halen,67,1984-01-04
Foghat,64,1975
The Who,76,1971-08-14
Bad Company,63,1974
Rush,60,1980-01-01
REO Speedwagon,65,1980
Bruce Springsteen,73,1975-08-25
Ozzy Osbourne,69,1991-09-17
ZZ Top,72,1983-03-23
The Guess Who,67,2000-07-10
Led Zeppelin,70,1969-10-22
Bachman-Turner Overdrive,68,1974
Joe Walsh,11,1976-01-01
Foreigner,68,1977-03-08
Ratt,63,1984-02-14
Stealers Wheel,71,2009-01-01
The Who,12,1978-08-18
Queen,67,1974-11-08
Neil Young,65,1989-09-29
Pat Benatar,68,1980-08-05
Thin Lizzy,60,1976
The Rolling Stones,76,1981-08-24
Queen,69,1976-12-10
Billy Idol,71,1983-11-01
Simple Minds,45,1985
Guns N' Roses,16,1987-01-01
Meat Loaf,50,1977
Poison,65,1988-03-21
Creedence Clearwater Revival,80,1969-11-02
Kansas,74,1976
Bad Company,56,1974
The Who,61,1971-08-14
Steppenwolf,67,1968-01-01
Grand Funk Railroad,59,1973
The Rolling Stones,75,1969-12-05
Jimi Hendrix,76,1968-10-25
Guns N' Roses,22,1987-01-01
Billy Squier,55,2005-01-01
Pat Benatar,44,2008-01-01
Black Sabbath,68,1970-09-18
Guns N' Roses,19,1987-01-01
Orange & Lemons,66,2005-03-24
6cyclemind,58,2007-01-15
Eraserheads,61,2004-01-26
Rivermaya,1,2001-10-25
6cyclemind,57,2005-10-17
Itchyworms,58,2006
Kamikazee,58,2006
Imago,62,2007
Hale,66,2005
Itchyworms,56,2006
Eraserheads,54,2004-01-26
Callalily,65,2006-07-17
Kamikazee,54,2006
Moonstar88,61,2008-07-28
Bamboo,52,2004
Rivermaya,1,2005-12-12
Mayonnaise,4,2008-07-02
Callalily,60,2006-07-17
Bamboo,58,2004
Eraserheads,52,2004-01-26
Hale,51,2005
Shamrock,53,2005
Sponge Cola,58,2013
Parokya Ni Edgar,61,1999
Eraserheads,56,1993-12-01
Parokya Ni Edgar,54,2005
Brownman Revival,1,2007-12-04
Itchyworms,51,2008-07-28
Soapdish,1,2006-09-12
Maldita,0,2016-07-29
Imago,0,2006-02-17
Eraserheads,49,2004-01-26
Cueshé,57,2005-06-09
Parokya Ni Edgar,45,2004
Rivermaya,63,2001
6cyclemind,52,2003-11-18
Brownman Revival,51,2005-07-25
Moonstar88,57,2001
Chito Miranda,0,2007-05-11
Rocksteddy,50,2005-05-11
Alamid,51,2012-09-18
Parokya Ni Edgar,46,2004
Sponge Cola,47,2013
Siakol,0,2010-08-04
Rivermaya,0,2005-12-12
Parokya Ni Edgar,62,1997
Stonefree,47,2006-01-30
Barbie's Cradle,46,1999-07-26
Sandwich,42,2006
Barbie's Cradle,41,2001-01-01
Urbandub,49,2005
Mayonnaise,42,2018-09-07
Sponge Cola,49,2013
Urbandub,46,2005
Alamid,42,1994-04-25
Bamboo,43,2004
Mayonnaise,41,2018-08-23
Imago,0,2001-06-19
Hilera,40,2006
Sandwich,38,1999-07-06
Ozzy Osbourne,71,2020-01-10
The Who,41,2019-11-22
Bon Jovi,56,2019-11-01
Lenny Kravitz,57,2018-09-07
J.J. Cale,45,2019-04-26
Bruce Springsteen,56,2019-06-14
U2,60,2017-12-01
Wishbone Ash,41,2020-01-10
Cheap Trick,41,2019-11-29
Van Morrison,50,2019-10-11
Roger Waters,52,2017-06-02
The Who,33,2019-09-13
Blondie,47,2017-05-05
Bryan Adams,53,2019-03-01
Iggy Pop,51,2019-09-06
Ringo Starr,37,2019-10-25
Magnum,40,2020-01-10
Status Quo,37,2019-09-06
Deep Purple,40,2017-04-07
Rod Stewart,30,2019-11-08
TOTO,43,2019-05-24
Steve Miller Band,2,2019-06-28
Paul McCartney,40,2019-05-17
Electric Light Orchestra,47,2019-09-26
Paul Weller,41,2018-09-14
Electric Light Orchestra,49,2019-11-01
Ringo Starr,35,2019-09-13
Robbie Robertson,5,2019-07-25
Marillion,31,2019-10-23
Sting,45,2019-05-24
Jimi Hendrix,44,2018-03-09
Stray Cats,31,2019-05-24
Simple Minds,5,2019-11-01
Steve Perry,39,2018-10-05
Robert Plant,45,2017-10-13
Neil Young,36,2019-08-30
Hollywood Vampires,33,2019-06-21
Mötley Crüe,56,2019-03-22
The Who,33,2019-10-03
Whitesnake,46,2019-05-10
Morrissey,45,2019-05-24
Pixies,35,2019-09-12
Uriah Heep,36,2018-09-14
Grand Slam,29,2019-09-06
Neil Young,43,2019-10-25
Orleans,55,1997-06-24
James Taylor,60,1977
Little River Band,62,1978
Billy Joel,68,1977
Daryl Hall & John Oates,65,1975
Orleans,58,1976
James Taylor,52,1976-05-02
Bread,64,1970
Eagles,58,1974
Ambrosia,63,1980-03-26
The Doobie Brothers,68,1978
James Taylor,64,1975
Bread,64,1972
Eagles,68,1975
Stephen Bishop,59,1976-01-01
The Bellamy Brothers,68,1976-07-01
Billy Joel,71,1977
Jackson Browne,56,1977-08-30
Chris Rea,42,1978-11-10
Daryl Hall & John Oates,61,1980
England Dan,61,1976
Eric Clapton,51,1978-11-01
Steely Dan,60,1974-01-01
Bread,58,1972
Chicago,45,1975-11-10
Ace,56,1974-01-01
Ambrosia,58,1978
Andrew Gold,52,1976
Exile,57,1983
Dave Mason,50,1973
Todd Rundgren,51,1972
Rod Stewart,55,1976
Steely Dan,60,1980
Henry Gross,44,1976-05-06
Atlanta Rhythm Section,54,1976-12
Todd Rundgren,54,1972
Michael Johnson,43,1979-01-01
Fleetwood Mac,68,1975-07-11
Christopher Cross,64,1979
Ronnie Milsap,48,1982-05-01
Stephen Bishop,49,1976-01-01
Robbie Dupree,52,1980-12-01
Linda Ronstadt,59,1974
Rod Stewart,49,1977
Al Stewart,46,1978
Player,56,2012-06-11
Sammy Johns,45,1973
Gino Vannelli,51,1978-01-01
Steely Dan,69,1972-01-01
Jackson Browne,45,1974
Elton John,45,1980-05-13
Dan Hill,61,1977-07-05
Bertie Higgins,46,2014-07-23
Fleetwood Mac,59,1988-11-21
Boz Scaggs,60,1976
Elton John,52,1970-10-30
Albert Hammond,62,1972-08-16
Andy Gibb,57,1977-09-09
Dr. Hook,63,1978
Boz Scaggs,52,1976
Maria Muldaur,44,1973
Leo Sayer,53,1976
Rod Stewart,66,1975
Rupert Holmes,71,1979-01-01
Atlanta Rhythm Section,42,1978-01
Benny Mardones,51,1980-01-01
Chris Rea,36,2007-11-10
Bob Welch,51,1977-01-01
Gerry Rafferty,69,1978
Air Supply,60,1980-02-25
Ronnie Milsap,41,1982-05-01
Fleetwood Mac,40,2018-11-16
The Alan Parsons Project,67,1982
Gilbert O'Sullivan,53,1972-01-01
Alessi Brothers,47,1998-01-01
The Autumn Defense,36,2007-02-01
Fleetwood Mac,58,1987-04-13
TOTO,47,1982-04-08
Wings,35,1976-03-25
Ozzy Osbourne,25,1997-11-11
Kansas,3,2002
Van Halen,15,1984-01-03
Scorpions,14,1984-05-04
Blue Öyster Cult,10,1972
Twisted Sister,58,2007-06-26
Foreigner,57,2008-07-08
THE TRASH MERMAIDS,48,2019-12-06
Judas Priest,69,1980
Poison,54,2011-01-01
The Allman Brothers Band,16,1973-09
AC/DC,58,1981-11-23
Mötley Crüe,54,2009
Ratt,53,2005-11-22
Survivor,76,1985
Foreigner,36,2008-07-08
Doctor Pheabes,44,2019-05-16
Rush,1,1975-02-15
Iron Butterfly,0,2006-05-16
Quiet Riot,24,2007-04-01
Bad Company,4,1974
James Gang,10,1997-01-01
UFO,0,2008-03-21
Cheap Trick,11,2007-08-21
Ted Nugent,1,1975
Journey,51,2001-09-19
Styx,64,1977-01-01
Nazareth,2,2010-02-15
Doctor Pheabes,42,2019-05-16
REO Speedwagon,40,2004
The Animals,66,1992-02-24
Booker T. & the M.G.'s,64,1962
Lynyrd Skynyrd,0,2008-01-01
Rush,1,1974-01-01
Creedence Clearwater Revival,0,2008-06-02
The Doobie Brothers,4,2004
Asia,8,1982-01-01
Grand Funk Railroad,36,2006-01-01
Billy Squier,0,1981
Foreigner,34,2008-07-08
Norman Greenbaum,68,1979
24kGoldn,56,2019-11-22
Warrant,65,1990-10-14
Molly Hatchet,33,1978
Lynyrd Skynyrd,5,2008-01-01
Creedence Clearwater Revival,0,1969-08-03
George Thorogood & The Destroyers,0,2009-01-01
Van Halen,8,1978-02-07
Deep Purple,59,1972-03-25
Skrizzly Adams,44,2019-11-15
Doctor Pheabes,39,2019-05-16
Van Halen,7,1984-01-03
ZZ Top,53,1992-04-13
Whiskey Myers,48,2019-09-27
Blue Öyster Cult,44,1981-10-23
Styx,49,2004-01-01
Creedence Clearwater Revival,12,1969-01-05
Led Zeppelin,51,1971-11-08
Journey,46,2001-09-19
Blue Öyster Cult,2,1972
Journey,49,1983-02-01
Foreigner,48,1979
Van Halen,0,1978-02-07
Queen,19,1991-10-28
Creedence Clearwater Revival,12,1969-11-02
The Doobie Brothers,58,1976-10-29
Led Zeppelin,59,1971-11-08
Steppenwolf,4,1998-01-01
Aerosmith,60,1976-05-14
Mountain,46,2004-04-01
Sammy Hagar,3,2004-01-01
TOTO,75,1978-10-10
Ted Nugent,44,2010-10-26
Styx,60,1983-01-01
Creedence Clearwater Revival,51,1969-01-05
The Kinks,15,1964-10-02
Steel Mill,30,2016-09-23
Midnight Oil,63,1997-10-13
Scorpions,64,2011-11-04
Meat Loaf,47,1981-09-04
Mötley Crüe,48,2019-03-22
Roger Waters,28,2017-04-21
Silver,66,1976
Judas Priest,23,2017-01-09
Alice Cooper,70,1989-07-25
Sweet,36,2016-12-16
Roger Waters,37,2015-11-20
Janis Joplin,51,1971-01-11
Ted Nugent,66,1975
TOTO,1,2009-06-11
KISS,21,1979-03-23
Rick Springfield,63,1999-03-20
Cheap Trick,69,1978-04
Ramones,65,1978-09-22
Buffalo Springfield,73,1966-12-05
Van Halen,14,1978-02-07
KISS,10,1975-03-19
Ram Jam,61,2005-07-19
Van Morrison,79,1967-09
The Rolling Stones,14,1966-04-15
Dire Straits,25,1978-10-07
Bob Dylan,71,1965-08-30
Bruce Springsteen,16,1984
Patti Smith,50,1988
Yes,69,1983-06-01
Stevie Ray Vaughan,65,1983
Janis Joplin,9,1993-11-23
Loverboy,66,1981
Steve Miller Band,19,1973-01-01
The Moody Blues,60,2014-01-01
The Doors,71,1967-01-04
The Doobie Brothers,71,1973
Scorpions,54,2011-11-04
Stevie Ray Vaughan,47,2002-08-27
Midnight Oil,55,1987-10-02
Jeff Beck,13,1975-03-29
Deep Purple,75,1972-03-25
Lou Reed,17,1972-12-01
The Outfield,70,1985
Foreigner,77,1984-12-12
Starship,27,1985
Deep Purple,44,2005-06-21
Guns N' Roses,1,1987-01-01
New Politics,47,2019-10-18
Vivillain,35,2019-10-18
RedHook,47,2019-11-29
Spacebones,32,2019-09-27
RedHook,38,2019-10-10
Mötley Crüe,0,1987
Alborn,33,2019-08-13
Royal Bliss,43,2019-04-19
Sail By Summer,34,2019-08-09
Robbers,29,2019-04-02
MELANIE?,33,2019-11-01
Alex McArtor,39,2019-10-18
Survivor,46,1990-04-14
Des Rocs,43,2019-09-06
The Eiffels,1,2019-04-05
Brothers Page,37,2019-12-27
The Police,18,1979-10-02
Sonia Stein,49,2019-10-23
Patrick Martin,43,2019-09-20
Europe,75,1986
Van Halen,3,1978-02-07
Chris Beer,31,2019-11-15
Alex McArtor,36,2019-10-18
Abby K,23,2019-09-20
Brooke Lanziner,34,2019-11-18
Raquel Aurilia,23,2019-02-22
Arrested Youth,50,2019-11-01
The Unfits,52,2019-08-08
Tyler Boone,34,2017-06-23
TOSH,32,2019-12-02
The Inoculated Canaries,22,2019-04-26
4FOXSAKE,28,2019-10-09
Queen,0,1986
Tess Posner,33,2019-11-15
Brian Mackey,29,2019-08-23
Counting Crows,12,1993-01-01
Makes My Blood Dance,27,2019-07-31
Evan Troop,33,2019-09-06
Alex McArtor,32,2019-09-11
Black Sabbath,1,1970-09-18
Skrizzly Adams,36,2019-10-25
The Inoculated Canaries,19,2019-09-20
The Let Go,29,2019-07-12
Christopher Shayne,32,2019-11-08
Arrested Youth,41,2019-11-01
The Wrecks,53,2019-06-21
Boston,3,1976
Andrew Gialanella,1,2019-09-06
Joe McLeod,32,2019-08-24
ChrisLee,33,2019-07-19
Lynyrd Skynyrd,3,1993-04-19
John Belthoff,31,2019-10-29
Scott Krokoff,31,2019-09-06
Andrew W. Boss,25,2019-04-19
Foghat,55,1975
Irvine,25,2019-05-21
Tarun,44,2019-10-25
Alex McArtor,43,2019-10-18
Creedence Clearwater Revival,3,1970-12-07
Dez Money,34,2019-08-09
Abby K,31,2019-09-20
KISS,3,2008-10-21
KAATO,25,2019-03-27
Ryan Wright,29,2019-07-12
Pacific,25,2019-06-21
Wilderlife,25,2019-08-23
Té de Brujas,33,2018-10-24
Homestead,35,2019-10-21
Hey Guy,25,2019-03-01
Brothers Page,34,2019-08-23
Quiet Riot,32,2007-11-20
Skid Row,2,2005-11-22
Ashlie Amber,31,2019-12-25
Spinal Tap,0,1984-01-01
Rush,0,1981-02-12
Tiny Fighter,27,2019-04-26
The Old Americana Band,26,2019-07-02
Poison,54,1986-01-01
Broken Baby,26,2019-08-09
Judas Priest,1,2008
Hollis Brown,40,2019-06-07
Brothers Page,30,2019-07-26
After 10,27,2018-10-05
Billy Joel,1,1973
Ted Nugent,56,1981
Led Zeppelin,69,1971-11-08
Lynyrd Skynyrd,4,1998
Lynyrd Skynyrd,6,1998
Lynyrd Skynyrd,3,1998
Lynyrd Skynyrd,0,2008-01-01
Grateful Dead,47,2003-09-16
Creedence Clearwater Revival,4,2005-12-14
Creedence Clearwater Revival,46,1976-01-01
Creedence Clearwater Revival,5,2005-12-14
ZZ Top,55,2004-06-08
ZZ Top,68,1983-03-23
ZZ Top,42,1970
ZZ Top,52,1972
ZZ Top,41,1979-11-01
ZZ Top,59,1983-03-23
ZZ Top,19,1987
Ted Nugent,25,2010-10-26
The Marshall Tucker Band,65,1973
The Marshall Tucker Band,58,1975-08-01
The Marshall Tucker Band,46,2006-01-01
The Marshall Tucker Band,31,2011-01-01
Ted Nugent,17,2010-10-26
Creedence Clearwater Revival,55,1972-04-11
The Allman Brothers Band,4,2000-01-01
Old Crow Medicine Show,37,2006-08-29
Smith,0,2004-01-01
The Band,63,1969-09-22
The Band,60,1969-09-22
The Band,61,1993-11-02
The Band,20,2015-01-01
The Band,15,2015-01-01
The Band,14,2015-01-01
The Band,13,2015-01-01
The Band,14,2015-01-01
The Band,13,2015-01-01
The Band,15,2015-01-01
The Band,28,2000-01-01
Cream,73,1967-11-02
Led Zeppelin,53,1971-11-08
The Band,15,2015-01-01
The Great Divide,32,1999-04-16
Led Zeppelin,40,1979-08-15
Eric Clapton,68,1977-11-01
Steve Miller Band,0,2005-12-27
Van Halen,2,1979
The Band,54,1970-08-17
The Rolling Stones,61,2004-07-12
Led Zeppelin,69,1975-02-24
Molly Hatchet,0,2005-01-01
Free,13,2005-01-01
Led Zeppelin,63,1969-01-12
Led Zeppelin,63,1969-10-22
The Allman Brothers Band,0,1969
The Allman Brothers Band,58,1994-05-03
The Allman Brothers Band,0,2005
The Allman Brothers Band,0,2005
The Allman Brothers Band,0,2005
The Allman Brothers Band,0,2005
The Allman Brothers Band,0,2005
The Allman Brothers Band,0,2005
The Allman Brothers Band,0,2005
Derek & The Dominos,43,2007-10-09
Little Feat,0,2005-01-01
Lynyrd Skynyrd,0,2008-01-01
Lynyrd Skynyrd,0,2008-01-01
Lynyrd Skynyrd,0,2008-01-01
Lynyrd Skynyrd,0,2008-01-01
Lynyrd Skynyrd,0,2008-01-01
Lynyrd Skynyrd,0,2008-01-01
Lynyrd Skynyrd,0,2008-01-01
Lynyrd Skynyrd,0,2008-01-01
Lynyrd Skynyrd,0,2008-01-01
Lynyrd Skynyrd,0,2008-01-01
Lynyrd Skynyrd,0,2008-01-01
Lynyrd Skynyrd,0,2008-01-01
Lynyrd Skynyrd,0,2008-01-01
Lynyrd Skynyrd,0,2008-01-01
Lynyrd Skynyrd,0,2008-01-01
Lynyrd Skynyrd,0,2008-01-01
Journey,63,2001-09-19
The Cars,63,1978-06-06
The J. Geils Band,35,1988-01-01
Tommy Tutone,43,2008-04-09
Quiet Riot,69,1983
Eddie Money,55,1977
Starship,1,2008-09-01
Bon Jovi,0,2010-01-01
Foreigner,42,2008-07-08
Boston,12,1976
Styx,56,2004-01-01
Pat Benatar,10,1999-09-23
Alice Cooper,59,1989
Van Halen,40,2006-05-16
The Who,2,2009-12-21
Alice Cooper,40,2001
Poison,52,2006-01-01
Ozzy Osbourne,0,1986-02-22
KISS,0,2001-01-01
Mötley Crüe,0,2009
Judas Priest,0,1998-01-25
Guns N' Roses,10,2004-01-01
Dio,41,2000-09-22
Mötley Crüe,0,2009
Aerosmith,24,2011-01-01
Bon Jovi,0,2010-01-01
Ozzy Osbourne,32,2003-02-11
The Rolling Stones,0,2011-04-26
Aerosmith,34,2011-01-01
Van Halen,41,1996-09-24
The Who,2,2009-12-21
Guns N' Roses,4,2004-01-01
Aerosmith,28,2011-01-01
The Who,0,2002-06-11
Aerosmith,30,2011-01-01
Mötley Crüe,0,2009
Bon Jovi,3,2010-01-01
Tom Petty and the Heartbreakers,71,1991-01-01
Guns N' Roses,2,2004-01-01
Tom Petty and the Heartbreakers,0,2000-01-01
Aerosmith,75,1998-06-23
Journey,53,2001-09-19
The Cars,29,2002-02-19
Eric Clapton,22,1995-03-07
Guns N' Roses,2,2004-01-01
The Who,0,2009-12-21
Guns N' Roses,2,2004-01-01
Bon Jovi,0,2010-01-01
Tom Petty and the Heartbreakers,0,1993-11-16
Aerosmith,24,2011-01-01
Tom Petty and the Heartbreakers,2,2000-01-01
Bon Jovi,0,2010-01-01
Ozzy Osbourne,21,2003-02-11
Eric Clapton,21,1995-03-07
The Who,0,2009-12-21
The Rolling Stones,56,1971-12-20
Lenny Kravitz,72,1993-03-09
Iron Maiden,0,2008-05-13
Queen,41,1981-10-26
Tom Petty and the Heartbreakers,1,2000-01-01
Queen,47,1981-10-26
The Police,3,1995-01-01
Kansas,36,1984
Derek & The Dominos,28,1995-03-07
The Police,38,1995-01-01
The Cars,36,2002-02-19
Eric Clapton,21,1995-03-07
Cream,28,1995-03-07
Cyndi Lauper,68,1986-10-14
Cheap Trick,0,1977-02
U2,0,1998-10-01
Eddie Money,63,1977
The Romantics,28,1998
Tom Petty,64,1994-10-21
Journey,52,2001-09-19
Styx,20,2002-01-01
Lenny Kravitz,51,2000
U2,34,2006-01-01
The Police,3,1995-01-01
Ebo Taylor,54,2010-10-25
De Frank Professionals,42,2010-08-02
Bembeya Jazz National,5,1976
Hugh Masekela,2,2006-07-24
Monomono,35,2011-07-17
Amanaz,37,2017-05-19
Joni Haastrup,1,1978
Teddy Chisi,33,2017-05-19
Chrissy Zebby Tembo,32,2017-05-19
The Funkees,42,2012-03-19
The Semi Colon,10,2010-11-23
Matata,34,1994-01-01
Sonny Okosun,10,2010-11-23
BLO,31,2010-05-16
Machine Gunners,30,2017-05-19
Salty Dog,30,2017-05-19
Blackfoot,35,2017-05-19
Born Free,30,2017-05-19
Five Revolutions,33,2017-05-19
WITCH,31,2017-05-19
Ngozi Family,31,2017-05-19
Rex Williams,50,2008-05-12
Ofege,44,2009-11-17
Songhoy Blues,30,2015-02-24
The Hykkers,31,2011-10-30
The Hygrades,10,2009-08-10
Liya Ag Ablil,35,2012-08-28
The Funkees,9,2009-08-10
The Apostles,27,2010-06-27
The Psychedelic Aliens,27,2010-11-22
Monomono,12,2009-08-10
Ata Kak,42,2015-03-03
The Hygrades,16,2010-11-23
Joni Haastrup,40,2009-03-23
The Identicals,0,2010-07-12
Ebo Taylor,42,1977
Moussa Doumbia,28,2005-03-07
Tony Allen,1,2009-06-08
Geraldo Pino,29,1974
P.R.O.,12,2010-11-23
The Hygrades,8,2010-11-23
Fela Kuti,27,1973-01-01
Gyedu-Blay Ambolley,29,2012-10-15
The Funkees,29,2012-03-19
Rob,31,2012-03-12
Malian Musicians,37,2002-04-15
Jamshied Sharifi,0,2009-09-18
Vieux Farka Touré,0,2009-05-26
Itadi,31,2013-05-03
Tinariwen,46,2014-02-10
Rush,62,1977-09-01
Queen,76,1975-11-21
The Beatles,59,2019-09-27
The Rolling Stones,66,1969-12-05
Pink Floyd,73,1973-03-01
David Bowie,58,1972-06-06
Elton John,81,1972-05-19
The Who,56,1982-09-04
Scorpions,68,1984-03-27
The Cars,60,1978-06-06
Led Zeppelin,78,1971-11-08
Alice Cooper,45,1975
Boston,55,1976
The Moody Blues,67,1967-11-10
Queen,55,2018-10-19
Eric Burdon,51,1976-01-01
Jackson Browne,64,1978
Traffic,52,1968-01-01
The Beatles,52,2018-11-09
Fleetwood Mac,49,2018-11-16
David Bowie,27,2016-09-23
Joan Jett & The Blackhearts,63,1981-01-23
T. Rex,62,1971-09-24
The Runaways,65,1976
Tim Curry,30,1979-01-01
David Bowie,50,1972-06-06
The Kinks,72,1964-10-02
Warren Zevon,61,1978-06-01
Billy Joel,56,1978-10-13
The Who,52,1971-08-14
Elton John,41,1990-11-08
Bruce Springsteen,73,1984-06-04
Van Morrison,44,1978-09
Deep Purple,28,2001-01-30
Pink Floyd,70,1973-03-01
Dire Straits,54,1980-10-17
Buffalo Springfield,43,1967-10-30
Bob Marley & The Wailers,70,1975-01-01
"Crosby, Stills & Nash",66,1969-05-29
Lou Reed,61,1972-12-01
Eric Clapton,41,2018-04-13
The Doors,0,2018-02-09
The Who,40,1973-10-19
David Bowie,64,1973-04-13
Fleetwood Mac,41,1975-07-11
Fleetwood Mac,78,1977-02-04
Tom Petty and the Heartbreakers,63,1976-11-09
Jimi Hendrix,51,2018-03-09
Elton John,71,1973-10-05
The Rolling Stones,36,1966-01-01
Electric Light Orchestra,56,1972
Peter Gabriel,60,1977-02-25
Neil Young,50,1977
George Harrison,66,1970-11-27
Pretenders,49,1984
U2,72,1983-02-28
The Doors,69,1967-09-25
Graham Parker,15,1996-01-10
The Police,16,1979-10-02
Dire Straits,43,1980-10-17
Nick Gilder,46,2001-01-01
INXS,64,1987
Pete Townshend,35,1985-11-30
Warren Zevon,54,1978-06-01
Steely Dan,55,1973-01-01
Stevie Nicks,58,1981-07-27
Ian Hunter,33,1979-03-27
AC/DC,72,1986-05-24
Guns N' Roses,78,1987-01-01
Eagles,82,1976-12-08
Black Sabbath,12,1970-09-18
The Rolling Stones,24,2004-07-12
R.E.M.,23,1991-01-01
Iron Maiden,55,1999-05-17
Red Hot Chili Peppers,81,1999-06-08
Pink Floyd,50,1981-11-01
Nirvana,72,1991-09-26
3 Doors Down,16,2007-01-01
The Cranberries,20,1994-10-03
Kansas,63,2010
Metallica,15,1991-08-12
The Doors,53,2008-01-28
Bon Jovi,16,2010-01-01
Iron Maiden,16,1982
Def Leppard,1,1987
Scorpions,23,1990-01-01
Led Zeppelin,0,1971-11-08
Dire Straits,8,2005-11-07
AC/DC,62,1995-09-22
Nirvana,14,2002-01-01
Ram Jam,39,2010-02-26
U2,9,1998-10-01
The Rolling Stones,8,1989-08-15
Eric Clapton,51,2005-01-01
Van Halen,35,2004
Iggy Pop,21,1977-09-09
Ozzy Osbourne,34,2014
Journey,32,1978
Aerosmith,5,2001-11-20
Marilyn Manson,10,1995-01-01
Blue Öyster Cult,1,2005
Foo Fighters,60,2009-11-03
Thin Lizzy,3,2010-01-01
Soundgarden,46,2010-09-28
Poison,71,1988-03-21
KISS,6,1997-04-08
Tenacious D,65,2001-08-30
Whitesnake,7,1987-04-04
Eric Clapton,59,1999-10-12
Alice Cooper,57,2007-05-05
Survivor,64,1985
Metallica,12,1991-08-12
KISS,7,1984-09-13
Billy Idol,12,1982
The Police,28,1983-06-01
Judas Priest,63,1980
Santana,4,2010-09-17
Rammstein,17,1997-08-22
Ugly Kid Joe,7,2003-01-01
Billy Idol,6,1983
Def Leppard,0,2013-08-26
Heart,7,2002-11-26
Nickelback,78,2001-09-11
Kings of Leon,75,2008-09-23
Deep Purple,13,1984
Yes,7,1983-06-01
Ozzy Osbourne,62,1986-02-22
Whitesnake,53,1994-07-04
Dio,65,1983
Aerosmith,6,1993-04-20
Electric Light Orchestra,2,2005
Whitesnake,3,1987-04-04
Alice In Chains,49,1990-09-04
Motörhead,13,2001
Pink Floyd,16,1975-09-12
The Cars,46,1978-06-06
The Beatles,39,1988-03-07
Aerosmith,37,1991-11-19
Tommy James & The Shondells,56,1989
Simon & Garfunkel,6,1972-06-14
"Crosby, Stills & Nash",35,1969-05-29
Bad Company,8,1975
Split Enz,0,1987-07-27
Hootie & The Blowfish,42,1995-09-19
Chicago,39,1975-11-10
The Beatles,62,1968-11-22
The Rolling Stones,72,1973-08-31
Sweet,38,2012-06-12
Supertramp,0,1987-02-23
Electric Light Orchestra,0,1979
Malo,46,1972
The Babys,0,1980
Whitesnake,4,1987-04-04
Mr. Mister,54,2001-04-17
The Tubes,45,1992-01-01
Steve Miller Band,2,1976
Harry Nilsson,0,2008-02-12
Pink Floyd,2,1975-09-12
Carly Simon,39,1975
Poco,0,1975-01-01
The Beatles,66,1967-06-01
Talking Heads,37,2004-08-17
INXS,26,2002-06-04
Three Dog Night,46,1982-01-01
The Guess Who,26,1999
Tommy James,0,2008-10-28
The Young Rascals,26,1990-07-23
Sly & The Family Stone,49,1970-11-21
The Youngbloods,39,1988-02-22
The Doors,62,1968-07-03
The Turtles,74,1967-04
The 5th Dimension,55,2000-03-23
Marvin Gaye,62,1973-08-28
Stevie Wonder,0,2005-01-01
The Cowsills,40,1988-01-01
Led Zeppelin,63,1979-08-15
Aerosmith,50,1974-03-15
Bad Company,1,1975
"Crosby, Stills, Nash & Young",58,1970-03-11
Elton John,0,1973-10-05
Foreigner,61,1978
Prince,24,1993-09-14
Eagles,43,2003-10-21
The Beatles,65,1964-12-04
Steely Dan,71,1972-01-01
Bee Gees,0,1973-08-01
The Police,26,2003-01-01
Simple Minds,5,1992
Crowded House,23,1986
John Mellencamp,26,1997-01-01
The Fixx,0,2003-01-01
Squeeze,0,1989-01-01
Simply Red,1,2009-02-03
Rod Stewart,0,2009-01-01
The Beatles,73,1965-12-03
Billy Squier,0,1981
U2,62,1991-11-18
Dire Straits,62,1985-05-13
Billy Joel,0,1985
Foghat,18,1977
Van Morrison,2,1967-09
The Hollies,27,1978-07-01
Cream,33,2005-01-01
Manfred Mann's Earth Band,2,1976-08-01
Dave Mason,25,1974
The Beatles,71,1969-09-26
The Edgar Winter Group,59,1972-11-30
Flo & Eddie,42,1976
Gary Wright,56,1975
Grand Funk Railroad,48,2006-01-01
The J. Geils Band,71,1981
Creedence Clearwater Revival,22,1969-11-02
Chuck Berry,8,2007-01-01
Little Richard,1,1957-03
The Allman Brothers Band,3,1970-09-18
The Black Keys,49,2010-05-18
Jake Bugg,8,2012-01-01
The White Stripes,1,2003-04-01
The Rolling Stones,3,2016-12-02
Cream,12,1967-11-02
Led Zeppelin,40,1969-01-12
Cage The Elephant,70,2008-01-01
Barns Courtney,4,2015-10-23
Chris Stapleton,10,2015-05-04
Jimi Hendrix,70,1967-05-12
Albert King,1,2017-05-19
Jamie N Commons,46,2013-01-01
Pink Floyd,11,1973-03-16
Black Joe Lewis & The Honeybears,2,2011-01-01
Tom Petty and the Heartbreakers,19,2000-01-01
Tom Petty and the Heartbreakers,2,2000-10-31
Jimmie Vaughan,38,1996-02-20
Tame Impala,12,2012-01-01
JD McPherson,37,2015-02-09
The Record Company,53,2016-01-01
Gary Clark Jr.,49,2011-08-08
Nathaniel Rateliff & The Night Sweats,6,2015-08-21
KALEO,63,2016-06-10
George Thorogood & The Destroyers,67,1982-01-01
Elbow,56,2008-01-01
Jack White,43,2012-04-23
Free,10,1970-06-26
U2,3,1988-10-10
The Heavy,1,2016-02-23
John Lee Hooker,2,1966-01-01
Muddy Waters,1,2011-01-01
Dan Auerbach,44,2009-02-23
T. Rex,18,1971-09-24
Rival Sons,51,2014-06-09
Hozier,2,2014-11-06
Broken Witt Rebels,38,2017-11-24
Vintage Trouble,40,2015-08-14
Jonny Lang,43,1998-01-01
Zac Brown Band,1,2015-04-28
Ben Harper And The Innocent Criminals,37,2016-02-02
Jimi Charles Moody,1,2016-04-01
White Denim,1,2016-03-25
Madness,1,2016-10-28
Tedeschi Trucks Band,1,2016-01-29
Tyler Bryant & the Shakedown,1,2015-11-13
Goodbye June,1,2016-04-01
Jamestown Revival,1,2016-10-07
Steppenwolf,54,1968
Mick Flannery,1,2016-10-07
The Rolling Stones,3,1971-04-23
Dorothy,1,2016-06-24
Elvis Presley,73,1958-03-21
Benjamin Booker,40,2014-08-18
Charles Brown,0,1963-12-14
Elmore James,0,2014-11-24
Steely Dan,32,1985-01-01
Tommy James & The Shondells,39,1969
Jim Hornsby,28,2010-11-01
Electric Light Orchestra,14,1976
Electric Light Orchestra,1,1977
Fleetwood Mac,79,1977-02-04
Heart,65,1975
Derek & The Dominos,7,1995-03-07
Supertramp,71,1979-03-29
Electric Light Orchestra,0,2000-09-19
Foreigner,23,2008-07-08
The Who,7,1994-01-01
Blue Swede,62,2014-09-30
Heart,58,1975
Supertramp,65,1979-03-29
Donovan,59,1966-09
Dire Straits,35,1998-11-10
America,48,1972
America,38,1972
America,39,1972
America,50,1972
Elton John,50,2007-01-01
Elton John,1,2007-03-26
Lynyrd Skynyrd,0,1991-01-01
Lynyrd Skynyrd,12,1991-01-01
Queen,54,2011-01-01
Queen,43,2011-01-01
Queen,61,1975-11-21
Creedence Clearwater Revival,0,2000-01-01
Creedence Clearwater Revival,50,1976-01-01
Creedence Clearwater Revival,0,1976
Creedence Clearwater Revival,0,1976
Creedence Clearwater Revival,61,1976-01-01
Creedence Clearwater Revival,0,1976
Creedence Clearwater Revival,0,1976
Creedence Clearwater Revival,0,1976
Creedence Clearwater Revival,1,2009-01-01
Creedence Clearwater Revival,41,1976-01-01
Journey,1,1978
Journey,69,1981
Journey,58,1981
Journey,59,1978
Elton John,3,1990-01-01
John Mellencamp,7,2004-01-01
John Mellencamp,3,2004-01-01
Fleetwood Mac,77,1975-07-11
Neil Young,10,1977-10-28
Van Morrison,14,2009-07-07
Van Morrison,2,1970-02-28
Billy Joel,35,2010
Billy Joel,32,2010
Billy Joel,32,2010
Fleetwood Mac,18,1977-02-04
Carly Simon,75,1972
Jackson Browne,33,1977-12-06
Joe Walsh,38,2008-01-01
King Harvest,49,1972-03-01
The B-52's,46,1979
Manfred Mann's Earth Band,10,1996
The Rolling Stones,9,1971-12-20
Supertramp,35,1979-03-29
Peter Frampton,4,1976-01-01
Three Dog Night,63,1970-01-01
Captain & Tennille,48,1999-01-01
Christopher Cross,50,2005-04-19
Redbone,0,2008-01-15
War,36,2003-01-01
Foreigner,58,1981
Foreigner,52,1978
REO Speedwagon,73,1984-11-05
REO Speedwagon,70,1980
REO Speedwagon,57,1978-03-16
Eddie Money,54,1983
Journey,67,1983-02-01
Styx,55,1981-01-01
Styx,50,1978-01-01
Asia,8,1982-01-01
Steppenwolf,13,1991-01-01
Tom Petty,5,2008-01-01
Tom Petty and the Heartbreakers,60,1979-10-19
"Ray Parker, Jr.",64,1978
Tom Cochrane,62,1992
Steppenwolf,2,2005-01-11
Golden Earring,38,2010-06-07
Ram Jam,67,1990-02-27
Survivor,48,2006
Billy Joel,73,1989-10-17
Billy Joel,77,1983-08-08
Billy Joel,56,1977-09-29
The Smashing Pumpkins,14,1995-10-24
The Proclaimers,74,2003-09-01
Don McLean,71,1988-01-01
Heart,1,1977-05-14
Fleetwood Mac,57,1988-11-21
Fleetwood Mac,63,1977-02-04
Fleetwood Mac,74,1977-02-04
Fleetwood Mac,18,1987-04-13
Fleetwood Mac,69,1988-11-21
Fleetwood Mac,27,1987-04-13
Fleetwood Mac,65,1977-02-04
Foreigner,52,2008
Eurythmics,81,1983-01-21
Duran Duran,71,1982-05-10
Billy Idol,52,1985
a-ha,83,1985-06-01
Tears For Fears,80,1985-02-25
Huey Lewis & The News,72,2006-01-01
Men At Work,55,1996-02-01
Men Without Hats,54,1982
The Buggles,63,1980-01-10
The Human League,74,1981
Soft Cell,53,1981-12
Michael Jackson,47,2005-07-19
Bon Jovi,16,1986-01-01
Michael Jackson,77,1982-11-30
Van Halen,52,1982-04-14
Lynyrd Skynyrd,81,1974-04-15
Michael Jackson,81,1982-11-30
Guns N' Roses,15,1991-01-01
Queen,82,1980-06-27
Twisted Sister,73,1984
Michael Jackson,67,1987-08-31
Twisted Sister,69,1984
AC/DC,70,1980-07-25
Van Halen,73,1984-01-04
Aerosmith,70,1987-01-01
Bon Jovi,67,1988-09-13
Skid Row,62,1989-01-24
Tommy Tutone,60,1981-12-04
KISS,68,1978-01-01
Whitesnake,60,1982-11-20
Steve Miller Band,33,2017-09-15
AC/DC,69,1980-07-25
Van Halen,65,1978-02-10
Bobby Brown,56,1988-01-01
Van Halen,57,1986-03-24
Aerosmith,74,1998-08-18
Van Halen,32,1993-02-23
Bulletboys,30,2010-10-01
Bon Jovi,69,1984-01-01
Van Halen,58,1979-03-23
Van Halen,64,1978-02-10
KISS,78,1979-03-23
Queen,66,1978-11-10
Skid Row,68,1989-01-24
AC/DC,70,1976-05-14
Van Halen,65,1986-03-24
Judas Priest,64,1982
Def Leppard,61,1983-01-20
Blur,74,1997-02-10
Pretenders,70,1984
Echo & the Bunnymen,58,1984-05-04
The Replacements,57,1985
Pixies,74,1988
Pulp,68,1995-10-30
New Order,67,1986-09-29
The B-52's,69,1989-06-23
The Smashing Pumpkins,74,1995
PJ Harvey,58,1995-01-01
The Velvet Underground,66,1970
Dinosaur Jr.,60,1994-08-23
The Human League,74,1981
Yo La Tengo,64,1997-04-22
Talking Heads,72,1977-09-16
Jane's Addiction,64,1988-08-23
Lou Reed,74,1972-12-01
The Verve,78,1997-09-29
Morrissey,63,1988
Elvis Costello,64,2012
Iggy Pop,60,1986-10-27
Patti Smith,65,1978-03-03
Tears For Fears,80,1985-02-25
Orchestral Manoeuvres In The Dark,65,1980-10-24
The Stooges,54,1969-01-01
The Cure,75,1992-01-01
Joe Jackson,58,1979-01-05
Manic Street Preachers,61,1998-09-14
The Smiths,73,1986
Garbage,51,1995
The Clash,79,1982
Blondie,70,1981-10-31
Liz Phair,55,2003-01-01
Gary Numan,63,1979
R.E.M.,81,1991-03-12
The Magnetic Fields,60,1999-09-14
James,64,1993
Everclear,68,1995-01-01
The White Stripes,59,2007-06-15
The Cars,69,1978-06-06
Fiona Apple,61,1996-07-23
Placebo,66,1998-10-12
The Go-Go's,57,1981-01-01
Jeff Buckley,72,1994
Aimee Mann,56,1999-12-07
Tori Amos,59,1994-01-31
Sheryl Crow,65,1993-08-03
Nick Cave & The Bad Seeds,65,1997
Kate Bush,68,1978-02-17
Gin Blossoms,59,1992-01-01
Foo Fighters,77,1997-05-20
Pet Shop Boys,70,1998-03-31
Weezer,75,2001-05-15
Depeche Mode,71,1981-11-02
The Police,83,1983-06-17
The Cardigans,69,1996-01-01
Beck,68,1994-03-01
Radiohead,82,1993-02-22
The Strokes,73,2003-10-28
Billy Bragg,60,1998
Soul Asylum,68,1992-01-01
Arcade Fire,69,2010
Suzanne Vega,57,1987-01-01
Audioslave,69,2005-01-01
Pearl Jam,75,1991-08-27
Oasis,79,1995-10-02
Adam Ant,51,1982
Björk,60,1995-06-13
Lenny Kravitz,72,1993-03-09
The English Beat,34,2012-01-01
No Doubt,73,1995-10-10
Black Rebel Motorcycle Club,58,2001-01-01
Cracker,53,1993
Peter Gabriel,67,1977
a-ha,83,1985-06-01
The Afghan Whigs,40,2014-04-15
The Goo Goo Dolls,77,1998-09-11
Muse,75,2009-09-10
David Byrne,49,2008-10-06
The Killers,77,2004-06-07
Bob Mould,36,1989
Crowded House,72,1986-01-01
Ben Folds Five,56,1997-03-18
Ramones,71,1976-04-23
Paul Simon,75,1986-08-12
Neil Young,71,1972-02-14
Nirvana,81,1991-09-26
Sarah McLachlan,49,1997-07-15
Juliana Hatfield,28,1995
Jewel,65,1995-02-28
Snow Patrol,77,2006-01-01
Leonard Cohen,66,1984-12-11
OK Go,63,2005-01-01
The Offspring,77,2008-06-17
Cyndi Lauper,76,1983-10-14
David Gray,66,1998-11-02
U2,79,1987-03-03
k.d. lang,57,2010
Red Hot Chili Peppers,81,1991-09-24
Eddie Vedder,67,2007-09-18
Red Hot Chili Peppers,57,2016-06-17
Red Hot Chili Peppers,76,1999-06-08
Stone Temple Pilots,71,1994-06-07
Soundgarden,49,1994-01-01
U2,77,1991-11-18
R.E.M.,73,1992-01-01
Queens of the Stone Age,71,2002-01-01
Keane,73,2004-01-01
The Cranberries,75,1993-03-01
Pink Floyd,76,1975-09-12
Red Hot Chili Peppers,81,1999-06-08
Coldplay,81,2000-07-10
U2,76,1987-03-03
Kings of Leon,79,2008-09-23
Red Hot Chili Peppers,78,1999-06-08
Guns N' Roses,74,1991-01-01
The Cranberries,80,1994-10-03
Guns N' Roses,77,1991-09-17
PJ Harvey,58,2000-01-01
Jeff Buckley,13,1994
Radiohead,74,1997-05-28
Pearl Jam,75,1991-08-27
Oasis,67,1997-08-21
Scorpions,77,1990-01-01
Sting,71,1987-01-01
Aerosmith,74,1998-08-18
Oasis,73,1995-10-02
Guns N' Roses,82,1987-01-01
Extreme,67,1990-01-01
Led Zeppelin,78,1971-11-08
Pink Floyd,74,1979-11-30
Pink Floyd,70,1973-03-01
Radiohead,72,1995-03-28
Keane,77,2004-01-01
Natalie Imbruglia,69,1997-11-24
Dido,68,2003
Pearl Jam,70,1999
Pearl Jam,69,1991
Bon Jovi,73,1992-11-03
Bon Jovi,83,1986-01-01
Scorpions,68,1984-03-27
Black Sabbath,76,1970-09-18
Creedence Clearwater Revival,78,1970-12-07
Kansas,77,1977
Eagles,82,1976-12-08
Duran Duran,72,1993-02-15
Eagles,64,1976-12-08
Billy Joel,74,1973-11-07
Elton John,79,1971-11-05
Simon & Garfunkel,74,1964-10-19
Paul Simon,60,1975-10-25
Eric Clapton,73,1992-08-25
The Rolling Stones,72,1973-08-31
Pink Floyd,76,1979-11-30
Foo Fighters,76,2007-09-25
Nickelback,78,2001-09-11
New Radicals,73,1998-01-01
Dido,68,1999
Sixpence None The Richer,63,1997
The Cardigans,60,1998-01-01
The Calling,72,2001
Sting,72,1993-03-09
The Police,77,1978-11-02
Coldplay,71,2000-07-10
Linkin Park,83,2000-10-24
Papa Roach,79,2001-04-25
Robbie Williams,72,2002
Robbie Williams,73,1997-01-01
Robbie Williams,67,1998
Santana,59,1999
The Verve,61,1997-09-29
Red Hot Chili Peppers,0,2011-08-29
Bob Dylan,73,1973-07-13
Oasis,67,2002-02-03
Travis,59,2007-05-07
TOTO,75,1978-10-10
Alphaville,57,1991-12-17
Red Hot Chili Peppers,74,2016-06-17
10cc,70,1975
Audioslave,75,2002-11-17
Red Hot Chili Peppers,80,2002-07-09
TOTO,83,1982-04-08
Saybia,58,2002-10-28
Whitesnake,14,1987-11-01
Oasis,60,1997-08-21
Travis,67,2001-06-12
Kings of Leon,75,2008-09-23
Muse,73,2006-06-19
Muse,73,2006-06-19
Muse,70,2012-09-24
The White Stripes,78,2003-04-01
Muse,69,2004-03-23
Travel With The Sun,39,2019-11-01
Muse,68,2004-03-23
Travel With The Sun,20,2019-07-05
Day Felice,39,2019-07-12
Muse,69,2006-06-19
Travel With The Sun,33,2019-08-23
The Killers,75,2006-10-02
Muse,69,2015-06-04
Travel With The Sun,36,2019-10-11
Muse,65,2001
Muse,65,2009-09-10
Travel With The Sun,7,2019-11-01
The Strokes,72,2001-07-30
Muse,63,2009-09-10
Travel With The Sun,13,2019-11-01
Muse,60,2004-03-23
Travel With The Sun,19,2019-11-01
Franz Ferdinand,70,2004-02-16
Muse,61,2012-09-24
Travel With The Sun,12,2019-11-01
Thirty Seconds To Mars,71,2005-01-01
Muse,61,2012-09-24
The Hives,66,2000-09-12
Muse,60,2015-06-04
Stereophonics,68,2005-01-01
Muse,61,1999
The Fratellis,67,2006-01-01
Muse,59,2015-06-04
Thirty Seconds To Mars,67,2009-01-01
Muse,59,1999
Blur,66,1998-03-15
Muse,58,2006-06-19
Muse,58,2012-09-24
Muse,59,2015-06-04
Kaiser Chiefs,65,2007-01-01
Muse,58,2004-03-23
The White Stripes,64,2007-06-15
The Velvet Underground,11,1967-03-12
Garbage,32,2016-06-10
Red Band,30,2014-04-01
The Prodigy,64,1997
The Velvet Underground,41,1967-03-12
Björk,57,1995-06-13
Scott Walker,15,1995-01-01
Arctic Monkeys,71,2006-01-29
Nick Cave & The Bad Seeds,29,1992
Iggy Pop,35,2011-01-01
The Clash,73,1979
Jane's Addiction,57,1990-08-21
PJ Harvey,51,2000-01-01
Coldplay,78,2008-05-26
Siouxsie and the Banshees,59,1987-03-02
Sid Vicious,43,2008-04-28
Phil Collins,76,1981-01-01
Radiohead,55,1995-03-28
The Beatles,62,1968-11-22
Lou Reed,56,1972-12-01
Nick Cave & The Bad Seeds,47,1994-04-18
Arctic Monkeys,52,2009-08-16
The Black Keys,64,2011-12-06
David Bowie,33,2002-10-21
Einstürzende Neubauten,28,1991-05-21
Mick Harvey,9,2017-01-20
Scott Walker,15,1995-01-01
The Black Keys,69,2011-12-06
The White Stripes,60,2005-06-07
Radiohead,56,1997-05-28
Iggy Pop,28,2016-03-18
Scott Walker,24,1967
Tess Parks,38,2013-11-18
The Witches,19,1996-03-01
Tom Waits,34,2004-10-05
Coldplay,52,2008-05-26
Jeff Buckley,12,1994
Radiohead,61,1995-03-28
David Bowie,61,2016-01-08
Blackfield,26,2018-09-28
Tom Waits,42,1999-04-27
Scott Walker,33,1995-01-01
Underworld,41,2018-07-27
Jefferson Airplane,69,1967
The Prodigy,66,1997
The Stooges,61,1969-08-05
Lou Reed,40,1989-01-10
Captain Beefheart & His Magic Band,49,1972-09-11
Flying Lotus,38,2019-05-24
Iggy Pop,51,2019-09-06
L'Epee,23,2019-05-17
Electric Zoo,11,2019-04-29
Syd Barrett,45,2016-05-13
Radiohead,57,1997-05-28
Nick Cave & The Bad Seeds,51,2013-02-18
Marianne Faithfull,25,2018-11-02
Hila Ruach,13,2019-10-11
Billie Eilish,95,2019-03-29
PJ Harvey,50,2019-10-23
David Bowie,31,2013-03-08
Saravah Soul,5,2010-07-05
Frank Zappa,37,1974-03-22
Pixies,61,1989-04-17
The Brian Jonestown Massacre,62,2008-06-09
Patti Smith,40,1976
Inga-Dingo,12,2018-04-19
HÆLOS,20,2019-01-23
Adia Victoria,24,2019-02-22
Michael Nau,42,2019-06-26
Dream Theater,52,1999-01-01
Karkara,27,2019-10-25
Pomegranate Tiger,18,2015-12-11
The Claypool Lennon Delirium,28,2019-02-22
Izzy Gaon,6,2019-09-05
Alma Madre,1,2019-08-18
The Jesus and Mary Chain,62,1985-11-18
Pink Floyd,49,1968-06-29
Marillion,17,2019-08-16
Trouble,27,2017-06-06
Iggy Pop,38,2016-03-18
Nine Inch Nails,40,2016-12-23
Unknown Mortal Orchestra,69,2018-04-06
Big Star,32,2009-09-14
Morphine,49,1993
The Veils,33,2016-08-26
Thought Gang,19,2018-11-02
Thom Yorke,55,2019-06-26
Radiohead,64,2007-12-28
Beck,45,2002-01-01
Courtney Barnett,45,2018-05-18
Fufu Banana,17,2020-01-07
Laila,2,2017-03-22
Sum 41,73,2001-01-01
Green Day,79,1994-02-01
Sum 41,74,2001-01-01
blink-182,78,1999-06-01
blink-182,63,1997
Lustra,66,2006
Lit,70,1999-02-23
Fountains Of Wayne,73,2003-01-01
Third Eye Blind,74,1997-04-08
Barenaked Ladies,69,1998-07-07
Bowling For Soup,69,2004
The Goo Goo Dolls,69,1998-09-11
Good Charlotte,68,2002-10-04
Fall Out Boy,76,2007-01-01
Fall Out Boy,67,2007-01-01
Paramore,71,2007-06-11
My Chemical Romance,74,2004-06-08
Taking Back Sunday,66,2006-04-25
Panic! At The Disco,63,2005-09-27
Panic! At The Disco,59,2005-09-27
Taking Back Sunday,66,2002-03-26
Yellowcard,63,2003-01-01
Weezer,69,2005-05-10
The Click Five,59,2005-08-08
Nine Days,65,2000-05-16
The Click Five,59,2007-06-26
Faber Drive,45,2007-01-01
Hinder,71,2005-01-01
Hinder,61,2005-01-01
Hinder,56,2008-01-01
Daughtry,57,2006
Nickelback,67,2005-09-26
Nickelback,64,2005-09-26
The Goo Goo Dolls,50,2006
Matchbox Twenty,64,2000-05-23
Train,77,2001-03-27
Matchbox Twenty,68,1996-10-01
Edwin McCain,70,1997
Sister Hazel,63,1997-01-01
Hootie & The Blowfish,68,1994-07-01
Sugar Ray,63,1999
Sugar Ray,63,1997-06-20
Eve 6,65,1998
Marcy Playground,68,1997-01-01
Weezer,73,1994-05-10
Pixies,67,1989-04-17
Blind Melon,73,1992-01-01
Temple Of The Dog,59,1990-01-01
Smash Mouth,64,1997-07-08
Smash Mouth,79,1999-01-01
Chumbawamba,62,1997-01-01
Hanson,65,1997-01-01
The Wallflowers,70,1996-01-01
Fastball,62,1998-01-01
Duncan Sheik,58,1996
Dave Matthews Band,66,1996-04-30
John Mayer,77,2001-08-16
Third Eye Blind,64,1997-04-08
Blessid Union Of Souls,50,1999-04-27
Daughtry,59,2006
3 Doors Down,77,2000
Three Days Grace,70,2003-04-19
3 Doors Down,69,2002-01-01
Puddle Of Mudd,65,2001-01-01
Puddle Of Mudd,69,2001-08-28
Puddle Of Mudd,62,2007-01-01
Alien Ant Farm,72,2001-01-01
Chevelle,68,2002
Chevelle,63,2002
Staind,66,2003-05-13
Papa Roach,64,2004-01-01
Linkin Park,81,2003-03-24
Evanescence,78,2003-01-01
Evanescence,69,2003-01-01
Limp Bizkit,69,2000-10-17
Korn,73,1998-08-18
Disturbed,74,2000-02-25
Creed,67,1999-01-01
Creed,60,1999-01-01
The Calling,48,2001
Seether,69,2004-01-01
Slipknot,58,2008-08-20
Nickelback,70,2005-09-26
3 Doors Down,75,2002-01-01
Red Hot Chili Peppers,79,2006-05-09
Red Hot Chili Peppers,76,2006-05-09
Nirvana,64,1991-09-26
Sublime,61,1992-06-01
Sublime,64,1996-07-30
Metronomy,69,2011-04-11
Motorama,52,2015-01-26
Cherokee,48,2018-02-21
Self Sabotage,32,2017-03-17
Roosevelt,54,2013-08-19
Motorama,44,2013
Kazy Lambist,55,2018-06-08
Cosmo's Midnight,48,2018-06-15
Kazy Lambist,58,2016-08-01
Cherokee,53,2013-11-11
Motorama,44,2013
alt-J,55,2012-09-18
The Blaze,59,2017-04-07
Bleu Toucan,58,2016-06-03
Papooz,54,2016-06-03
Kid Bloom,60,2016-12-02
The Drums,64,2011-01-01
L'Impératrice,63,2015
Motorama,46,2013
Paradis,57,2016-09-23
L'Impératrice,61,2014-09-22
The Cure,60,1989-05-02
Joy Division,68,1979-06-01
The Smiths,69,1984
The Psychedelic Furs,58,1988-01-01
The Psychedelic Furs,39,1988-01-01
Joy Division,52,1980
New Order,73,2005-12-06
The Smiths,72,1984
New Order,65,1983-05-02
The Smiths,58,1984
Talking Heads,70,1983-05-31
Echo & the Bunnymen,52,1987-07-06
New Order,51,1983-05-02
New Order,52,1981-01-13
Joy Division,59,1979-06-01
Joy Division,64,2010
Joy Division,48,2010
Joy Division,50,2010
Morrissey,50,1988-03-15
Morrissey,0,2008-01-01
Morrissey,51,1988-03-15
Morrissey,38,1990-10-15
The Smiths,65,1984
The Smiths,67,1986
The Cure,53,1980-04-18
The Cure,67,1992-04-21
The Cure,62,1979-05-11
The Cure,65,1987-05-25
The Cure,60,1985-08-26
Depeche Mode,57,2005-10-18
Depeche Mode,61,1989
Depeche Mode,56,1990-03-19
The Smiths,44,1987
The Smiths,48,1987
Depeche Mode,43,1986-03-17
Depeche Mode,5,1986-03-17
Morrissey,4,2018-11-02
A Flock Of Seagulls,50,1981
David Bowie,28,1983-04-14
David Bowie,32,1983-04-14
David Bowie,68,1972-06-06
Oingo Boingo,53,1985-01-01
Oingo Boingo,44,1985-01-01
Tears For Fears,64,1983-03-07
Siouxsie and the Banshees,1,2002-01-01
The English Beat,52,2012-01-01
Tears For Fears,64,1985-02-25
Gary Numan,44,1979
The Cure,62,1985-08-26
The Cure,60,1989-05-02
Depeche Mode,52,1998-09-23
Depeche Mode,44,1986-03-17
Martha and the Muffins,56,1980
Orchestral Manoeuvres In The Dark,55,1980-02-22
The Smiths,51,1984
Oingo Boingo,0,1991-01-01
A Flock Of Seagulls,38,1981
Billy Idol,67,1983-11-01
David Bowie,22,1983-04-14
Martha and the Muffins,16,1980
Tubeway Army,50,1979-06-22
The Stone Roses,64,1989-05-02
Orchestral Manoeuvres In The Dark,53,1985-06-17
The Smiths,56,1987
The Smiths,54,1985
The Smiths,48,1986
The Smiths,32,2008-11-11
Fiction Factory,45,1984
Orchestral Manoeuvres In The Dark,59,2009-01-01
New Order,52,2005-12-06
Bauhaus,41,1986-05-01
The Jesus and Mary Chain,51,1987-08-31
Killing Joke,52,1985-02-04
When In Rome,63,1988-01-01
Spandau Ballet,30,1981
The Wild Swans,30,1988
A Flock Of Seagulls,22,1982-04-30
Sisters of Mercy,50,1987
The Cure,43,1980-04-18
The Cars,56,1978-06-06
The Jesus and Mary Chain,47,1987-08-31
Depeche Mode,50,1990-03-19
The Smiths,52,1985
The Smiths,53,1985
The Cars,48,1981-11-06
Skeletal Family,38,1983-01-01
Echo & the Bunnymen,63,1985-11-11
The Church,59,1988-02-16
Nirvana,35,1991-09-26
Weezer,5,1994-05-10
Foo Fighters,69,1997-05-20
Foo Fighters,68,1997-05-20
Foo Fighters,73,1999-11-02
blink-182,21,1999-01-01
The Offspring,67,1994-04-08
Nirvana,58,1991-09-26
blink-182,20,1999-01-01
The Smashing Pumpkins,15,1995-12-12
The Smashing Pumpkins,11,1995-12-12
Nirvana,65,1994-01-01
Live,49,2004-01-01
Violent Femmes,0,1991-04-26
Violent Femmes,9,1982
Violent Femmes,0,1991-04-26
Red Hot Chili Peppers,73,1991-09-24
The Smashing Pumpkins,4,1993
U2,24,1987-03-10
Linkin Park,50,2007-05-14
My Chemical Romance,78,2006-10-23
My Chemical Romance,77,2006-10-23
Jimmy Eat World,13,2001
Three Days Grace,72,2007-12-25
Bon Jovi,16,1986-01-01
Bon Jovi,8,1986-01-01
Bon Jovi,14,2000-06-13
Bon Jovi,15,1986-01-01
Bon Jovi,2,2005-09-20
Bon Jovi,2,2010-01-01
Foo Fighters,54,2014-11-09
Foo Fighters,59,2014-11-09
Foo Fighters,53,2014-11-09
Foo Fighters,64,2011-04-12
Foo Fighters,68,2011-04-12
Foo Fighters,58,2007-09-25
Foo Fighters,1,2006-11-07
Foo Fighters,1,2006-11-07
The All-American Rejects,57,2005-01-01
The All-American Rejects,62,2005-01-01
Dire Straits,19,1985-05-13
The All-American Rejects,8,2008-01-01
Dire Straits,26,1985-05-13
AC/DC,72,1986-05-24
Th' Dudes,52,1980-05-01
Cold Chisel,0,2013-01-01
Weezer,10,2003-02-25
Th' Dudes,48,1979-05-01
Weezer,0,1996-09-24
Dire Straits,25,1978-10-07
Dire Straits,22,1980-10-17
The Offspring,8,1998-11-16
Alien Ant Farm,0,2003-01-01
blink-182,7,1999-01-01
Kings of Leon,64,2008-09-23
Incubus,74,1999-10-26
Kings of Leon,58,2008-09-23
Kings of Leon,67,2016-10-14
Kings of Leon,0,2003-08-19
Kings of Leon,47,2013-09-24
Kings of Leon,64,2016-10-14
Kings of Leon,59,2010-10-19
Kings of Leon,56,2008-09-23
Kings of Leon,52,2008-09-23
Green Day,75,1994-02-01
The Offspring,9,1998-11-17
Blur,64,2000-10-23
The Killers,2,2013-01-01
Weezer,31,1996-09-24
Lifehouse,19,2005-01-01
Plain White T's,6,2005
Letters To Cleo,3,1999
Puddle Of Mudd,21,2002-01-01
Foo Fighters,62,2009-11-03
R.E.M.,23,1991-01-01
Pearl Jam,0,2004
Dragon,13,2006-01-01
Tom Petty,65,1989-01-01
Bruce Springsteen,75,1984-06-04
The Killers,77,2004-06-15
Plain White T's,13,2006
David Bowie,24,1977-10-14
Jimmy Eat World,2,2001
Nirvana,0,1993-09-21
Elemeno P,2,2003-01-01
Weezer,8,1994-05-10
Elemeno P,1,2003-01-01
The Cribs,43,2009-09-06
Red Hot Chili Peppers,74,2002-07-09
Morrissey,1,2008-01-01
The Cure,70,1987-01-01
Joy Division,71,2008-03-20
Doves,48,2009-01-01
Interpol,51,2002
The Charlatans,32,2017-05-26
Placebo,59,2003-03-24
Manic Street Preachers,60,2002-10-28
Blur,38,2015-04-24
Editors,56,2007
Interpol,50,2014-09-08
The Cribs,51,2007-05-12
Franz Ferdinand,1,2005-10-03
Sunny Day Real Estate,45,1994-05-10
Editors,61,2005
Editors,53,2007
Interpol,58,2018-08-24
Interpol,65,2007-07-10
Interpol,47,2005-08-23
Interpol,38,2005-08-23
The Smashing Pumpkins,49,2000-01-01
The Last Shadow Puppets,53,2016-12-02
Blur,68,2000-10-23
Red Hot Chili Peppers,52,2011-08-29
Two Door Cinema Club,71,2010-02-07
Kasabian,50,2004
Arctic Monkeys,71,2006-01-29
The Killers,69,2004-06-07
Vampire Weekend,69,2008-01-27
Foals,70,2013-02-11
Pixies,63,1989-04-17
Queens of the Stone Age,65,2002-01-01
Radiohead,52,1995-03-28
Manic Street Preachers,56,1996-05-20
Oasis,57,1994-08-29
Oasis,66,1995-10-02
Morrissey,60,1988
The Cardigans,63,1998-01-01
Kaiser Chiefs,62,2007-02-26
The Hives,14,2000
The White Stripes,58,2003-04-01
Iggy Pop,45,1977-01-01
Pretenders,65,1980-01-11
Blondie,69,1999-01-01
The Velvet Underground,66,1969
Depeche Mode,65,1990
Audioslave,45,2002
Garbage,47,1995
Jet,74,2003-09-15
Franz Ferdinand,55,2005-10-03
Queens of the Stone Age,64,2007-01-01
Queens of the Stone Age,66,2013-06-03
Muse,69,2018-11-09
Arctic Monkeys,82,2013-09-09
Status Quo,32,2010-01-01
The Cure,73,1979-05-11
Orchestral Manoeuvres In The Dark,49,2019-10-04
Soft Cell,74,1981
The Psychedelic Furs,64,1982
Naked Eyes,56,1983-01-01
Depeche Mode,60,1984-09-24
Duran Duran,71,1982-05-10
Erasure,69,1988-04-18
The Psychedelic Furs,44,1984-09-05
The Romantics,60,1983-02-14
The Vapors,50,1980-07-01
Thompson Twins,56,1984-10-01
Eurythmics,62,1983-11-26
Fiction Factory,57,1984-05-15
Spandau Ballet,72,2008-04-25
ABC,60,1982
The Buggles,70,1980-01-10
Madness,65,1982-10-08
China Crisis,53,1992-01-01
Industry,48,2012-01-01
Eurythmics,81,1983-01-21
Phil Oakey,62,2003-01-01
The Human League,46,1988
Pet Shop Boys,65,1987-09-07
Modern English,56,1990-01-01
The Icicle Works,42,1984-03-31
Alphaville,61,1984
The Go-Go's,48,1990-01-01
Culture Club,63,1982-09-01
Information Society,53,1988-06-21
The Police,74,1979-10-02
'Til Tuesday,54,1985-06-01
David Bowie,71,1983-04-14
Nena,73,1983-09-23
Vitamin Z,22,1985
Spandau Ballet,66,2000-05-15
The Cult,59,1985
Simple Minds,53,1985
Culture Club,72,1983-10-01
Kajagoogoo,57,1983
Gene Loves Jezebel,42,1987-10-12
Corey Hart,54,1984-01-01
Level 42,58,1989-01-01
Midnight Oil,41,1986
Tears For Fears,70,1985-02-25
The Cure,65,1989-05-02
The Human League,56,1988
Johnny Hates Jazz,54,1988
Level 42,61,1987
Robin Gibb,49,1984-07-01
Fra Lippo Lippi,45,1987-01-01
Europe,44,2012-02-28
Fine Young Cannibals,71,1988-01-01
Fra Lippo Lippi,57,1992-01-01
Restless Heart,55,1998-05-01
Fra Lippo Lippi,54,2003
New Order,50,1985-05-13
Flesh For Lulu,39,1987-05-25
The Wild Swans,27,1988
Morrissey,50,1994
The Bolshoi,39,1986
Gene Loves Jezebel,39,2007-01-01
Orchestral Manoeuvres In The Dark,52,1985-06-17
The Psychedelic Furs,57,1981
Duran Duran,66,1993-02-15
Red Flag,35,1989
Sting,57,1993-03-09
Nena,64,2004-06-14
R.E.M.,63,1987-09-01
Thompson Twins,33,1983
Kon Kan,43,1989-05-30
Depeche Mode,36,1984-09-24
Devendra Banhart,55,2009-10-23
Alex Turner,63,2011-03-14
The Clientele,34,2015-09-04
Cults,60,2013-10-11
Smile,62,2018-10-19
Rex Orange County,69,2017-04-26
The Strokes,53,2013-03-22
Radiohead,53,2017-06-23
Cuco,1,2016-07-09
Vansire,31,2017-01-26
Cuco,0,2017-01-28
The Walters,70,2014-11-28
Rex Orange County,79,2017-03-22
Rex Orange County,80,2017-10-11
Snow Patrol,60,2009-01-01
John Mayer,80,2018-05-10
TEMPOREX,67,2017-01-11
boy pablo,70,2017-05-19
Banes World,68,2017-01-26
Cuco,76,2017-05-25
Banes World,60,2016-06-04
落日飛車 Sunset Rollercoaster,26,2016-03-01
The Marías,66,2017-06-14
Cosmo Pyke,58,2016-10-24
Peach Pit,67,2018-06-27
Michael Seyer,55,2016-12-29
Peachy!,78,2017-08-14
Banes World,53,2016-06-04
Disclosure,19,2013-01-01
Rex Orange County,67,2017-09-12
Michael Seyer,54,2018-03-07
Pink Floyd,68,1973-03-01
Queen,76,1977-10-28
Post Malone,88,2018-12-14
Chaos Chaos,63,2014-10-07
Current Joys,64,2016-10-17
The Strokes,63,2013-03-22
Tame Impala,69,2015-07-17
Gucci Mane,73,2018-12-07
Radiohead,70,1995-03-28
The Police,22,1978-11-02
Mellow Fellow,60,2017-07-18
Inner Wave,28,2017-08-04
boy pablo,64,2018-10-05
Her's,66,2017-05-12
Streetz,34,2014-09-09
fun.,75,2012-02-14
Daft Punk,70,2001-03-07
Lenny Kravitz,49,2001-01-01
No Doubt,67,1995-10-10
Robbie Williams,68,2000-01-01
Robbie Williams,67,1997-01-01
The Marías,63,2017-11-03
Queen,81,1982-05-03
KURT,72,2018-05-11
Café Tacvba,70,1996-10-25
Café Tacvba,64,2007-01-01
Café Tacvba,73,2003-01-01
Zoé,70,2003-11-19
Zoé,68,2013-01-01
Zoé,52,2003-11-19
Zoé,56,2003-11-19
The Smiths,55,1987
León Larregui,63,2012-01-01
León Larregui,62,2012-01-01
León Larregui,71,2016-03-11
Toploader,69,2009-04-22
Cardenales De Nuevo León,68,2005-01-01
Radiohead,64,1997-05-28
The Beatles,79,1970-05-08
Gustavo Cerati,70,2006-04-04
Jakob Ogawa,27,2017-05-24
Clairo,72,2019-02-22
M2H,57,2018-12-21
Yung Heazy,56,2018-06-01
PXNDX,67,2006-10-02
The Strokes,59,2013-03-22
Tiffany,68,1987-01-01
Troye Sivan,60,2018-08-31
Charlie Puth,79,2016-01-29
Twenty One Pilots,71,2015-05-15
Twenty One Pilots,83,2015-05-15
Canserbero,66,2010
Brian Dunne,39,2015-02-17
Aaron Smith,84,2014-11-07
The Offspring,71,2005-06-21
Nirvana,74,1993-09-21
Rage Against The Machine,78,1992
The Offspring,76,1998-11-16
Franz Ferdinand,73,2004
Green Day,78,2004-09-21
System Of A Down,80,2001-09-04
Metallica,79,1991-01-01
Alice In Chains,71,1990-08-01
Sex Pistols,62,1977-10-27
Ramones,64,1978
Spin Doctors,63,1991
Franz Ferdinand,59,2005-10-03
The Libertines,60,2003-08-18
David Bowie,75,1977
The Black Keys,72,2011-12-06
David Bowie,74,1974-05-24
Arctic Monkeys,58,2011-06-06
Queen,55,2018-10-19
David Bowie,73,1972-06-06
Fleetwood Mac,47,1975-07-11
Blondie,48,1978-02-01
George Harrison,75,1970-11-27
Simple Minds,45,1985
The Smiths,52,1987
Elton John,66,1973-10-05
The Smiths,61,1987
The Blue Jean Committee,37,2015-11-20
The Cure,53,1985-08-26
The Who,11,1971-08-14
The Kinks,57,1970-11-27
The Kinks,66,1967-09-15
The Kinks,69,1964-10-02
George Harrison,58,1970-11-27
Yusuf / Cat Stevens,23,1975-01-01
The Undertones,45,1979-05-13
Duran Duran,33,1982-05-10
The Jam,25,1979-11-17
The Clash,45,1978
The Who,3,2014-01-01
Cream,12,1967-11-02
U2,59,1984-10-01
Go West,61,1992-11-14
Elton John,14,2002-01-01
R.E.M.,67,1987-09-01
The Smiths,53,1986
Tom Petty and the Heartbreakers,55,1991-01-01
Paul McCartney,0,1971-05-17
Tom Petty,68,1994-10-21
Eagles,75,1972
Simon & Garfunkel,54,1968-04-03
Tom Petty and the Heartbreakers,21,2018-02-09
Elton John,56,1973-10-05
Elton John,59,1974-06-28
George Harrison,40,2002-11-19
George Harrison,66,1970-11-27
George Harrison,45,1970-11-27
George Harrison,53,1970-11-27
George Harrison,60,1973-05-30
The Who,56,1966-04-01
The Who,41,1965-12-03
The Smiths,52,1984
The Jam,20,2015-06-22
The Smiths,52,1986
David Bowie,66,1971-12-17
Real Estate,36,2011-10-18
Elton John,57,1972-05-19
Paul McCartney,55,1971-05-17
Paul McCartney,67,1970-04-17
Queen,60,1975-11-21
Van Morrison,69,1970-02
Traveling Wilburys,9,1988-10-18
George Harrison,70,1987-11-02
George Harrison,44,1987-11-02
The Beatles,63,1970-05-08
Fleetwood Mac,78,1977-02-04
Paul McCartney,8,1973-12-05
Wings,58,1976-03-25
John Denver,44,1997-06-17
John Denver,15,1972
Simon & Garfunkel,18,1972-06-14
The Beach Boys,71,1966-06-16
Paul Simon,69,1975-10-25
The Cure,57,1989-05-02
The Cure,68,1985-08-26
George Harrison,53,1981-06-01
Elton John,70,1973-01-22
The 1975,74,2018-11-30
Harry Styles,80,2017-05-12
Harry Styles,68,2017-05-12
Dire Straits,65,1978-10-07
Dire Straits,54,1980-10-17
Jackson Browne,66,1972
George Harrison,30,2002-11-19
Fleetwood Mac,55,1977-02-04
Billy Joel,59,1977
Elton John,65,1973-01-22
Oasis,50,1997-08-21
America,66,1975
The Kinks,36,1965-11-26
George Harrison,59,1970-11-27
Arctic Monkeys,66,2007-04-24
The Hives,57,2000
The Strokes,69,2011-03-18
The Kooks,56,2008-01-01
Tame Impala,85,2015-07-17
MGMT,71,2007-12-14
"Albert Hammond, Jr.",33,2008-07-08
The Voidz,58,2018-03-30
Tame Impala,75,2012-01-01
Gorillaz,80,2005-05-23
Arctic Monkeys,44,2006-05-09
Nirvana,68,1991-09-26
Gorillaz,68,2001
Two Door Cinema Club,55,2012-08-31
Klaxons,64,2007
Foster The People,83,2011-05-23
The Hives,58,2004-01-01
alt-J,73,2012-09-18
Catfish and the Bottlemen,66,2014-09-15
The Academic,26,2018-01-12
The Academic,24,2018-01-12
MGMT,77,2007-12-14
Dayglow,72,2018-09-28
Oasis,63,1995-10-02
The Strokes,55,2001-07-30
Arctic Monkeys,76,2013-09-09
Bad Suns,45,2016-09-16
Cage The Elephant,72,2013-10-08
Milky Chance,57,2014-06-20
Grouplove,78,2011-09-02
Red Hot Chili Peppers,60,1999-06-08
The Strokes,63,2011-03-18
Saint Motel,45,2014-08-16
Green Day,76,2004-09-21
Weezer,17,1994-05-10
Neon Trees,68,2010-01-01
Nirvana,74,1991-09-26
Saint Motel,60,2016-10-21
MGMT,76,2007-12-14
Still Woozy,45,2017-11-05
Mac DeMarco,73,2014-04-01
Young the Giant,66,2016-08-12
Saint Motel,65,2014-08-16
COIN,68,2017-04-21
Young the Giant,70,2011
Smallpools,57,2015-03-24
The Strokes,64,2001-07-30
Atlas Genius,60,2013-02-18
NIHILS,51,2015-04-10
The Strokes,65,2001-07-30
Mac Miller,72,2020-01-17
The Amazons,7,2020-01-17
Joywave,56,2020-01-07
VANT,26,2020-01-10
FMLYBND,32,2020-01-01
KALEO,63,2020-01-15
Bombay Bicycle Club,45,2019-12-19
Adam Jensen,47,2019-12-23
Circa Waves,55,2020-01-08
The Luka State,16,2020-01-17
Set It Off,57,2020-01-03
Courteeners,15,2019-12-20
The Lizards,15,2019-12-20
The Mowgli's,57,2020-01-03
Sleep Patterns,11,2019-11-30
Stefano Casavecchia,12,2019-07-21
No Love For The Middle Child,51,2020-01-03
Daughtry,60,2019-12-18
The Blue Stones,56,2019-12-13
Shanghai Treason,6,2019-11-22
Hoofa,7,2019-11-27
The Federal Empire,44,2019-12-06
Public Theatre,29,2019-12-20
Jon Magnusson,13,2017-04-14
The Voidz,60,2019-12-13
ÄTNA,53,2019-12-06
The Band Royale,30,2020-01-01
John Clark,7,2019-12-13
HUDSUN,30,2019-11-01
Des Rocs,39,2019-11-22
Miss Kill,15,2019-12-20
Evan Petruzzi,26,2018-12-18
Naipia,16,2019-11-29
Novustory,24,2019-10-11
Madsen,38,2019-12-06
High Tropics,32,2019-11-15
The Man Who,39,2019-11-22
Crystal Tides,18,2019-11-22
Yammerer,19,2019-11-22
Secondhand Habit,9,2019-10-11
NoMBe,53,2019-12-04
Confetti,51,2019-11-22
Lucas Coe,8,2019-07-07
TRASH HEADS,4,2019-11-15
YUNGBLUD,71,2019-10-09
KOYO,17,2019-11-29
Green Day,62,2019-10-09
Molars,8,2019-11-01
Third Lung,11,2019-10-18
Michael Patrick Kelly,22,2019-11-22
Chasing Deer,11,2018-08-31
Kensington,54,2019-11-15
InAir,3,2019-09-13
Agat,2,2019-11-22
Frank Carter & The Rattlesnakes,45,2019-11-15
Sydney,3,2019-10-25
My Ugly Clementine,44,2019-11-15
Weezer,62,2019-09-10
Lime Cordiale,64,2019-09-20
Bishop Briggs,52,2019-11-08
ren,51,2019-11-13
AWOLNATION,65,2019-11-05
Palaye Royale,55,2019-10-18
Cold War Kids,52,2019-11-01
The Score,57,2019-08-09
Des Rocs,43,2019-09-06
Barns Courtney,52,2019-08-09
DREAMERS,59,2019-11-08
DIIV,49,2019-10-04
Jimmy Eat World,48,2019-09-23
The Pale White,56,2019-10-11
Lucy Dacus,50,2019-09-12
Arrested Youth,55,2019-11-01
White Lies,47,2019-09-25
Twin Atlantic,48,2019-10-17
Volbeat,50,2019-08-02
Zayde Wølf,44,2019-09-27
beabadoobee,41,2019-10-14
DI-RECT,41,2019-10-11
Editors,40,2019-09-05
blink-182,23,2019-07-26
Creed,68,2001-01-01
Nirvana,46,2002-01-01
Men At Work,63,1981
Bush,63,1994-12-06
Semisonic,57,1998-03-24
Matchbox Twenty,62,2007-09-29
Nirvana,72,1994-01-01
Chris Cornell,50,2011-01-01
Nirvana,63,1994-01-01
Stereophonics,51,2001-01-01
U2,49,2014-01-01
U2,44,2014-01-01
U2,44,2014-01-01
U2,45,2009-01-01
U2,43,2004-01-01
U2,37,2000-01-01
Depeche Mode,61,1981-11-02
General Public,50,2012-01-01
Violent Femmes,18,1983
New Order,45,1983-05-02
Orchestral Manoeuvres In The Dark,46,1986-09-29
T-4-2,9,1992-08-01
Ministry,36,1983
New Order,50,1985-05-13
Ministry,35,2011-11-09
Anything Box,0,2018-01-18
Erasure,62,1988-05-15
The Psychedelic Furs,44,1988-01-01
Breakwater,31,1978
New Order,34,2005-03-28
New Order,54,1983-05-02
Steely Dan,60,1980
Duran Duran,29,1982-05-10
Anything Box,24,1990-03-20
Anything Box,23,1990-03-20
Cetu Javu,32,2011-06-03
The Psychedelic Furs,0,2017-11-03
New Order,49,2005-12-06
A Flock Of Seagulls,57,2002-11-26
Scorpions,9,1984
Heaven 17,44,1982
The Police,39,1992-01-01
Depeche Mode,71,1998-09-28
Depeche Mode,58,1997-04-14
Gotye,77,2011-01-01
U2,72,2000-01-01
U2,72,1983-02-28
U2,65,1987-03-03
Aerosmith,78,1973-01-05
Pet Shop Boys,59,1998-03-31
Pet Shop Boys,67,1986-03-24
George Michael,75,1998-11-09
Pat Benatar,59,2001-10-15
Falling In Reverse,75,2019-11-20
Wage War,53,2019-08-30
Five Finger Death Punch,57,2019-12-03
Crobot,54,2019-08-23
Silverstein,59,2020-01-08
Sleeping With Sirens,57,2019-09-06
Red,45,2020-01-17
The Word Alive,54,2020-01-10
Hollywood Undead,59,2019-10-25
Bad Wolves,65,2019-08-23
Code Orange,52,2020-01-10
Slipknot,72,2019-08-09
Four Year Strong,26,2020-01-15
Fire From The Gods,51,2019-11-01
I Prevail,2,2019-03-18
Ozzy Osbourne,71,2019-11-08
Ice Nine Kills,58,2018-10-05
Anti-Flag,53,2020-01-10
Marilyn Manson,67,2019-10-18
Korn,19,2019-09-06
The Used,56,2019-12-06
Billy Talent,56,2019-11-27
Rev Theory,35,2020-01-15
Theory of a Deadman,60,2019-09-25
Bring Me The Horizon,73,2019-11-06
Fozzy,54,2019-08-29
The Amity Affliction,61,2020-01-08
From Ashes to New,52,2019-12-06
Saint Asonia,58,2019-07-24
Alter Bridge,32,2019-10-18
DIAMANTE,36,2020-01-17
Asking Alexandria,67,2019-07-11
Breaking Benjamin,59,2019-12-06
Kayzo,48,2020-01-15
Poppy,56,2019-12-10
Ozzy Osbourne,66,2019-11-22
Mark Morton,44,2020-01-10
THE HARA,43,2019-12-13
Fame on Fire,53,2019-12-05
Otherwise,46,2019-11-08
Saul,48,2019-11-15
Jasta,44,2019-11-06
The HU,56,2019-10-04
Palisades,61,2018-12-28
Sleeping With Sirens,62,2019-06-19
Refused,45,2019-09-13
Fire From The Gods,58,2019-08-30
Sleep Token,2,2019-07-04
Polaris,49,2019-11-07
Of Allies,40,2019-08-02
The Blue Stones,62,2019-10-11
Shinedown,56,2018-05-04
STARSET,24,2019-08-15
Black Veil Brides,60,2019-11-29
Anti-Flag,54,2019-10-25
Art Of Dying,39,2019-10-04
FEVER 333,50,2019-11-04
Hollywood Undead,60,2020-01-10
Bring Me The Horizon,55,2019-07-26
Rev Theory,42,2019-10-08
Bonesteel,40,2019-11-08
coldrain,63,2019-08-28
HELLYEAH,44,2019-09-13
Any Given Sin,50,2019-10-09
Otherwise,46,2019-09-05
Issues,50,2019-05-03
Zero 9:36,11,2019-03-22
The Anix,44,2019-08-29
Killswitch Engage,42,2019-07-16
Mammoth Mammoth,17,2019-10-11
Motionless In White,5,2019-04-17
Clawfinger,42,2019-10-04
Red,46,2019-08-02
Beartooth,60,2018-09-28
The Devil Wears Prada,47,2019-09-27
Sum 41,57,2019-04-24
Skillet,14,2019-05-08
Silvera,41,2019-06-28
Papa Roach,63,2019-01-18
Of Virtue,47,2019-05-24
A Killer's Confession,40,2019-09-20
Three Days Grace,63,2018-03-09
Northlane,47,2019-04-30
Adelitas Way,46,2019-09-27
Dream State,46,2019-07-10
Nothing More,59,2017-09-15
Bullet For My Valentine,62,2018-06-29
American Sin,43,2019-03-22
Mark Morton,39,2019-02-22
Our Last Night,43,2019-02-22
Cold Kingdom,43,2019-04-19
Hyro The Hero,45,2018-06-29
After 10,39,2019-02-22
Saul,0,2019-01-23
Dayseeker,52,2019-04-05
Stitched Up Heart,8,2019-04-12
Throw The Fight,46,2019-01-11
Toothgrinder,38,2019-08-23
Light The Torch,54,2018-03-30
Shallow Side,51,2019-02-22
Cory Marks,61,2019-11-15
Shakra,38,2020-01-08
Crobot,44,2019-06-12
Ozzy Osbourne,71,2020-01-10
Righteous Vendetta,47,2019-09-06
H.E.A.T,15,2019-11-08
Kvelertak,50,2020-01-05
Phil Campbell,37,2019-09-20
Airbourne,45,2019-10-11
Wishbone Ash,41,2020-01-10
Black Swan,28,2020-01-13
Silvera,21,2020-01-17
Santa Cruz,9,2019-10-16
The Dead Daisies,50,2019-07-26
Rival Sons,54,2019-01-25
Onlap,40,2020-01-10
Kobra And The Lotus,34,2019-09-20
Charm City Devils,38,2019-11-22
Whiskey Myers,43,2019-06-14
Those Damn Crows,41,2019-10-18
Biff Byford,40,2019-12-13
Gotthard,33,2020-01-10
Alice Cooper,13,2019-09-13
Magnum,40,2020-01-10
Laura Cox,21,2019-11-08
Cory Marks,48,2019-12-13
Clutch,36,2019-09-13
Talisman,39,2019-12-20
The Tea Party,41,2019-11-29
Black Stone Cherry,41,2019-10-25
Kvelertak,45,2019-11-27
Supersuckers,34,2019-12-13
The Wildhearts,42,2019-02-15
Crashdïet,34,2019-01-25
Hank von Hell,39,2019-11-29
The Dead Daisies,38,2019-10-04
Quiet Riot,37,2019-11-08
Airbourne,46,2019-10-25
Revolution Saints,38,2019-11-04
Junkyard Drive,37,2019-10-18
Bombus,35,2019-11-08
Tygers Of Pan Tang,38,2019-09-27
Celestial Ruin,37,2019-11-05
Dirty Shirley,37,2019-10-30
Mammoth Mammoth,10,2019-11-05
Wolf Jaw,31,2019-10-25
Wayward Sons,10,2019-10-09
Deaf Rat,33,2019-09-13
Florence Black,34,2019-10-11
The New Roses,11,2019-07-11
Alter Bridge,17,2019-10-03
Blacktop Mojo,39,2019-09-13
Steel Panther,45,2019-09-27
Florence Black,44,2019-07-05
Sixx:A.M.,42,2019-09-27
Royal Republic,12,2019-05-17
Black Star Riders,33,2019-09-06
Whitesnake,40,2019-02-14
Wayward Sons,32,2019-08-30
Phil Campbell,31,2019-08-09
THE NEW DEATH CULT,22,2019-09-06
Mustasch,43,2019-06-07
Volbeat,48,2019-07-18
Like Machines,35,2019-06-14
Scott Stapp,11,2019-05-31
The Cult,39,2019-06-21
Captives,33,2019-07-03
Bokassa,40,2019-06-21
Mötley Crüe,57,2019-02-22
D-A-D,32,2019-04-05
Eclipse,40,2019-07-05
Sum 41,43,2019-06-11
Accept,48,2019-04-19
Blacktop Mojo,36,2019-06-20
Helhorse,10,2019-06-21
Dirty Honey,8,2019-03-22
The Treatment,34,2019-03-22
Sammy Hagar,33,2019-05-06
Mustasch,41,2019-05-03
Ritchie Blackmore's Rainbow,36,2019-05-17
Crazy Lixx,35,2019-05-10
Doctor Pheabes,44,2019-05-16
Backyard Babies,41,2019-01-25
Bokassa,18,2019-04-18
Danko Jones,6,2019-03-15
Electric Mary,30,2019-02-15
Buckcherry,3,2019-02-08
Perkele,44,2019-01-18
Black Paisley,34,2018-09-27
Royal Bliss,34,2018-09-28
Guns N' Roses,16,1987-01-01
Van Halen,73,1984-01-04
Scorpions,14,1984-05-04
Mötley Crüe,14,1989
Def Leppard,74,1987-08-03
Whitesnake,6,1987
Ozzy Osbourne,77,1980-09-20
Bon Jovi,15,1986-01-01
Winger,57,1988
Cinderella,6,1986
Dio,60,1983
Ratt,57,1985
Bon Jovi,67,1988-09-13
Quiet Riot,61,1983
Europe,75,1986
Mötley Crüe,70,1985
Scorpions,60,1982-04-10
Lita Ford,59,1988-01-02
Guns N' Roses,19,1987-01-01
Poison,71,1988-03-21
Whitesnake,5,1987
KISS,63,1983-09-18
Great White,59,1989-01-01
Bon Jovi,14,1986-01-01
Cinderella,7,1988
Ratt,54,1985
Mötley Crüe,71,1987
Whitesnake,14,1987-11-01
Bon Jovi,16,2010-01-01
Guns N' Roses,22,1987-01-01
Quiet Riot,70,1996
Van Halen,15,1984-01-03
Europe,5,1983
Poison,54,2011-01-01
Loverboy,12,2006
Dio,61,1983
Mötley Crüe,54,2009
Ratt,53,2005-11-22
Twisted Sister,58,2007-06-26
Warrant,65,1990-10-14
Y&T,48,1990
Skid Row,59,1998
KISS,65,1984-09-13
Aerosmith,70,1987-01-01
Cinderella,4,1988
Dokken,57,1984-09-11
Alice Cooper,59,1989
Mr. Big,3,1989-06-13
XYZ,45,2011-01-01
W.A.S.P.,3,1984
White Lion,48,2010-03-01
Ozzy Osbourne,0,1981-11-07
Gary Moore,47,2006
Michael Schenker Group,2,2008-09-12
Rainbow,4,1981-01-01
Vixen,51,1988-01-01
Queensrÿche,51,1988
Joan Jett & The Blackhearts,67,1988-05-23
Survivor,76,1985
Lita Ford,54,1988-01-02
Skid Row,68,1989-01-24
Mötley Crüe,64,1987
Warrant,60,1989
Poison,57,1988-03-21
Mötley Crüe,66,1983
Bon Jovi,69,1984-01-01
Cinderella,54,1986
Tesla,56,1986-01-01
Van Halen,65,1986-03-24
Slaughter,51,1995-01-01
Damn Yankees,59,1990
KISS,10,1975-03-19
Judas Priest,63,1980
W.A.S.P.,59,1985
Poison,61,1990
Ozzy Osbourne,65,1983-12-10
Dokken,50,2010-03-01
Night Ranger,60,1983-01-01
Tesla,53,1995-01-01
Van Halen,65,1978-02-10
Motörhead,74,1980-11-08
Kix,49,1988-09-06
KISS,5,1978-01-01
Van Halen,67,1984-01-04
Firehouse,55,1990-09-01
Journey,80,1981
Faster Pussycat,53,1989-08-01
ZZ Top,72,1983-03-23
Black Sabbath,68,1970-09-18
AC/DC,78,1980-07-25
KISS,21,1979-03-23
Dokken,55,1983
Warrant,50,1990-10-14
Ozzy Osbourne,69,1991-09-17
Van Halen,70,1978-02-10
David Lee Roth,55,1988-01-26
Rainbow,13,1979
Vixen,46,1988-01-01
Heart,73,1977-05-14
Scorpions,23,1990-01-01
The Northmen,21,2020-01-03
My Own Words,36,2019-11-20
Dylan 'N' Alice,11,2018-07-01
Mammothor,37,2019-10-25
Violent Idols,36,2019-11-29
Parts Per Million,21,2019-12-27
Stone Dog Zen,40,2019-12-17
Ashes to Embers,33,2019-07-26
Limp Bizkit,59,2005-01-01
The Northmen,26,2019-12-06
Dope,66,2001-12-06
Five Finger Death Punch,0,2013-01-01
Metalocalypse: Dethklok,58,2007-09-25
Blacklite District,42,2019-09-06
Godsmack,66,2010-01-01
Five Finger Death Punch,68,2020-01-03
Veio,41,2019-06-28
Blacklite District,53,2017-09-22
Rockie Brown,29,2019-05-17
Twisted Illusion,7,2019-09-05
Zero Theorem,31,2019-10-11
Hostile Array,38,2019-11-01
Atlas For Infinity,19,2019-09-26
Jake Adkins,13,2020-01-03
Chasing Desolation,22,2019-10-04
Aristic,23,2019-09-20
Stone Dog Zen,30,2019-10-28
One Way to Live,26,2019-10-18
Take The Day,31,2019-10-16
The Score,71,2019-02-01
Another Lost Year,28,2017-10-27
The Hate Club,20,2018-06-15
From Inside,36,2020-01-03
Travel Light,20,2019-03-08
Common Vision,33,2019-10-04
Starsick System,18,2019-05-17
Jake Adkins,27,2019-10-25
Afterlight,18,2019-10-10
Death Remains,25,2019-10-04
Nathan Aeli,18,2019-09-28
Shinedown,50,2015-06-29
Jake Adkins,27,2017-11-01
Five Finger Death Punch,0,2011-10-11
Trapt,37,2013
Godsmack,62,2010-01-01
Five Finger Death Punch,0,2013-01-01
Dorothy,61,2016-06-24
Nathan Aeli,17,2019-09-28
Awake At Last,26,2019-05-31
Mammothor,36,2019-08-16
In This Moment,0,2012-08-13
Five Finger Death Punch,0,2013-01-01
Steady Rollin,28,2017-11-21
Prison,33,2019-10-18
My Own Words,32,2019-10-04
Certain Animals,26,2020-01-10
Breaking Benjamin,71,2009-01-01
Breaking Benjamin,61,2006-01-01
New Vegas,24,2019-10-25
Breaking Benjamin,65,2006-01-01
Steady Rollin,31,2017-09-28
Breaking Benjamin,53,2004-01-01
Division | North,19,2019-04-10
Colorblind,39,2019-11-15
Tears of a fallen hero,27,2019-11-29
Then Came Monsters,31,2019-12-19
Wildstreet,42,2019-11-15
Alveole,17,2019-10-04
Oracle,35,2018-09-26
Half Past Seven,37,2019-11-27
Breaking Benjamin,60,2009-01-01
Breaking Benjamin,57,2004-01-01
Crossfade,67,2004-04-13
Within Shadows,26,2019-06-19
Crossfade,51,2004-04-13
Crossfade,61,2004-04-13
Crossfade,44,2004-04-13
Five Finger Death Punch,0,2011
Five Finger Death Punch,0,2007-07-31
Saving Vice,44,2019-12-17
Tyler Gilbert,23,2019-03-29
Pop Evil,34,2013-03-02
Buckcherry,0,2006-01-31
Young Guns,0,2012-09-04
Breaking Benjamin,68,2006-01-01
Theory of a Deadman,55,2008-04-01
Theory of a Deadman,45,2008-04-01
Seether,0,2007
Eva Under Fire,0,2018-09-07
Seether,0,2005-05-24
Seether,0,2011-05-17
Seether,0,2007
Rev Theory,63,2008-01-01
Rear Naked Choke,0,2017-09-29
Linkin Park,83,2000-10-24
Three Days Grace,72,2007-12-25
Three Days Grace,63,2009-09-22
Tragedy Channel,23,2019-12-13
The Fame,36,2019-11-08
Shinedown,68,2018-05-04
I Prevail,67,2016-10-21
Five Finger Death Punch,69,2019-12-02
Bad Wolves,60,2019-10-25
Nine Lashes,59,2012-01-01
Egypt Central,41,2019-07-05
Zero Theorem,12,2020-01-17
Message from Sylvia,30,2017-04-07
Within The Grey,20,2019-03-08
In This Moment,59,2012-08-14
FEVER 333,58,2019-01-18
Zero Theorem,8,2020-01-17
Johnny Stranger,25,2019-05-24
A Day To Remember,70,2019-11-22
Zero Theorem,22,2018-05-04
Sevendust,58,2005-12-27
Zero Theorem,26,2018-05-04
Motionless In White,64,2019-06-07
Atreyu,57,2018-10-12
FEVER 333,43,2018-03-23
Johnny Stranger,30,2019-09-23
Bring Me The Horizon,62,2019-01-25
Dinosaur Pile-Up,53,2019-06-07
Zero Theorem,27,2018-05-04
Disturbed,57,2018-10-18
Dylan 'N' Alice,10,2018-07-01
Zero Theorem,40,2018-05-04
Ice Nine Kills,62,2018-10-05
Wage War,62,2019-08-30
Saul,54,2019-01-23
Zero Theorem,24,2018-05-04
Memphis May Fire,57,2019-04-26
Killakoi,34,2019-09-04
Massface,35,2017-10-01
American Sin,30,2019-03-22
Zero Theorem,6,2020-01-17
I Prevail,69,2019-03-29
Slipknot,77,2019-08-09
Korn,66,2019-09-13
Zero Theorem,6,2020-01-17
HELLYEAH,49,2019-09-27
Mark Morton,51,2019-03-01
Godsmack,63,2018-04-27
Shinedown,66,2018-05-04
Wage War,58,2019-08-30
Sum 41,58,2019-07-19
Crown The Empire,51,2019-07-19
AC/DC,83,1980-07-25
Deep Purple,44,2005-06-21
Led Zeppelin,73,1971-11-08
Guns N' Roses,1,1987-01-01
Skrizzly Adams,44,2019-11-15
Queen,69,1976-12-10
New Politics,47,2019-10-18
AC/DC,83,1979-07-27
Led Zeppelin,59,1971-11-08
Vivillain,35,2019-10-18
Aerosmith,73,1975-04-08
RedHook,47,2019-11-29
Spacebones,32,2019-09-27
AC/DC,77,1976-05-14
RedHook,38,2019-10-10
The Beatles,68,1973-04-02
Mötley Crüe,0,1987
Alborn,33,2019-08-13
Royal Bliss,43,2019-04-19
Sail By Summer,34,2019-08-09
Robbers,29,2019-04-02
MELANIE?,33,2019-11-01
Alex McArtor,39,2019-10-18
Survivor,46,1990-04-14
Des Rocs,43,2019-09-06
The Eiffels,1,2019-04-05
Brothers Page,37,2019-12-27
The Police,18,1979-10-02
Sonia Stein,49,2019-10-23
Patrick Martin,43,2019-09-20
Van Halen,3,1978-02-07
Chris Beer,31,2019-11-15
Alex McArtor,36,2019-10-18
Abby K,23,2019-09-20
Brooke Lanziner,34,2019-11-18
Raquel Aurilia,23,2019-02-22
Arrested Youth,50,2019-11-01
The Unfits,52,2019-08-08
Tyler Boone,34,2017-06-23
TOSH,32,2019-12-02
The Inoculated Canaries,22,2019-04-26
4FOXSAKE,28,2019-10-09
Queen,0,1986
Tess Posner,33,2019-11-15
Brian Mackey,29,2019-08-23
Counting Crows,12,1993-01-01
Makes My Blood Dance,27,2019-07-31
Evan Troop,33,2019-09-06
Alex McArtor,32,2019-09-11
Black Sabbath,1,1970-09-18
Asia,8,1982-01-01
Skrizzly Adams,36,2019-10-25
The Inoculated Canaries,19,2019-09-20
The Let Go,29,2019-07-12
Christopher Shayne,32,2019-11-08
Arrested Youth,41,2019-11-01
The Wrecks,53,2019-06-21
Boston,3,1976
Andrew Gialanella,1,2019-09-06
Joe McLeod,32,2019-08-24
ChrisLee,33,2019-07-19
Lynyrd Skynyrd,3,1993-04-19
John Belthoff,31,2019-10-29
Scott Krokoff,31,2019-09-06
Andrew W. Boss,25,2019-04-19
Foghat,55,1975
Irvine,25,2019-05-21
Tarun,44,2019-10-25
Alex McArtor,43,2019-10-18
Creedence Clearwater Revival,3,1970-12-07
Dez Money,34,2019-08-09
Abby K,31,2019-09-20
KISS,3,2008-10-21
KAATO,25,2019-03-27
Ryan Wright,29,2019-07-12
Pacific,25,2019-06-21
Wilderlife,25,2019-08-23
Té de Brujas,33,2018-10-24
Homestead,35,2019-10-21
Hey Guy,25,2019-03-01
Brothers Page,34,2019-08-23
Mountain,46,2004-04-01
Quiet Riot,32,2007-11-20
Skid Row,2,2005-11-22
Ashlie Amber,31,2019-12-25
Spinal Tap,0,1984-01-01
Rush,0,1981-02-12
Tiny Fighter,27,2019-04-26
The Old Americana Band,26,2019-07-02
Poison,54,1986-01-01
Broken Baby,26,2019-08-09
Judas Priest,1,2008
Hollis Brown,40,2019-06-07
Brothers Page,30,2019-07-26
After 10,27,2018-10-05
Billy Joel,1,1973
Scorpions,9,1984-05-04
Scorpions,5,1979-02-25
Scorpions,5,1982-04-10
Scorpions,4,1979-02-25
Scorpions,14,1990-01-01
Scorpions,51,2017-11-24
Scorpions,5,1984-05-04
Scorpions,5,1982-04-10
Scorpions,49,2001-03-22
Scorpions,4,1988-04-18
Scorpions,3,1977-12-04
Scorpions,55,2007
Scorpions,3,1985-06-20
Scorpions,3,1980-03-31
Scorpions,2,1979-02-25
Scorpions,2,1978-08
Scorpions,2,1988-04-18
Scorpions,46,2014-04-11
Scorpions,47,2007
Scorpions,2,1988-04-18
Scorpions,2,1993-01-01
Scorpions,2,1984-05-04
Scorpions,46,1999-06-22
Scorpions,1,1977-12-04
Scorpions,43,2004
Scorpions,2,1982-04-10
Scorpions,43,2010-03-19
Scorpions,41,1972-01-01
The Who,6,2009-12-21
Alice Cooper,57,2007-05-05
AC/DC,72,1986-05-24
Eddie Money,52,1983
ZZ Top,68,1983-03-23
Billy Idol,68,1982-01-01
Black Stone Cherry,54,2011-01-01
Shinedown,66,2008-06-24
Guns N' Roses,8,2001
Bad Wolves,72,2018-01-19
Ronnie Milsap,44,1996-01-01
Status Quo,45,1973-09-28
Warren Zevon,54,1986-10-07
The Exits,26,2019-11-22
AC/DC,70,1976-05-14
Iron Maiden,6,1982
Foreigner,61,1978
Bubbatrees,16,2019-10-25
David Bowie,74,1974-05-24
The Baskervilles,14,2019-12-06
A Flock Of Seagulls,58,1982-04-30
Late Night Legacy,41,2019-10-18
Other Nature,14,2019-10-18
The Clash,72,1982
Van Halen,52,1982-04-14
Daydream Nation,14,2019-10-04
Dire Straits,75,1985-05-13
Lynyrd Skynyrd,31,2007-01-01
Grand Funk Railroad,59,1973
Bachman-Turner Overdrive,1,1973-01-01
Kings of Leon,12,2008-08-11
INXS,49,1987-10-19
Bon Jovi,2,2010-01-01
AC/DC,81,1990-09-24
Robert Palmer,50,1988-06-22
Modern Love Child,30,2019-10-25
Lenny Kravitz,52,2000
AC/DC,64,1990-09-24
Grand Funk Railroad,60,1999-01-01
Ten Years After,60,1971-11-11
Wake Me,44,2017-01-03
Marillion,51,1992-06-08
Gary Moore,54,1987
Kings of Leon,4,2008-11-21
Aerosmith,7,2001-11-20
Europe,61,1986
Lenny Kravitz,72,1993-03-09
Gary Moore,52,1985-01-01
Eddie Money,54,1983
Guns N' Roses,13,1991-01-01
The Cult,59,1985
U2,32,2006-01-01
The Marshall Tucker Band,65,1973
Gordon Lightfoot,63,1974
Buffalo Springfield,73,1966-12-05
Pink Floyd,71,1975-09-12
Ringo Starr,55,1973-01-01
David Bowie,17,2015-09-25
Phil Collins,57,1982-11-05
U2,9,1998-10-01
The Who,1,1965-12-03
The Rolling Stones,22,1969-12-05
Bryan Adams,1,2005-01-01
Bruce Springsteen,1,2009-06-01
Bon Jovi,15,2010-01-01
Julian Lennon,22,1986-01-01
Nirvana,9,2002-01-01
Pearl Jam,12,1991
Blondie,55,1998-01-01
The Cars,69,1978-06-06
Electric Light Orchestra,2,2005
Bruce Springsteen,1,2009-06-01
Billy Idol,5,2011-01-01
The Offspring,3,2008-11-28
Hinder,71,2005-01-01
HIM,37,2004
Generation X,9,2011-01-01
Alice Cooper,40,2001
ZZ Top,42,2004-06-08
Tom Petty,46,1989-01-01
Eric Clapton,1,2007-10-08
Foo Fighters,77,1997-05-20
Green Day,79,1994-02-01
The Offspring,2,1998-11-16
Nickelback,70,2008-10-28
Limp Bizkit,1,2000-01-01
Jane Ashton,25,2010-10-18
Guns N' Roses,1,2004-03-15
Tom Petty,2,2008-01-01
Jimi Hendrix,0,1995-01-01
Thin Lizzy,3,2010-01-01
Iggy Pop,21,1977-09-09
The Who,17,1978-08-18
Bad Company,8,1975
Free,0,1991-03-25
Bachman-Turner Overdrive,1,2003-01-01
Aerosmith,72,1975-04-08
Mountain,68,1970
Led Zeppelin,76,1969-10-22
Ted Nugent,56,1981
Deep Purple,75,1972-03-25
The Doors,71,1967-01-04
Steppenwolf,73,1968
Foghat,64,1975
KISS,7,1984-09-13
The Knack,73,1979-01-01
Creedence Clearwater Revival,24,1969-08-03
The Doobie Brothers,71,1973
Eagles,72,1976-12-08
Scorpions,64,2011-11-04
Twisted Sister,69,1984
Quiet Riot,69,1983
Judas Priest,69,1980
UFO,2,1974
Cinderella,1,1988-01-01
Yes,7,1983-06-01
Bon Jovi,16,1986-01-01
Alice Cooper,70,1989-07-25
Boston,78,1976
The Who,76,1971-08-14
INXS,44,2011-01-01
AC/DC,60,1976-05-14
The Rolling Stones,7,2005-02-28
Steve Miller Band,64,1976-01-01
Golden Earring,57,1973
ZZ Top,55,2004-06-08
Sugarloaf,47,1970-01-01
Thin Lizzy,0,1996-01-01
Santana,65,1969
The Allman Brothers Band,35,1971-07
Cream,3,1967-11-02
Shocking Blue,52,2011-02-02
Pink Floyd,17,1979-11-30
Nirvana,81,1991-09-26
Blur,74,1997-02-10
Bruce Springsteen,3,2007-10-02
Guns N' Roses,15,1991-01-01
The Animals,73,1987-10-19
Eagles,82,1976-12-08
The Doors,52,2008-01-28
The Doobie Brothers,67,1973
Lenny Kravitz,70,1998-05-12
Ratt,63,1984-02-14
Survivor,58,1982
Pink Floyd,11,1979-11-30
The Doobie Brothers,75,1972
Foreigner,68,1977-03-08
Bad Company,68,1975
Peter Frampton,66,1975-01-01
The Rolling Stones,24,2005-09-05
Billy Idol,12,1982
George Thorogood & The Destroyers,3,1977
Skid Row,69,1989-01-24
White Lion,43,2006-06-20
The Offspring,10,1998-11-16
Red Hot Chili Peppers,73,1991-09-24
Duran Duran,71,1982-05-10
The Ventures,48,1969
Genesis,61,1991-11-11
Manfred Mann's Earth Band,11,2000-01-01
Chris Isaak,32,2006-05-05
Dire Straits,5,1998-11-10
The Surfaris,15,1963-07-08
Stealers Wheel,19,1998-01-01
The Bobby Fuller Four,56,1998
HIM,53,1997-03-09
Soundgarden,0,2012-01-01
Wheatus,67,1999-02-15
Pearl Jam,75,1991-08-27
The HU,64,2019-12-13
Disturbed,68,2010-03-12
Papa Roach,62,2018-12-14
Five Finger Death Punch,60,2019-04-12
HELLYEAH,52,2019-06-28
In Flames,25,2019-02-08
Breaking Benjamin,59,2018-04-13
From Ashes to New,57,2018-04-20
In Flames,27,2018-12-14
Fire From The Gods,39,2019-07-26
Inklings,15,2019-03-22
Papa Roach,50,2019-01-18
Halestorm,54,2018-07-27
Ghost,0,2018-04-13
Chevelle,63,2002
Three Days Grace,63,2018-03-09
Nothing More,57,2017-09-15
Shinedown,7,2018-03-07
Saliva,7,2010-01-01
The HU,53,2018-11-17
Mötley Crüe,76,1989
HELLYEAH,38,2019-03-15
Godsmack,56,2018-02-28
P.O.D.,69,2001-09-11
Korn,68,1998-08-18
Foo Fighters,54,2017-09-15
Badflower,3,2018-06-08
From Ashes to New,0,2018-02-02
Five Finger Death Punch,57,2013-07-30
Rammstein,67,1997-08-22
System Of A Down,18,2001-01-01
Pop Evil,49,2018-02-16
FEVER 333,51,2018-03-23
Hollywood Undead,66,2008-09-02
Disturbed,60,2010-03-12
Metallica,56,2016-11-18
Breaking Benjamin,2,2018-01-05
Pearl Jam,54,1993-10-19
Rise Against,0,2017-05-19
Sevendust,49,2018-05-11
Fozzy,56,2017-10-13
Volbeat,63,2010
Linkin Park,74,2000-10-24
Papa Roach,17,2000-04-25
A Perfect Circle,0,2018-02-05
HELLYEAH,45,2016-06-03
Mastodon,57,2017-03-31
Marilyn Manson,63,2017-10-06
Rage Against The Machine,73,1996-04-16
Nothing More,54,2017-06-23
Theory of a Deadman,30,2018-03-09
Korn,73,1998-08-18
Nothing More,44,2017-09-15
Seether,56,2017-05-12
In Flames,44,2016-11-11
Chevelle,68,2002
Red Sun Rising,0,2018-01-12
Stone Sour,47,2017-06-30
Breaking Benjamin,0,2018-01-26
Metallica,51,2016-11-18
Trapt,73,2002-11-05
Escape the Fate,29,2018-02-16
Rage Against The Machine,69,1999-11-02
System Of A Down,78,2001-09-04
Korn,52,2016-10-21
Stone Sour,40,2017-04-27
Rise Against,1,2017-04-20
Metallica,50,2016-11-18
Mastodon,52,2017-03-31
STARSET,54,2017-01-20
Soundgarden,3,1991-01-01
Chevelle,60,2011-12-06
Sixx:A.M.,30,2016-10-14
Disturbed,32,2011-10-07
Fort Minor,51,2005-10-04
Five Finger Death Punch,6,2009-01-01
Drowning Pool,2,2001
Eminem,16,2002-05-26
Disturbed,46,2011-10-07
Rage Against The Machine,57,1992-11-03
Metallica,23,1991-08-12
Static-X,61,2003-10-07
Linkin Park,37,2008-03-02
Papa Roach,48,2009-01-01
Aranda,38,2008-04-22
Five Finger Death Punch,2,2011-01-01
Slipknot,49,2008-08-22
Flyleaf,48,2005
Skillet,75,2009-08-21
Halestorm,58,2009-02-25
Saliva,4,2001-01-01
Roy Jones Jr.,71,2004-10-26
Roy Jones Jr.,57,2004-10-26
Paul Stanley,0,2006-01-01
Thousand Foot Krutch,0,2013-09-02
Nomy,45,2011-07-14
Seether,1,2005
Sick Puppies,62,2009
Three Days Grace,72,2006-06-25
Three Days Grace,54,2006-06-25
Rise Against,3,2004-01-01
Rise Against,3,2006-01-01
Sixx:A.M.,54,2011-05-03
Thousand Foot Krutch,58,2003-01-01
Papa Roach,35,2014-11-04
Linkin Park,57,2003-03-24
Disturbed,62,2010-08-20
Ra,54,2002-01-01
New Medicine,30,2014-08-22
Rev Theory,4,2008-01-01
Sum 41,64,2002-01-01
Soil,61,2011-10-07
Rob Zombie,0,2001-01-01
The Red Jumpsuit Apparatus,62,2006-01-01
Escape the Fate,0,2013-05-14
Skillet,50,2016-05-20
Thousand Foot Krutch,56,2005-01-01
Three Days Grace,69,2006-06-25
Adelitas Way,60,2009-01-01
In Flames,63,2000-07-03
CKY,58,1999-01-01
Turbonegro,54,2005-05-09
BrokenRail,31,2016-11-25
BrokenRail,27,2015-11-26
Limp Bizkit,45,2005-01-01
P.O.D.,53,2006-10-27
Bloodlights,0,2017-04-12
Syden,0,2017-04-21
Spring Grove,13,2016-11-19
Freedumb,0,2016-02-10
Hoobastank,1,2004-04-27
Matt Moore,39,2017-06-09
Teamheadkick,40,2015-06-07
Sonic Syndicate,0,2010-08-20
This Is Not Utopia,25,2017-05-02
Hollywood Undead,3,2008-01-01
Steal The City,30,2017-07-21
Freedumb,0,2017-08-31
As I May,31,2017-08-04
AmaLee,13,2015-12-29
Papa Roach,55,2006-01-01
Eminem,76,2018-08-31
Fame on Fire,59,2017-06-02
Art Of Dying,54,2015-12-11
Egypt Central,45,2011-12-22
Nonpoint,57,2018-06-22
[ALEXANDROS],28,2018-11-21
Cult To Follow,63,2011-12-20
Billy Talent,65,2006-06-23
Wilson,55,2018-08-24
Deep Purple,52,1980
Deep Purple,62,1968-07-01
Cream,26,2007-10-09
The Rolling Stones,3,1968-12-06
The Rolling Stones,0,1971-12-20
The Rolling Stones,0,1971-12-20
The Rolling Stones,0,1971-12-20
The Rolling Stones,0,1971-12-20
The Rolling Stones,0,1971-12-20
Motörhead,4,1980-11-08
Motörhead,31,2008-09-01
Motörhead,22,2007-05-18
Thin Lizzy,0,2008-07-07
Billy Idol,0,2008-07-07
Black Sabbath,0,2008-07-07
The Knack,0,2008-07-07
Ram Jam,2,2008-07-07
Heart,0,2008-07-07
Twisted Sister,0,2008-07-07
Survivor,0,2008-07-07
The Rolling Stones,3,1969-12-05
Mötley Crüe,0,1989
Mötley Crüe,0,2003
Motörhead,12,2007-05-18
Motörhead,14,2007-05-18
The Who,0,2008-07-07
The Who,0,1996-08-27
The Who,0,1996-08-27
Jimi Hendrix,8,2009-02-24
Jimi Hendrix,0,2000-09-11
Jimi Hendrix,0,2000-03-27
Jimi Hendrix,0,2000-03-27
Jimi Hendrix,0,2000-03-27
Judas Priest,29,2008
Iron Maiden,55,1999-05-17
Iron Maiden,16,1982
Iron Maiden,12,1982
Iron Maiden,8,1983-05-16
KISS,3,1997-04-08
KISS,0,2008-10-20
Black Sabbath,0,2005
Ozzy Osbourne,4,2003
Motörhead,20,2008-01-01
Sex Pistols,0,1992
Mötley Crüe,0,2003
Mötley Crüe,0,2007-10-17
Nazareth,0,2009-07-13
Van Halen,3,1978-02-07
Van Halen,7,1984-01-03
Van Halen,31,2004
Van Halen,59,2004
Van Halen,23,2004
Queen,1,1991-10-28
Journey,74,2001-09-19
Def Leppard,0,2005-09-26
Def Leppard,0,2005-09-26
David Bowie,32,1997-10-27
David Bowie,36,1997-10-27
Soundgarden,0,1994-03-09
Dire Straits,9,1998-11-10
Megarock Hits,0,2006-05-01
The Doors,0,1967-01-04
The Doors,0,1967-01-04
Guns N' Roses,3,1987-01-01
Guns N' Roses,2,1987-01-01
Dio,3,2007-01-01
Dio,2,2007-01-01
Dio,1,2007-01-01
Danzig,1,1988
Danzig,0,2007-11-13
Quiet Riot,3,1983
Quiet Riot,24,2007-04-01
Quiet Riot,0,1983
Quiet Riot,21,2007-12-04
Skid Row,43,1998
Deep Purple,13,1984
Judas Priest,17,1993-04-28
Cream,0,1995-05-09
Mountain,7,2000-06-29
Guns N' Roses,0,2004-03-15
The Doors,42,2008-01-28
Ted Nugent,19,1991-02-11
Creedence Clearwater Revival,10,1973-01-01
Ted Nugent,0,2005
Ted Nugent,0,1975
Creedence Clearwater Revival,0,2007-11-05
Creedence Clearwater Revival,0,2009-01-01
Creedence Clearwater Revival,2,2009-01-01
Iron Maiden,2,1983-05-16
Disturbed,63,2005-09-19
Avenged Sevenfold,49,2013-07-16
Five Finger Death Punch,40,2011-10-11
Disturbed,53,2015-08-21
Linkin Park,81,2003-03-24
Seether,61,2013-01-01
Disturbed,70,2008-04-29
Five Finger Death Punch,55,2013-11-19
Seether,73,2007-01-01
Disturbed,72,2005-09-19
Five Finger Death Punch,60,2013-11-19
Seether,69,2005-01-01
Disturbed,65,2015-08-15
Five Finger Death Punch,51,2013-07-30
Godsmack,67,2003-04-08
Drowning Pool,72,2001-01-01
Five Finger Death Punch,65,2015-09-04
Slipknot,76,2004
Five Finger Death Punch,67,2013-07-26
Disturbed,74,2000-02-25
Korn,71,2005-12-06
Five Finger Death Punch,43,2011-10-11
System Of A Down,75,2005-05-17
Saliva,2,2001-01-01
Five Finger Death Punch,56,2015-09-04
Skillet,72,2009-08-21
Three Days Grace,67,2015-03-27
Slipknot,71,2014-10-15
Shinedown,67,2015-09-18
Pantera,72,1992-02-21
Korn,69,1999-11-09
Shinedown,66,2015-09-18
Pop Evil,59,2013-05-14
Five Finger Death Punch,55,2015-09-04
Alien Ant Farm,10,2001-01-01
Bring Me The Horizon,58,2015-09-04
Disturbed,55,2015-08-15
Thrice,46,2016-04-28
Seether,53,2013-01-01
Five Finger Death Punch,69,2009-09-22
Bullet For My Valentine,59,2006-02-14
Staind,64,1999-04-13
Three Days Grace,70,2003-04-19
Stone Sour,68,2012-10-17
Shinedown,51,2008-06-24
Puddle Of Mudd,4,2001-01-01
Foo Fighters,76,2007-09-25
Sevendust,33,2018-05-11
Breaking Benjamin,59,2018-04-13
Papa Roach,55,2004-01-01
Bring Me The Horizon,68,2015-09-11
The Offspring,77,2008-06-17
Otherwise,0,2012-03-05
Shaman's Harvest,49,2014-09-12
Rise Against,70,2008-01-01
Beartooth,64,2014-06-10
Downplay,31,2012-05-29
Skillet,72,2016-08-05
Ashes Remain,54,2011-08-23
JAXSON GAMBLE,48,2017-08-25
Breaking Benjamin,2,2015-06-23
Nonpoint,59,2004-07-13
Marilyn Manson,54,2004-01-01
My Darkest Days,27,2012-01-01
Dropkick Murphys,70,2005-07-19
Zac Brown Band,3,2015-03-07
Skillet,66,2006-10-03
Three Days Grace,65,2006-06-25
Parkway Drive,59,2015-09-25
Three Days Grace,63,2015-03-27
Five Finger Death Punch,65,2017-12-01
Rival Sons,27,2015-10-16
3 Doors Down,0,2007-01-01
Rise Against,62,2017-06-09
Billy Talent,51,2012-09-07
STARSET,70,2014
Five Finger Death Punch,0,2013-01-01
Bad Wolves,0,2018-05-11
Godsmack,47,2010-01-01
Papa Roach,54,2015-01-27
Thousand Foot Krutch,63,2012-04-17
Staind,53,2001-05-22
Trapt,51,2013
A Perfect Circle,63,2003-01-01
Korn,0,2011-10-21
System Of A Down,10,2001-01-01
Arythma,36,2009-01-01
FknRock!,33,2020-01-02
Scooped Up!,30,2019-10-10
Xuinn,9,2019-10-31
October Ends,50,2019-12-13
October Ends,38,2018-10-05
SIXN,46,2019-07-18
October Ends,38,2019-07-17
Arva,40,2019-05-12
VRSTY,43,2019-12-20
Auralist,26,2019-12-13
Watch Out Stampede,45,2019-12-13
Veridian,38,2019-11-22
Atlas,40,2019-11-15
The Hunting Project,33,2019-11-08
LxngCat,37,2019-01-18
Arva,33,2019-06-25
BLVK SWVN,39,2019-12-13
October Ends,37,2017-12-07
Kim,21,2016-05-30
From Inside,19,2016-04-25
Gear,24,2019-02-09
Chris Blackburger,28,2019-10-13
Coastlines,28,2019-10-31
AvaGrace,34,2019-08-30
Critic City,25,2019-08-10
Critic City,35,2019-11-02
Critic City,36,2019-11-02
Critic City,35,2019-11-02
Rewave,33,2019-09-13
Cashetano la Merluza,27,2019-09-19
Cashetano la Merluza,29,2019-09-19
The Fight Left Inside,21,2019-10-31
Radio Free Universe,39,2019-09-06
Radio Free Universe,40,2019-10-25
LoNaranjaDeLaLuz,31,2019-09-27
Dyne Side,38,2018-07-27
Dyne Side,30,2017-08-11
Dyne Side,30,2017-08-11
Fever Feel,29,2019-11-15
Fever Feel,30,2019-11-15
Longfield & Super Skeleton,29,2019-09-13
Longfield & Super Skeleton,30,2019-03-01
JGS,36,2019-10-19
JGS,36,2019-10-19
Winter Havens,39,2020-01-03
By Chance,35,2019-10-09
Lockeland,30,2019-03-08
Lockeland,34,2019-08-30
LEVEREVE,30,2018-11-17
Thomas Wescott,23,2019-11-22
Davide Cristofori,16,2019-11-28
KAY JAM,26,2019-11-25
KAY JAM,21,2019-11-25
KAY JAM,25,2019-11-25
Flight Club,21,2019-11-15
Flight Club,21,2019-11-15
Flight Club,21,2019-11-15
Bad Apples,23,2019-09-14
Bad Apples,17,2019-09-14
Bad Apples,23,2019-09-14
Abram Mahoney,33,2019-02-09
Abram Mahoney,32,2019-02-09
Louzada,29,2019-08-23
Louzada,29,2019-08-23
Louzada,27,2019-08-23
MINST,18,2019-11-29
Before Us All,18,2019-09-27
Before Us All,20,2019-09-27
La Suite,21,2019-04-12
Guille Taranto,14,2018-10-29
Scoo8y Smack,21,2019-03-08
Scoo8y Smack,21,2019-03-08
Scoo8y Smack,21,2019-03-08
Rewave,25,2019-12-11
Of Mice & Men,41,2017-04-24
DED,54,2017-07-21
Breaking Benjamin,3,2018-02-23
Blacktop Mojo,54,2017-03-10
Letters from the Fire,24,2018-05-18
Shim,23,2018-05-16
The Veer Union,16,2018-07-06
Bad Wolves,61,2018-05-11
Within Temptation,0,2013-10-01
Volbeat,57,2013-01-01
Burnos,13,2013-09-17
DevilDriver,50,2013-08-27
Papa Roach,38,2010-01-01
Gemini Syndrome,38,2013-09-10
Avenged Sevenfold,75,2013-08-23
Avenged Sevenfold,68,2013-08-23
Blacklite District,0,2013-10-13
Eve To Adam,42,2013-09-17
Five Finger Death Punch,1,2013-01-01
Avril Lavigne,5,2013-11-06
The Pretty Reckless,0,2013-11-19
In This Moment,0,2013-06-03
Trivium,59,2013-10-08
In This Moment,1,2012-08-13
In This Moment,1,2012-08-13
Metallica,7,1997-11-18
We As Human,45,2011-06-21
Stone Sour,56,2012-10-17
Pop Evil,53,2013-05-14
Thousand Foot Krutch,44,2012-04-17
Halestorm,49,2012-04-03
Killswitch Engage,48,2013-03-29
All That Remains,0,2012-11-06
Like A Storm,0,2012-11-05
Escape the Fate,0,2013-05-14
Thousand Foot Krutch,68,2012-04-17
Theory of a Deadman,39,2005-03-28
Hinder,45,2008-01-01
Bullet For My Valentine,47,2013-02-08
Hinder,60,2005
Bullet For My Valentine,59,2007-06-12
Three Days Grace,25,2009-11-27
Otherwise,0,2012-05-21
Red,35,2013-02-01
Papa Roach,52,2010-01-01
Saving Abel,19,2013-08-06
Volbeat,49,2013-01-01
Black Veil Brides,37,2013-01-01
Saliva,0,2014-02-18
Sick Puppies,22,2013-01-01
Pop Evil,59,2013-05-14
In This Moment,0,2009-07-03
Art Of Dying,49,2011-03-18
Evanescence,0,2011
Red,43,2011-02-01
Five Finger Death Punch,0,2007-07-31
We As Human,47,2011-06-21
Halestorm,59,2012-04-03
Heaven's Basement,41,2013-02-05
Rev Theory,33,2011
Halestorm,44,2012-04-03
Shallow Side,0,2012-04-06
Korn,60,2011-11-30
Cathercist,0,2011-09-01
Kyng,0,2014-02-11
Thousand Foot Krutch,53,2012-04-17
The Pretty Reckless,52,2010-01-01
Three Days Grace,0,2014-04-01
Linkin Park,34,2014-03-07
Framing Hanley,18,2014-03-18
HeavensDust,30,2014-03-10
The Used,0,2014-04-01
Asking Alexandria,44,2013-08-06
You Me At Six,0,2014-01-01
Halestorm,46,2013-10-15
Demon Hunter,14,2014-04-08
10 Years,58,2010-01-01
Nothing More,0,2014-03-11
Pop Evil,40,2011-07-05
Lindsey Stirling,58,2014-04-29
The Amity Affliction,33,2014-04-15
Within Temptation,0,2014-02-04
Theory of a Deadman,26,2014-04-22
Slash,20,2014-06-13
Bad Seed Rising,23,2014-04-15
Evans Blue,0,2010-07-27
Heartist,21,2014-04-29
3 Years Hollow,33,2014-02-10
Wovenwar,18,2014-05-19
Flyleaf,0,2014-07-15
Queen,69,2018-10-19
REO Speedwagon,70,1980
Soul&Roll,33,2014-06-20
Bad English,64,1989-06-15
Steve Pais,35,2013-07-20
U2,79,1987-03-03
Soul Asylum,68,1992-01-01
Jim Seas,33,2015-02-20
Metallica,73,1991-01-01
The Cure,3,2001-11-13
Pat Benatar,66,1984
Tamara Perez,34,2016-06-20
INXS,59,2011-01-01
Monica Lopez,30,2014-06-20
Survivor,50,2014-10-24
REO Speedwagon,3,2005
Carla Tous,35,2013-07-20
Europe,70,1986
Soul&Roll,30,2013-05-20
Jim Seas,31,2015-02-20
Mr. Big,6,2004-05-25
Smoke Trio,29,2016-03-20
Def Leppard,49,2013-10-22
Scorpions,7,1984
Bonnie Tyler,74,1999-02-08
Lisa Gey,33,2013-07-20
Boston,19,1976
Ken Clayton,29,2014-10-20
Mötley Crüe,14,1999-01-01
George Michael,75,1998-11-09
Prince,70,1984-06-25
Luck Wallace,29,2014-10-20
Jennifer Rush,58,1995-07-24
KISS,2,1989-10-17
Roxette,68,1995-10-23
Berlin,70,1999-01-01
Heart,73,1987-06-06
Pretenders,69,1994-06-01
Cheap Trick,62,1988-04-12
Bryan Adams,74,1991-09-24
Chicago,72,1984-05-14
Collective Soul,14,1994-03-29
Meat Loaf,66,1995
Richard Marx,75,1989-01-01
Joe Cocker,66,2000-06-06
Peter Cetera,71,1986
Extreme,75,1990-01-01
White Lion,58,1991-03-26
Air Supply,67,1980-02-25
Thin Lizzy,10,1996-01-01
Rainbow,3,1975-01-01
Blue Öyster Cult,10,1972
Cheap Trick,0,1978-04
Heart,0,2008
Thin Lizzy,0,1980
Thin Lizzy,2,1976
Thin Lizzy,0,1976
Thin Lizzy,7,2007-01-01
Thin Lizzy,0,1973
UFO,0,2014-02-21
UFO,0,2014-02-21
UFO,0,2014-02-21
UFO,0,2014-02-21
Alice Cooper,26,1978
Alice Cooper,38,1976-01-01
Alice Cooper,45,1975
Alice Cooper,32,1975
Alice Cooper,30,1974
Alice Cooper,22,1974
Alice Cooper,37,1974
Uriah Heep,1,1996
Uriah Heep,0,2010
Rush,4,2003
Rush,0,2003
Rush,0,2003
Blue Öyster Cult,18,2000-02-08
Blue Öyster Cult,23,2000-02-08
Blue Öyster Cult,0,1976
Blue Öyster Cult,0,1972
Deep Purple,42,1980
Deep Purple,50,2005-06-17
Deep Purple,0,2011-09-12
Deep Purple,22,1980
Deep Purple,18,1980
ZZ Top,24,2013-06-07
ZZ Top,16,2013-06-07
ZZ Top,10,2013-06-07
Rainbow,2,1976-01-01
Rainbow,6,1975-01-01
Rainbow,54,1978
Sweet,0,2014-01-13
Sweet,0,2014-01-13
Sweet,0,2014-01-13
Status Quo,17,2009
Status Quo,19,2009
Status Quo,15,2009
Queen,39,1977-10-28
Queen,12,1975-11-21
Queen,12,1974-11-08
T. Rex,4,2011-01-01
The Who,2,2009-12-21
The Who,2,2009-12-21
Led Zeppelin,70,1969-10-22
Led Zeppelin,58,1970-10-05
Led Zeppelin,0,2007
Led Zeppelin,62,1979-08-15
Led Zeppelin,55,1975-02-24
Black Sabbath,0,1972-09-25
Black Sabbath,0,1971-07-21
Black Sabbath,0,1973-12-01
Black Sabbath,0,1976-09-25
Judas Priest,0,2009-09-25
Judas Priest,53,1978-10-27
Judas Priest,32,1977-11-15
KISS,0,2008-10-21
KISS,0,2008-10-21
KISS,0,2008-10-21
KISS,0,2008-10-21
Ted Nugent,28,2010-10-26
Ted Nugent,14,2010-10-26
Ted Nugent,10,2010-10-26
Kansas,63,2010
Bad Company,4,1974
Bad Company,1,1974
Bad Company,1,1975
Montrose,20,2000
Montrose,14,2000
Montrose,13,2000
Montrose,14,2000
Free,35,2012-01-01
Free,23,2012-01-01
Aerosmith,38,1980-11-11
Aerosmith,39,1980-11-11
Aerosmith,48,1980-11-11
Cheap Trick,24,2004-03-02
Cheap Trick,31,2004-03-02
Journey,62,1978
Journey,25,1979
Heart,0,1998
Heart,0,1998
Foreigner,41,1977-03-08
Grand Funk Railroad,32,2006-01-01
The Guess Who,41,1971
The Guess Who,44,1971
Metallica,25,1991-08-12
Def Leppard,2,1987
Guns N' Roses,82,1987-01-01
Bon Jovi,3,2010-01-01
Guns N' Roses,78,1987-01-01
Aerosmith,52,2011-09-13
KISS,5,2008-10-20
Mötley Crüe,2,1985
Twisted Sister,7,2009-06-29
Judas Priest,2,2009-09-25
Van Halen,0,2004-07-13
Whitesnake,43,1987
Aerosmith,1,2011-09-13
Mötley Crüe,0,1989
Ted Nugent,46,1977-02-26
Blue Öyster Cult,0,1977
Black Sabbath,1,1980-04-25
Alice Cooper,48,1986-01-01
Heart,0,1977-05-14
Rush,3,1981-02-12
Alice Cooper,65,1972
Alice Cooper,55,1971
Blue Öyster Cult,1,2005
Metallica,6,1983-07-25
Black Sabbath,10,1970-09-18
Led Zeppelin,69,1975-02-24
Thin Lizzy,14,1976
Rush,2,1980-01-01
Led Zeppelin,69,1971-11-08
Megadeth,70,1992-07-14
KISS,2,2007-06-08
UFO,3,1974
UFO,0,1977
Aerosmith,0,2011-01-01
Van Halen,15,1984-01-03
Whitesnake,7,1987-04-04
Bon Jovi,5,2010-01-01
Dio,30,1983
Various Artists,1,1987
ZZ Top,44,1992-04-13
Mötley Crüe,2,1989
Black Sabbath,2,2009
Iron Maiden,48,2008-04-07
Iron Maiden,45,2008-04-07
Metallica,14,1988-08-25
Jimi Hendrix,71,1967-05-12
Gary Moore,36,2006
Bon Jovi,16,2010-01-01
Aerosmith,61,2011-09-13
Survivor,53,2010-02-26
Gary Moore,39,1998-01-01
Deep Purple,68,1972-03-25
Krokus,22,2000-02-21
Montrose,40,1973
Michael Schenker Group,0,2009-01-16
Ozzy Osbourne,1,2003
KISS,0,2002-01-01
KISS,1,1983-09-18
Thin Lizzy,3,1996-01-01
Bachman-Turner Overdrive,1,1998-12-13
Uriah Heep,0,1972
Nazareth,2,2010-02-15
Status Quo,62,1979
Rainbow,0,2009-01-01
Judas Priest,0,2011-10-07
Scorpions,8,2007-06-08
Metallica,15,1991-08-12
Whitesnake,38,1994-07-04
Aerosmith,2,2001-11-20
Ozzy Osbourne,8,1997-11-11
Van Halen,40,2004
White Lion,35,2007-04-02
Nazareth,1,2012-02-20
Guns N' Roses,78,1987-01-01
Dio,35,1983
KISS,0,1976-03-15
Yes,69,1983-06-01
Hoobastank,4,2001-01-01
Sum 41,57,2002-01-01
A Perfect Circle,65,2000-01-01
Mudvayne,50,2002-11-12
Trapt,50,2002-11-05
Taproot,57,2002-09-30
Jimmy Eat World,1,2001
Switchfoot,54,2008-10-31
Puddle Of Mudd,7,2001-01-01
System Of A Down,74,2001-09-04
AFI,70,2006-06-06
Incubus,58,2001-10-23
3 Doors Down,38,2000
3 Doors Down,56,2000
Foo Fighters,60,2011-04-12
Foo Fighters,54,2014-11-09
Godsmack,56,1998-01-01
Godsmack,51,1998-01-01
Linkin Park,67,2007-05-14
P.O.D.,57,2006-10-27
Rise Against,65,2006-01-01
Drowning Pool,53,2001-01-01
Velvet Revolver,63,2004
AFI,39,2003
Middle Class Rut,2,2010-10-04
Her Bright Skies,33,2010-03-24
System Of A Down,80,2001-09-04
Sevendust,34,1999-08-24
Puddle Of Mudd,2,2001-01-01
Three Days Grace,57,2003-04-19
Linkin Park,58,2003-03-24
Incubus,55,2004-02-03
Limp Bizkit,71,1999
Saliva,0,2001-01-01
Disturbed,55,2000-02-25
P.O.D.,51,1999
Incubus,67,1999-10-26
Incubus,59,1999-10-26
Linkin Park,56,2003-03-24
Trapt,43,2005-01-01
Wolfmother,66,2006-01-01
Wolfmother,62,2006-01-01
TOOL,67,2006-04-28
TOOL,68,2001-05-15
TOOL,63,2001-05-15
Sam Feldt,8,2017-11-24
Lost Frequencies,60,2019-03-08
CAZZETTE,50,2017-07-21
Klingande,44,2019-10-18
Felix Jaehn,67,2019-09-27
Y.V.E. 48,56,2019-10-18
Lost Frequencies,28,2017-05-05
Alex Schulz,54,2019-05-31
Davai,57,2019-09-20
Henry Green,57,2017-08-09
Sam Feldt,7,2017-11-24
Lost Frequencies,67,2019-10-04
Little Giants,47,2016-10-21
LVNDSCAPE,57,2019-09-13
Dasco,50,2018-02-23
Sam Feldt,7,2017-11-24
The Knocks,55,2019-06-21
Bakermat,54,2019-07-26
Robin Schulz,54,2017-09-29
AINT,47,2019-07-26
Sam Feldt,11,2017-11-24
Möwe,57,2017-05-19
Sean Bradford,26,2017-01-13
Silience,46,2016-12-15
Klingande,53,2017-09-08
Sam Feldt,6,2017-11-24
Sol Calor,56,2017-02-10
Alan Walker,63,2017-07-14
Bortharm,44,2016-08-05
Sander W.,47,2019-10-14
Sam Feldt,6,2017-11-24
Bakermat,64,2017-01-27
Möwe,47,2016-11-04
LVNDSCAPE,8,2016-09-02
Thomas Jack,48,2015-10-29
Sam Feldt,62,2015-07-24
Klingande,49,2018-06-01
Hot Shade,50,2017-05-05
Klangkarussell,40,2014-07-28
BANNERS,6,2016-07-22
Sam Feldt,5,2017-11-24
Mac Beez,50,2017-01-13
Tez Cadey,69,2015-01-26
Robin Schulz,46,2017-09-29
Kungs,48,2016-11-04
Sam Feldt,5,2017-11-24
Viva La Panda,50,2019-10-23
A&G,45,2016-11-14
Robin Schulz,48,2017-09-29
GAMPER & DADONI,59,2013-09-13
Sam Feldt,5,2017-11-24
Bolier,54,2018-06-01
Fabio Carry,44,2015-10-22
Robin Schulz,45,2016-06-17
Zonoma,54,2017-01-13
Sam Feldt,6,2017-11-24
Dimmi,55,2014-02-17
Boris Way,42,2016-12-20
Warren G,48,2016-12-09
Tanja La Croix,35,2016-08-03
R3HAB,35,2016-05-10
Syn Cole,59,2014-05-08
Achtabahn,46,2016-09-30
Sam Feldt,4,2017-11-24
Felix Jaehn,67,2018-02-16
Kungs,50,2016-11-04
Didrik Thulin,54,2013-12-17
Klangkarussell,48,2014-07-28
Seizo,46,2016-06-17
Tim Arisu,41,2016-10-07
Coleman Hell,44,2016-08-05
Tropixx,41,2016-10-13
RÆVE,48,2015-04-26
Campsite Dream,55,2016-09-23
On June,5,2016-07-15
Duke Dumont,17,2015-07-31
Hook N Sling,55,2017-06-30
Dusky Grey,43,2017-06-30
Sam Feldt,4,2017-11-24
Parov Stelar,56,2015
Nick Martin,3,2016-05-27
Bolier,3,2015-10-16
Topic,46,2016-04-22
Hounded,5,2017-05-05
NLSN,4,2016-09-09
Andrelli,48,2017-04-07
Matoma,36,2016-05-13
Lucy Neville,32,2016-11-11
Sam Feldt,9,2016-06-10
The Him,54,2016-05-06
Y.V.E. 48,50,2016-02-16
BUNT.,48,2014-09-26
Campsite Dream,55,2017-05-05
Wankelmut,47,2017-04-21
Sam Feldt,3,2017-11-24
Flatdisk,41,2016-08-22
Seinabo Sey,66,2015-10-23
Yolanda Be Cool,5,2016-03-09
Sebastien,39,2016-12-09
Sam Feldt,9,2016-02-05
Marc Anthony,71,2019-05-10
Puerto Rican Power,64,2008-11-11
Natti Natasha,80,2019-10-04
Los Angeles Azules,63,2019-06-14
Luis Enrique,74,2009-05-19
Marc Anthony,10,2019-02-21
Gilberto Santa Rosa,62,2008-07-21
Willie Colón,69,2010-06-07
Los Angeles Azules,76,2018-06-08
Juan Luis Guerra 4.40,60,2019-04-05
Marc Anthony,69,2004-07-27
Adolescent's Orquesta,7,2010-03-05
Eddie Santiago,7,2006-01-01
Aventura,73,2019-04-05
Silvestre Dangond,67,2019-01-25
Marc Anthony,64,2019-05-10
Tito Nieves,52,2010-01-01
Jerry Rivera,65,1990
Raymix,66,2018-04-24
Willie Colón,8,2009
Prince Royce,70,2018-11-16
Alejandro Gonzalez,59,2019-09-06
Gente De Zona,58,2018-10-26
Juanes,51,2019-04-09
Grupo Niche,54,2019-06-07
Marc Anthony,67,2006-06-30
Monchy & Alexandra,65,2007-02-05
Vicente Garcia,51,2019-05-24
Romeo Santos,65,2019-04-05
Prince Royce,67,2019-08-30
Joe Arroyo,68,2007-05-12
Ricky Martin,72,2019-11-12
Juan Luis Guerra 4.40,49,2019-04-26
Romeo Santos,68,2019-04-05
Guayacán Orquesta,64,1990-01-01
You Salsa,62,2019-01-28
Silvestre Dangond,60,2019-10-25
La Sonora Dinamita,4,2006-04-28
Los Angeles Azules,59,2015-10-16
Aventura,71,2009-06-09
Romeo Santos,66,2019-04-05
Septeto Acarey,63,2017-02-13
Ralphy Dreamz,45,2018-07-30
Monchy & Alexandra,62,2006-11-14
Oscar D'León,64,1996-02-28
Romeo Santos,69,2014-02-25
Reynier Perez,55,2018-04-09
Grupo Cañaveral De Humberto Pabón,69,1997-01-01
Gente De Zona,5,2019-03-08
Luis Enrique,39,2019-05-24
Romeo Santos,72,2017-07-21
Lila Downs,2,2019-04-05
Vicente Garcia,64,2016-08-26
Mr. Don,43,2019-02-08
Grupo Niche,44,2019-09-20
Milly Quezada,43,2019-05-24
Frankie Ruiz,47,2017-11-24
Yan Collazo,39,2019-10-04
Alvaro Rod,55,2019-02-08
Daniela Darcourt,62,2018-10-01
Gente De Zona,64,2019-05-24
Guayacán Orquesta,38,2019-08-09
Maía,43,2019-11-15
You Salsa,59,2018-11-09
Mr. Don,51,2018-02-09
Los Hermanos Rosario,9,2009-12-01
Yuri Buenaventura,38,2018-11-30
Septeto Acarey,38,2019-02-08
Aymee Nuviola,44,2019-01-25
Vicente Garcia,54,2019-05-24
Frank Reyes,61,2006
Tutto Duran,49,2019-08-15
Romeo Santos,76,2014-02-25
Greeicy,51,2017-12-24
Joe Arroyo,58,2015-07-01
Roberto Antonio,33,2019-10-25
Elvis Crespo,53,2018-11-29
N'Klabe,52,2005-10-18
Guayacán Orquesta,55,1990-01-01
Anddy Caicedo,45,2019-06-14
Septeto Acarey,43,2019-05-17
Fruko Y Sus Tesos,49,2015-07-01
Rafaga,62,1998-01-01
Maía,44,2018-05-25
Tony Succar,48,2019-05-24
Gaby Zambrano,49,2017-07-01
Son Tentacion,52,2018-10-19
Luis Enrique,34,2019-05-24
You Salsa,50,2019-09-27
Issac Delgado,34,2019-06-21
Tony Succar,40,2019-05-24
La Sonora Dinamita,61,2010-02-01
Jose Carlos Garcia,45,2019-08-16
Vicente Garcia,49,2019-04-12
Proyecto Uno,58,1998-08-25
Romeo Santos,62,2019-04-05
Oro Solido,2,2004-04-27
Prince Royce,65,2017-02-24
Tony Succar,40,2019-05-24
Gusttavo Lima,64,2019-10-04
Pachará,43,2019-04-12
Zoe Gotusso,56,2019-01-11
Ø Suave,45,2019-02-22
Kevin Johansen,51,2019-04-26
Vicente Cifuentes,38,2018-11-23
Alex Cuba,50,2019-03-22
La Isla Centeno,44,2019-08-16
Marissa Mur,49,2019-08-16
El Otro Polo,46,2019-09-13
Jósean Log,74,2016-10-14
Pachará,40,2019-05-31
Vacación,47,2019-08-16
Marissa Mur,41,2019-09-27
Altoparlante,42,2017-12-11
Naïa Valdez,45,2019-03-29
Luz Pinos,47,2019-07-12
Pau Sotomayor,42,2019-09-20
Fideo y los del mondo,38,2019-09-26
KURT,55,2019-11-22
Juan Pablo Vega,48,2019-02-01
Quantic,48,2018-11-09
El Kanka,53,2018-02-23
Natalie Perez,49,2019-09-20
Carlos Sadness,59,2019-11-22
Boca Paila,38,2019-06-07
Debi Nova,63,2019-11-22
El Caribefunk,50,2015-09-27
Lorena Blume,40,2019-03-22
Vacación,49,2019-10-25
Cheo,40,2019-11-22
Flora Martínez,44,2019-06-28
iLe,47,2019-05-10
Salomón Beda,40,2019-11-08
Maréh,39,2019-09-20
Nuria Saba,40,2018-07-28
El Kuelgue,62,2012-07-07
Los Rumberos,47,2019-10-04
Rawayana,58,2013-05-19
Salomón Beda,17,2017-07-07
maye,62,2019-09-06
MOÜGLI,33,2019-08-16
Pachará,39,2019-11-29
Pau Sotomayor,39,2019-09-20
Marrón,40,2019-06-28
Joaco Terán,39,2015-09-20
India Marte,41,2019-06-21
Mitú,41,2019-10-04
Churupaca,52,2013-12-31
Perotá Chingó,49,2019-09-27
Mirella Cesa,39,2019-03-08
Self Sabotage,37,2019-05-01
Haydee Milanes,40,2019-05-24
Nana Mendoza,39,2019-09-20
Francisca La Braza,51,2018-12-07
Los Aguas Aguas,42,2019-12-20
Julieta Venegas,51,2019-11-22
Primo Son,37,2019-11-22
Reyna Tropical,42,2019-01-20
Simon Grossmann,2,2017-03-03
Flor de Toloache,42,2019-05-31
Solovino,36,2019-05-02
GAMBOA,36,2019-01-18
Los Espiritus,44,2019-08-30
Sol Pereyra,35,2019-04-26
La Lá,45,2017-03-25
Carolina Camacho,38,2019-09-20
Sotomayor,44,2019-11-01
Camila Luna,41,2017-03-02
Manu Chao,54,2019-05-31
King Edi K,39,2019-05-02
Anakena,41,2019-10-04
Gio Chamba,36,2019-11-01
Simón Campusano,48,2018-09-23
Mac Gregor,39,2019-09-20
Simah,39,2019-03-22
Nana Mendoza,42,2019-09-20
Chicano Batman,38,2019-06-21
Alex Eugenio,27,2018-06-29
Lacandona Social Sound,41,2016-07-22
Mula,38,2019-11-18
Femina,52,2014-10-20
Piélago,42,2017-05-15
Nicola Cruz,60,2015-10-30
Reyna Tropical,40,2018-01-24
Antonio Garcia Isaac,38,2019-07-05
Enio Silveti,35,2019-05-17
Combo Chimbita,39,2019-03-28
Amparanoia,40,2019-05-10
Sebastián Romero,37,2019-12-13
Onda Vaga,57,2008-01-01
Vilamarea,39,2019-03-22
Ley Line,39,2017-11-09
Monsieur Periné,40,2018-05-18
Claude Fontaine,16,2019-04-17
YoSoyMatt,26,2019-05-31
Novalima,35,2019-12-13
Ley Line,38,2019-09-19
Ricardo Bendek,37,2019-10-13
Sotomayor,39,2015-03-10
LÚA,50,2019-04-30
Nora En Pure,48,2019-05-24
Nora Van Elken,59,2019-10-02
Lylos,57,2018-10-26
Nahra,52,2019-09-20
Tomas Skyldeberg,45,2019-02-08
Maiwan,5,2018-12-14
Boomo,53,2019-03-22
Brookii,40,2019-04-26
Tellow,4,2018-11-16
Paisley Pink,8,2018-11-16
Chill Cole,15,2016-06-23
Timna Momentus,33,2019-09-10
Molife,54,2019-05-31
Michel Gaross,38,2017-04-21
Sugar Blizz,5,2018-11-09
Maiwan,13,2017-11-04
Jones Meadow,43,2019-02-08
Crisp Nibblets,54,2018-03-29
Dye O,43,2019-09-20
Gloria Tells,42,2019-04-26
Maiwan,5,2017-11-04
Tomas Skyldeberg,17,2018-03-02
Daxten,4,2018-08-03
Basixx,54,2019-07-05
Onda Norte,4,2018-08-10
Paisley Pink,44,2019-03-08
Brendon Moeller,37,2019-02-22
Aiyo,51,2019-06-07
Grennels,53,2019-09-10
Vivid Color,50,2017-06-30
Okwen,37,2019-07-19
dvine,48,2019-03-08
Magnofield,59,2019-07-26
Frank Brinelle,42,2018-05-13
Fresh Faces,51,2018-03-07
Mauve,58,2019-12-13
Duckmaw,45,2019-04-05
Cornpop,50,2017-02-24
Onda Norte,3,2018-08-10
Dieter Spitz,43,2018-05-13
Lvly,4,2018-08-24
Hallman,40,2019-01-04
Love Beans,6,2018-01-26
Il Greco,42,2019-04-10
Daxten,2,2018-08-03
Smartface,52,2019-09-13
Jones Meadow,45,2019-07-26
Ray,4,2018-04-06
Harvio,13,2018-08-10
Sum Wave,7,2016-03-08
Andréza,40,2018-06-01
Mac Beez,56,2017-10-06
Bamba Lamer,54,2018-10-23
Giants' Nest,38,2019-10-25
Ran the Man,56,2019-07-26
Bon Lui,57,2017-06-02
BLAEKER,3,2018-06-22
Dye O,3,2018-07-06
Giants' Nest,36,2019-05-31
Sum Wave,2,2016-03-08
Particle House,44,2019-06-07
Manic Twister,51,2019-09-10
Snake City,37,2019-09-20
Dye O,14,2018-11-16
BENNIK,37,2018-05-18
Jones Meadow,52,2019-04-05
Giants' Nest,54,2019-05-31
Sole Sole,45,2019-11-22
Dye O,48,2019-12-13
Harvio,43,2019-09-06
Martin Jensen,55,2018-11-16
Lewis Capaldi,67,2019-02-15
MOTi,54,2019-03-01
Theresa Rex,45,2018-12-07
Faustix,60,2018-11-23
ROËDS,47,2018-09-21
Hallman,12,2018-08-17
Möwe,55,2018-11-30
Syn Cole,51,2019-06-28
Jason Thurell,48,2019-01-04
JP Cooper,50,2019-06-21
Hallman,55,2019-01-04
Kygo,81,2018-10-26
Small Talk,43,2018-10-05
State of Sound,48,2018-11-02
Tape Machines,46,2019-01-04
Madism,50,2019-08-16
Kygo,71,2019-02-14
Sam Feldt,52,2019-01-18
Ed Sheeran,66,2019-07-11
Tomas Skyldeberg,40,2019-05-10
STVCKS,47,2019-07-19
Basixx,4,2018-11-09
offrami,50,2018-02-16
Lucas Estrada,61,2018-11-16
James Arthur,59,2019-05-24
CALVIN,45,2018-11-02
Basixx,1,2018-11-09
Sigala,69,2018-09-28
Hogland,48,2018-06-29
Broken Legacy,27,2019-05-28
José Lucas,45,2019-07-19
Dimitri Vegas & Like Mike,69,2019-02-15
Hallman,49,2019-05-24
Mr. Probz,43,2019-03-01
Alex Parker,47,2018-08-10
State of Sound,47,2019-03-01
Ellie Goulding,9,2019-02-01
Ryan Riback,48,2019-01-11
Jemme,47,2018-08-10
James Carter,55,2019-05-10
CASP:R,45,2018-05-04
Sundell,46,2019-08-09
Lucas Estrada,65,2019-08-16
Strobe!,47,2019-10-04
CASP:R,40,2019-02-22
Where The Man,33,2019-08-02
Mau y Ricky,80,2019-05-03
Silvestre Dangond,68,2018-06-29
Yiyo Sarante,10,2016-04-27
Juan Luis Guerra 4.40,54,2019-05-31
Pedro Capó,86,2018-10-05
Maffio,77,2019-03-29
El Micha,51,2018-06-08
MYA,67,2019-06-05
Zacarias Ferreira,65,2017-09-27
"Tito ""El Bambino""",65,2019-05-31
Daniela Darcourt,59,2019-05-31
Daniel Santacruz,46,2019-05-17
Yiyo Sarante,55,2019-08-10
Chino & Nacho,72,2016-02-19
Raymix,62,2018-05-18
Gabriel,47,2019-05-31
Juan Luis Guerra 4.40,52,2019-05-31
Juan Magán,50,2019-05-09
Farruko,63,2019-04-26
Fanny Lu,45,2019-05-17
Toño Rosario,55,2017-06-08
Ilegales,34,2019-05-15
DJ Khalid,54,2019-02-22
Víctor Manuelle,54,2018-03-23
Sean Paul,79,2019-03-14
Maffio,61,2019-10-04
Shelow Shaq,1,2019-06-21
Proyecto Uno,57,1997
Kany Garcia,50,2019-05-17
Raulin Rodriguez,9,2017-10-18
Henry Santos,49,2019-05-03
Vicente Garcia,48,2019-05-24
Ilegales,54,1997-11-11
J Balvin,70,2018-05-25
Rubén Blades,27,2019-05-03
Jahzel Dotel,28,2019-05-12
Fulanito,53,1997-11-21
Farruko,3,2018-06-01
Chongo de Colombia,28,2019-05-29
Bad Bunny,77,2018-12-23
Nicky Jam,52,2018-03-02
"Osmani Garcia ""La Voz""",27,2019-05-24
Omega,20,2010
Johnny Hooker,40,2019-12-20
Emicida,61,2019-06-25
Urias,44,2019-12-13
Linn da Quebrada,48,2019-11-02
Pabllo Vittar,65,2018-10-04
DAY,63,2019-11-08
Gloria Groove,62,2018-09-28
2DE1,33,2019-10-25
Potyguara Bardo,52,2019-08-16
Majur,46,2019-08-14
Liniker e os Caramelows,55,2019-03-22
Urias,47,2018-07-16
Silva,64,2019-07-19
Majur,48,2018-11-14
Bia Ferreira,37,2019-09-13
Silva,52,2018-05-25
Johnny Hooker,57,2017-07-23
Liniker,48,2019-12-16
Tchelo Gomez,29,2019-01-18
MARTTE,34,2019-11-01
Caio,34,2019-12-20
Paula Caju,26,2019-11-29
Jaloo,43,2019-09-06
Davi,41,2019-09-27
Paulo Ho,33,2019-11-08
As Bahias e a Cozinha Mineira,43,2019-05-31
VENVS,28,2020-01-10
Jão,64,2018-08-17
Davi,34,2019-08-30
Renan Cavolik,34,2019-05-24
Davi,53,2018-07-24
Rodrigo Ruchell,35,2019-08-16
Lizandra,23,2019-11-01
Jão,63,2019-07-11
Riko Viana,25,2019-11-05
Silva,57,2020-01-10
Juccas,5,2019-03-29
Bemti,33,2019-11-29
Monica Casagrande,23,2019-10-25
Renato Enoch,31,2019-07-19
Jaloo,50,2018-08-03
Johnny Hooker,44,2019-06-21
Maria Gadú,40,2019-04-22
ANAVITÓRIA,63,2019-03-29
Davi,34,2019-08-01
FLORA,29,2019-10-31
Julia Sicone,15,2017-12-09
Renato Enoch,31,2019-08-09
Leo Fressato,31,2019-07-12
vicrossor,25,2019-07-05
Dry,14,2020-01-05
Juccas,36,2019-11-14
Linn da Quebrada,37,2018-11-09
Liniker e os Caramelows,58,2015-07-30
As Bahias e a Cozinha Mineira,37,2019-01-18
Johnny Hooker,50,2019-08-08
Filipe Catto,33,2017-11-24
Mc Tha,45,2019-06-21
Riko Viana,16,2019-11-07
Potyguara Bardo,49,2018-08-09
Nea,63,2020-01-10
The Chainsmokers,85,2019-12-06
Vide,46,2020-01-03
John De Sohn,48,2019-11-29
Sam Feldt,70,2020-01-10
Andrew Roman,47,2019-12-06
Ericé,47,2019-11-29
Ludvigsson,51,2019-11-22
Hogland,54,2019-11-15
Caj Morgan,41,2019-12-27
Roman Müller,44,2019-12-20
Closed Doors,47,2019-11-29
Lucas Estrada,62,2019-12-13
Coopex,45,2019-12-27
Sterkøl,50,2019-11-01
Hogland,53,2019-09-13
Campsite Dream,50,2020-01-10
Ludvigsson,49,2019-09-27
Lucas Estrada,59,2019-12-27
ROËDS,48,2019-12-27
Middle Class Richkids,42,2019-11-15
Moe Aly,44,2019-11-22
Haze & Mellow,44,2019-11-22
Ljung,45,2019-12-06
Lucas Estrada,59,2019-11-22
Jonasu,51,2019-10-18
Behmer,49,2019-10-18
Alle Farben,66,2019-10-11
Foxa,47,2019-11-08
henrikz,42,2019-12-06
KVR,51,2019-11-01
Alex Fosse,43,2019-11-01
Hogland,66,2019-06-07
Ina Wroldsen,69,2017-12-01
Dimitri Vegas & Like Mike,81,2019-07-05
Sterkøl,45,2019-09-06
Paolo Pellegrino,51,2019-02-08
Tom Ferry,47,2019-08-09
Erlandsson,48,2019-10-11
Lü,47,2019-10-11
ROËDS,45,2019-10-25
Julian Era,47,2019-08-16
Roman Müller,42,2019-11-08
Martin Garrix,71,2019-07-18
Ericé,43,2019-10-25
Sick Individuals,43,2019-05-03
Dennis Lloyd,70,2019-06-07
Ludvigsson,50,2019-07-05
Foxa,42,2019-10-25
EC Twins,46,2019-09-27
Romano,41,2019-09-27
Trackhead,57,2019-10-04
Lucas Estrada,53,2019-09-20
EC Twins,50,2019-08-23
ARMAN,41,2019-06-21
The Sunnefield,44,2019-10-04
Younotus,77,2019-04-26
Gil Glaze,49,2019-10-04
Hellberg,52,2019-08-23
Broken Back,54,2019-08-30
Kygo,73,2019-05-23
RudeLies,42,2019-09-27
Foxa,45,2019-08-09
Stephen Puth,47,2019-08-30
Kygo,79,2019-04-19
Theresa Rex,40,2019-09-27
Caj Morgan,40,2019-08-30
Foxa,42,2019-07-19
The Twinz,39,2019-06-21
Roman Müller,41,2019-08-30
ARMAN,41,2019-09-06
Martin Garrix,83,2019-04-25
Alan Walker,83,2019-03-21
Moe Aly,38,2019-08-09
Alex Parker,48,2019-08-30
Jonasu,51,2019-07-05
Lucas Estrada,38,2019-05-31
KLYMVX,47,2019-03-01
DROP,48,2019-06-21
Jake Cooper,50,2019-07-26
Ericé,39,2019-08-23
Maître Gims,61,2019-07-05
Erlandsson,45,2019-06-14
Haze & Mellow,38,2019-08-02
Lewka,41,2019-08-16
Kygo,13,2017-11-03
Dualities,60,2019-05-31
Jason Thurell,42,2019-06-07
King & Joker,39,2019-07-12
BRÅVO,37,2019-08-30
Khalid,56,2019-04-04
Kelvin Jones,51,2015-10-02
Alle Farben,49,2019-05-17
Roger Martin,46,2016-06-17
Deep Chills,45,2019-12-06
Chris Viviano,35,2019-11-01
Flatdisk,38,2019-04-19
Robin Novaku,36,2019-08-16
Deep Chills,49,2019-03-29
Kris Kross Amsterdam,74,2018-06-22
Kharfi,36,2019-07-19
Panski,39,2019-06-21
Jake Cooper,33,2019-09-06
N-Chased,37,2019-09-27
Nate VanDeusen,37,2019-03-22
BLENDER,34,2019-06-28
Juze,36,2019-06-14
Deep Chills,35,2019-09-20
Swayday,35,2019-08-09
Trial & Error,33,2018-12-28
Joey Busse,30,2019-07-12
Natania,37,2019-08-30
Nate VanDeusen,36,2019-07-05
Deep Chills,32,2019-08-23
LOYZ,31,2019-08-09
Alberto Ciccarini,34,2019-06-21
Dana Kelson,29,2019-05-10
KAJ,36,2019-04-12
Natania,35,2019-01-18
Nate VanDeusen,29,2019-05-03
Hartman,40,2019-05-24
Pards,28,2019-05-03
Deep Chills,40,2019-07-05
Jay Dixie,35,2019-05-17
Stisema,27,2019-05-10
Natania,35,2019-05-24
Hartman,30,2019-03-15
Deep Chills,60,2017-08-18
Panski,47,2018-09-07
Natania,35,2019-02-01
Jeremy Shayne,37,2018-03-02
Jay Fox,34,2018-12-21
Suvenir,30,2018-10-19
Kharfi,43,2019-01-25
Robin Novaku,31,2019-01-11
Robin Novaku,38,2018-06-01
Bespoke Dude,30,2019-03-08
Jax Jones,63,2018-06-22
Deep Chills,48,2016-03-08
Deep Chills,37,2018-08-10
ChiChi Peralta,50,1997-07-01
ChiChi Peralta,39,1997-07-01
Juan Luis Guerra 4.40,66,2013-01-01
Polo Montañez,61,2000-03-14
Bacilos,69,2002-06-25
Carlos Vives,60,1995
Juan Luis Guerra 4.40,58,2013-01-01
Carlos Vives,58,1995
Nano Cabrera,48,2007-05-12
Joey Montana,54,2010-01-01
Juan Luis Guerra 4.40,50,2004-01-01
Juan Luis Guerra 4.40,53,2013-01-01
Luis Felipe Gonzalez,1,1997
Puerto Rican Power,65,2000
Bacilos,68,2001-04-24
Juan Luis Guerra 4.40,51,2019-07-25
Yera,40,2018-07-06
Elvis Crespo,49,1998-02-27
Proyecto Uno,54,2014-05-31
Juan Luis Guerra 4.40,54,2019-07-24
Pete Perignon,40,2020-01-03
Ralphy Dreamz,55,2020-01-09
Srta. Dayana,38,2020-01-06
Dama,37,2020-01-10
Maiara & Maraisa,60,2020-01-10
Prophex,35,2020-01-01
Buxxi,34,2019-12-27
Kate Candela,39,2020-01-02
Karibe Orquesta,40,2020-01-02
Kalimete,31,2020-01-09
Papo La Chercha,23,2020-01-03
Kaian Muniz,23,2019-12-27
Jiory,25,2020-01-01
Axel White,14,2020-01-10
Maga Shukar,14,2019-12-30
Jay Kalyl,39,2019-12-27
Luigi e Leandro,17,2019-12-27
Doris Lavin,19,2020-01-03
Adrenalina Latina,17,2019-12-27
Barrio Sónico,30,2020-01-03
Vgm,14,2020-01-03
Lenier,34,2020-01-10
Wilfrido Vargas,29,2019-11-08
Anna Carina,54,2019-11-08
Henry Santos,49,2019-11-15
Henry Mendez,45,2020-01-03
Morty,27,2019-12-07
BlackRoy,61,2019-11-29
Frank Reyes,27,2019-11-08
Felipe Peláez,42,2019-11-22
Farruko,43,2019-11-15
Jonathan Moly,42,2019-11-15
Ulises Bueno,38,2019-11-08
Elvis Crespo,38,2019-11-08
Yuri,32,2019-10-18
El Chaval de la Bachata,36,2019-10-18
Sandronyc,39,2019-10-11
Lidia Buble,36,2019-10-04
Tony Succar,30,2019-10-03
Karlos Rosé,47,2019-10-04
Café Quijano,41,2019-09-27
Systema Solar,35,2019-11-01
D.L.G.,30,2019-10-18
Mario Guerrero,31,2019-09-13
Andrés Cepeda,54,2019-11-01
Charlie Zaa,36,2019-11-01
Bluedoom,63,2018-08-30
BROCKBEATS,45,2018-07-23
City Girl,61,2018-07-02
mr_slace,59,2019-04-18
Dontcry,44,2018-10-04
"Sarah, the Illstrumentalist",59,2019-04-26
soder.,55,2018-11-21
Jobii,50,2019-06-14
S-Ilo,43,2018-09-11
Kavv,51,2017-12-01
Guustavv,60,2019-07-12
Jazzinuf,44,2018-11-16
Wun Two,54,2014-01-18
Konteks,60,2018-12-14
Tree60,43,2018-07-16
Jobii,54,2018-12-14
Ymori,4,2018-11-19
Ed Stockley,42,2019-10-17
Ariel T,41,2019-09-27
Erik Kearing,41,2019-09-14
BROCKBEATS,49,2018-07-23
Marcus D,6,2018-05-29
Gordon,55,2018-10-09
"Sarah, the Illstrumentalist",49,2018-11-02
Dylan Sitts,51,2019-02-01
Wun Two,54,2014-01-18
Two Sleepy,53,2018-08-13
Kavv,51,2017-12-01
The Deli,70,2016-10-17
Guustavv,51,2019-04-19
Saib,62,2017-03-10
Gyvus,62,2018-06-23
S-Ilo,3,2018-08-08
Ariel T,48,2019-06-17
Wun Two,65,2014-12-19
The Deli,63,2016-02-26
Jobii,56,2019-03-29
Jazzinuf,42,2018-04-01
June Jissle,40,2019-01-27
Pretty Lights,52,2013-07-02
j'san,65,2018-04-26
BROCKBEATS,41,2018-07-23
chinsei,3,2019-02-12
Ariel T,49,2019-07-29
Trog'low,41,2018-09-14
Statistix,61,2018-10-24
DLJ,45,2018-10-17
"Sarah, the Illstrumentalist",21,2020-01-03
Chris Mazuera,40,2018-06-01
Chris Mazuera,40,2019-04-02
Epifania,40,2019-07-09
Guustavv,55,2019-05-31
sky pedro,40,2019-07-10
B0nds,40,2019-07-10
SINY,46,2018-04-06
Jazzinuf,44,2018-04-01
Joey Pecoraro,47,2017-02-22
biosphere,42,2017-08-29
Zach Farache,51,2017-10-19
potsu,50,2019-02-23
Cozy Collective,52,2018-04-21
Lunchmoney,3,2019-06-25
leaf beach,42,2016-09-02
Roger Wilco,42,2017-09-07
Cloudchord,40,2019-07-19
goosetaf,41,2018-05-19
Masked Man,13,2018-04-27
Jazzinuf,40,2018-04-01
SINY,60,2018-07-27
Jmss,40,2018-08-06
Dream Easy Collective,40,2018-02-23
mommy,43,2018-03-13
Shaman,50,2019-09-12
The Sleep Specialist,45,2017-01-09
Nature Sounds Nature Music,52,2011-02-16
Mother Nature Sound FX,71,2017-01-09
Relax Meditate Sleep,1,2009-11-15
Lluvia del Bosque,54,2017-01-09
The Sleep Specialist,54,2017-01-09
Pinetree Way,57,2019-10-03
The Sleep Specialist,51,2017-01-09
Mother Nature Sound FX,65,2017-01-09
Rain Sounds FX,62,2019-10-03
Aquagirl,57,2019-05-23
Rain Recordings,75,2019-09-06
Pinetree Way,48,2019-10-03
Life Sounds Nature,44,2015-04-01
Nature Sounds,50,2015-04-17
Natural Sound Makers,52,2017-01-09
Peking Duk,38,2014-05-23
Hot Shade,1,2017-09-29
The Weeknd,5,2016-11-11
Robin Schulz,65,2016-11-25
The Chainsmokers,43,2016-12-16
Kygo,9,2017-02-10
Alex Adair,28,2015-03-01
Seeb,12,2016-03-11
Jonas Blue,9,2016-10-28
Nevada,11,2016-09-23
Thomas Jack,48,2016-07-08
Sam Feldt,5,2016-12-23
A R I Z O N A,48,2017-01-20
Felix Jaehn,9,2016-07-15
Alina Baraz,42,2015-06-29
Mike Perry,48,2016-10-21
Sondr,43,2016-03-28
Mike Perry,73,2016-04-15
Years & Years,5,2015-07-31
FRENSHIP,5,2016-04-15
Matoma,58,2015-12-01
Broiler,2,2016-05-16
Sam Feldt,8,2016-10-07
Two Can,0,2016-11-28
Mennska,33,2015-12-17
Julian Perretta,50,2016-01-21
filous,53,2015-07-17
Sigala,31,2016-04-15
Frans,35,2016-06-24
Cash Cash,55,2016-04-29
CAZZETTE,2,2016-06-03
State of Sound,48,2016-01-29
Perttu,1,2016-05-13
Mr. Probz,76,2014-02-07
LVNDSCAPE,0,2016-05-06
Gorgon City,0,2016-11-08
Lost Frequencies,30,2016-06-03
Bob Marley & The Wailers,10,2016-06-10
Coldplay,71,2016-03-25
Matoma,59,2016-06-24
Sam Feldt,58,2015-05-18
Campsite Dream,35,2016-06-24
Gavin James,5,2016-06-24
Thomas Jack,57,2015-07-10
Jonas Blue,21,2016-06-03
Cheat Codes,1,2016-02-19
Bakermat,44,2016-08-26
Seeb,9,2016-10-14
Kygo,87,2019-06-28
UNDRESSD,66,2019-05-17
Zita,52,2019-11-05
Jubël,71,2018-06-22
Lucas & Steve,74,2019-10-11
Mark Mendy,52,2019-12-18
GAMPER & DADONI,65,2019-11-29
Aaron Smith,51,2013-01-01
farfetch'd,58,2019-11-08
GAMPER & DADONI,72,2019-03-29
Saco,49,2020-01-10
Max Oazo,50,2019-08-26
Mada,52,2019-07-01
Davai,60,2017-08-25
Saxity,47,2020-01-03
Julia Michaels,5,2017-05-05
Mike Perry,65,2019-08-23
Marshmello,46,2019-12-17
Palm Trees,44,2019-07-05
East Love,46,2019-09-06
KALUMA,53,2019-11-22
Yann Muller,53,2019-12-20
Lone Tusker,49,2019-09-23
Zita,48,2019-08-22
Kris Kross Amsterdam,71,2019-08-30
James Quick,56,2019-11-29
Gavin James,51,2016-06-24
Koni,42,2018-09-21
Aslove,3,2017-02-17
Yann Muller,51,2019-07-12
Crystal Rock,40,2019-10-25
Manuel Costa,36,2018-06-15
Saco,51,2019-09-27
Felix Jaehn,19,2015-03-03
Sigala,3,2015-08-21
Palm Trees,46,2015-08-21
Glaceo,49,2019-08-16
Iceleak,48,2019-11-08
Hr. Troels,51,2019-05-31
Marvin Gaye,53,2015-04-27
Wave Wave,56,2019-05-31
Gavin James,39,2017-07-14
Ed Sheeran,58,2017-04-07
Wave Wave,49,2019-11-01
Charlie Puth,8,2015-08-20
Ian Storm,17,2019-05-10
Roberto Bates,22,2018-06-01
REZarin,35,2019-08-30
Marc Kiss,38,2019-06-14
Zaeden,39,2018-06-08
Axero,50,2019-12-13
GAMPER & DADONI,56,2019-01-18
Charleon,45,2019-08-02
The Underdog Project,13,2016-08-05
Rita Ora,64,2019-04-05
Revelries,58,2018-01-19
Saxity,39,2019-06-14
Junior J,55,2018-08-10
MVCA,38,2019-12-06
Camishe,39,2019-04-25
Sander W.,31,2019-08-09
Nexeri,43,2019-03-01
Boonz,46,2017-07-07
Imagine Dragons,15,2015-05-11
FAULHABER,46,2018-11-14
Sam Feldt,0,2017-10-06
Keys & Copper,14,2018-07-27
Lone Tusker,47,2019-04-26
Ed Sheeran,0,2018-02-16
Zita,31,2019-06-11
Ed Sheeran,49,2014-11-07
Fake Pictures,9,2017-01-13
Charlie Puth,17,2016-07-08
The Weeknd,65,2015-04-07
Freischwimmer,40,2016-06-17
Yann Muller,56,2019-10-02
SJUR,57,2016-11-11
Campsite Dream,55,2015-09-04
Enrique Iglesias,45,2014-01-01
XO Cupid,73,2018-09-21
Chad Cooper,44,2018-12-07
Lu & Sowlmate,35,2018-09-07
a-ha,56,2015-08-26
Harrison,46,2019-10-11
Major Lazer,2,2016-09-09
Sean Paul,5,2017-01-27
Maloma,46,2019-08-16
Pesho,26,2017-11-10
ROOKIES,35,2016-03-24
Robert Falcon,41,2018-05-25
Henri Purnell,44,2017-06-19
Maroon 5,1,2014-11-17
Tainted Youth,33,2016-07-08
Robin Knaak,52,2019-10-18
Sam Feldt,83,2019-05-24
Silky Signs,35,2019-12-13
Goldbird,49,2020-01-10
NLSN,57,2019-11-21
Meynberg,48,2019-11-01
On June,46,2016-10-28
Sole Sole,48,2019-10-25
James Carter,51,2020-01-10
Max Lean,39,2019-11-15
James Carter,49,2019-10-25
Citna,36,2019-10-18
Silky Signs,36,2019-11-15
Sole Sole,43,2019-12-20
Henri Purnell,62,2019-11-15
Jonas Blue,74,2018-11-09
Mauve,57,2019-10-18
Wave Wave,47,2019-09-27
Mr. Probz,43,2014-11-07
Meynberg,45,2019-08-23
Citna,45,2018-09-07
SRTW,54,2019-05-24
James Carter,52,2019-08-02
CARSTN,47,2019-09-20
Max Lean,47,2019-08-09
LIZOT,41,2019-10-25
Bogenhausen,35,2019-11-08
Mauve,59,2019-09-20
Henri Purnell,46,2019-09-27
Roxy Tones,50,2019-10-11
UNOMAS,52,2019-09-06
Mauve,52,2019-08-16
Dualities,48,2019-11-15
Meynberg,44,2019-07-12
NLSN,33,2019-07-12
Nephaim,29,2019-09-13
Y.V.E. 48,53,2019-08-16
GAB,51,2019-10-11
nourii,48,2019-07-05
Ruhde,32,2019-07-26
James Carter,32,2019-04-04
Simon Field,54,2019-01-25
Y.V.E. 48,53,2017-02-10
Lucas Estrada,34,2018-04-13
Little Venice,46,2019-07-12
Y.V.E. 48,52,2017-03-31
James Carter,32,2019-03-01
Lost Frequencies,62,2016-10-21
Meynberg,44,2019-06-07
Y.V.E. 48,8,2019-04-19
Silky Signs,38,2019-01-25
Bogenhausen,33,2019-06-28
Mike Posner,78,2016-05-06
Y.V.E. 48,49,2017-02-10
NLSN,52,2019-05-31
Lucas Estrada,35,2018-02-16
Nora Van Elken,8,2019-06-21
WUSA,33,2019-07-05
Adon,46,2019-06-14
Y.V.E. 48,59,2019-06-07
Felix Jaehn,72,2018-02-16
NLSN,46,2019-04-19
Martin Jensen,71,2016-11-04
James Carter,52,2019-06-14
Sigala,67,2018-09-28
VAN DUO,31,2018-02-02
Matoma,69,2015-02-17
Sam Feldt,55,2017-10-06
Hot Shade,16,2018-04-27
Namic,32,2019-06-07
Max Lean,37,2019-05-24
Midnght,43,2019-05-31
Tep No,43,2018-05-25
LISTENBEE,60,2015-01-16
SRTW,0,2018-04-27
Klangkarussell,67,2014-01-01
WUSA,45,2019-03-15
NLSN,44,2018-11-09
Deepend,67,2018-11-16
Citna,23,2019-04-12
Midnght,33,2019-02-22
Lost Frequencies,43,2014-06-06
Imagine Dragons,47,2015-01-26
Sons Of Maria,49,2015-08-10
Swanky Tunes,42,2016-08-19
On June,5,2016-10-28
Rudimental,60,2015-10-02
Simioli,3,2015-06-26
Alex Adair,48,2015-08-07
Kygo,62,2016-05-13
Comet Blue,45,2016-01-08
Campsite Dream,48,2015-10-16
Vance Joy,53,2014-03-10
Steve Aoki,44,2015-06-29
Mokoa,41,2015-02-23
Sander van Doorn,32,2015-09-18
filous,52,2015-05-26
SNBRN,25,2016-01-26
Yolanda Be Cool,37,2016-03-04
Kav Verhouzer,46,2015-09-25
Boy Kiss Girl,42,2016-01-12
Sigala,40,2015-08-28
Sam Feldt,5,2016-02-05
Bakermat,54,2013-06-21
Robin Schulz,52,2015-09-25
Lago,27,2015-07-24
Autograf,1,2015-09-04
Lost Frequencies,45,2016-10-21
Sir Felix,37,2015-01-30
Duke Dumont,15,2014-01-01
Chachi,7,2015-12-11
Izzy Bizu,46,2016-03-25
Klangkarussell,5,2014-01-01
Kav Verhouzer,44,2015-08-04
Beltek,16,2015-06-12
Nungwi,27,2015-08-21
Spada,3,2015-08-28
BUNT.,49,2016-01-27
Jaël,25,2015-06-12
King Arthur,0,2016-10-28
Sonny Alven,3,2015-09-16
Janieck,7,2016-05-05
filous,25,2015-09-18
Cruels,36,2015-08-28
Matt Simons,3,2015-09-18
Mike Posner,17,2016-05-06
Diviners,58,2015-11-25
Bit Funk,29,2016-07-08
Junior J,0,2016-02-19
Bolier,26,2015-10-02
Candyland,38,2015-10-30
Tropixx,40,2016-04-13
Shaggy,39,2015-11-06
Karl X Johan,35,2013-05-07
Felon,19,2015-08-28
Boehm,5,2016-01-26
Patrick Hagenaar,24,2015-09-14
Alx Veliz,32,2015-02-26
King Arthur,0,2016-10-28
Tropixx,42,2016-07-05
Kungs,20,2016-11-04
Jonas Blue,22,2015-12-04
Bolier,29,2015-11-06
Yellow Claw,24,2015-12-04
Avicii,8,2015-10-02
Robin Schulz,52,2015-09-25
David Guetta,64,2015-11-27
Matt Simons,69,2015-09-30
DJ Snake,9,2016-08-05
FRENSHIP,73,2016-09-02
Robin Schulz,51,2014-09-19
Cheat Codes,7,2016-02-05
MØ,71,2016-05-13
Bortharm,40,2016-04-04
Robin Schulz,60,2015-09-25
Calvin Harris,77,2016-09-16
Yall,64,2015-10-16
The Chainsmokers,73,2015-06-16
Major Lazer,55,2015-11-27
Kungs,62,2016-11-04
Klingande,52,2014-01-01
Rawayana,53,2019-06-21
Monsieur Periné,59,2018-05-18
Caloncho,59,2015-06-16
"Daniel, Me Estás Matando",52,2019-05-09
La Garfield,41,2018-08-10
Marco Mares,48,2019-05-15
Zilvano,11,2020-01-10
McKlopedia,46,2019-11-08
César Avila,28,2019-11-08
Alex Soto,36,2019-07-05
Carlos Sadness,61,2018-02-23
Alex Soto,36,2019-11-15
Gepe,65,2017-05-26
Caloncho,63,2015-06-16
Mon Laferte,50,2018-11-09
Nouvelle Vague,48,2004-05-11
Cecy Leos,31,2019-03-29
Carlos Sadness,59,2018-02-23
Sofía Campos,19,2019-10-25
Making Movies,27,2019-11-15
Macaco,63,2019-05-24
Manu Chao,66,1998-10-06
Zaz,56,2018-11-16
Los Amigos Invisibles,56,2017-02-24
Los Rumberos,3,2017-06-16
Zaz,60,2013-05-13
El Kanka,56,2013-04-22
Simon Grossmann,56,2017-03-03
Marissa Mur,38,2019-04-26
Fideo y los del mondo,17,2016-11-29
Alaíde,17,2019-08-09
Marco Mares,47,2018-10-26
Juan Pablo Vega,48,2019-01-11
Boca Paila,26,2018-10-05
Vera Pedro,17,2019-07-28
Los Amigos Invisibles,2,2009-05-26
Marissa Mur,12,2018-09-28
Rawayana,45,2016-10-07
Pablei,15,2019-05-24
Mr Tropical,16,2019-12-06
Polo & Pan,66,2017-05-19
Fideo y los del mondo,15,2019-07-19
Nouvelle Vague,43,2006-06-26
Lola Club,45,2018-05-28
Zilvano,16,2019-07-19
Alex Ferreira,38,2017-11-03
Vic Badillo,16,2019-09-13
Lauv,62,2018-05-31
Kygo,61,2017-11-03
Kygo,63,2016-05-13
FÄIS,60,2016-04-08
Years & Years,62,2015-09-18
Calum Scott,42,2017-12-15
Seinabo Sey,57,2014-01-01
Hayden James,63,2015-08-21
Loud Luxury,79,2017-10-27
R3HAB,70,2018-01-26
Kiesza,57,2014-10-21
Khalid,71,2018-10-19
X Ambassadors,77,2015-06-30
3LAU,51,2016-04-08
Klingande,60,2014-03-11
benny blanco,84,2018-07-12
Halsey,88,2018-10-04
Khalid,72,2017-04-27
The Chainsmokers,0,2018-10-26
Louis The Child,73,2018-10-26
Martin Garrix,76,2018-06-15
XXXTENTACION,78,2018-10-25
Dynoro,84,2018-06-08
Kygo,75,2018-06-15
Silk City,81,2018-09-06
LANY,69,2017-06-30
Dennis Lloyd,79,2017-06-30
AlunaGeorge,60,2015-08-21
Storm Queen,26,2013-12-10
Tommy Boysen,73,2017-10-05
Halcyon,44,2017-09-02
Lost Frequencies,22,2017-10-11
Don Diablo,44,2018-02-09
NF,83,2017-10-06
ZHU,54,2017-08-18
Silk City,51,2018-05-23
Flume,62,2017-04-07
Rudimental,79,2018-01-19
Diplo,58,2013-10-08
Kygo,74,2018-03-16
Duke Dumont,20,2014
The Chainsmokers,81,2016-02-05
Kygo,66,2017-11-03
LVNDSCAPE,30,2015
DJ Snake,69,2017-09-21
Mr. Pig,28,2017-01-22
R3HAB,50,2018-02-09
Rita Ora,27,2017-11-24
Miles Dominic,14,2016-11-01
Zedd,84,2018-01-23
Lorde,67,2013-01-01
Otto Knows,59,2015-05-08
INNA,35,2016-08-26
Skrillex,67,2017-07-26
Sailors,28,2015-04-28
Nordstorm,17,2016-06-07
Nora En Pure,63,2013-03-11
Jewelz & Sparks,20,2017-03-24
Krys Talk,46,2014-09-10
ZHU,32,2016-02-19
Tep No,47,2016-06-24
DVBBS,60,2017-02-24
NOËP,45,2016-10-14
Lauv,1,2017-03-17
ODESZA,31,2015
Galantis,60,2017-09-15
Rogers & Dean,35,2017-07-12
Kovan,39,2017-09-16
Jack Garratt,0,2016-05-06
Flume,4,2017-01-13
Kyla La Grange,62,2014-03-14
Cheat Codes,73,2017-03-31
TKDJS,40,2015-03-31
Yuna,54,2014-05-06
Lauv,1,2017-06-30
LANY,69,2017-06-30
Heads²,17,2016-12-19
Marcus & Martinus,0,2017
Mako,17,2016-11-02
Platon Emil,0,2015-10-13
Alina Baraz,46,2015-04-07
Jai Wolf,62,2015-06-09
Big Wild,62,2017-02-10
Stisema,22,2016-06-23
Kygo,60,2015-02-10
Martin Jensen,61,2016-11-04
Eklo,43,2015-04-08
Felix Jaehn,2,2014-12-05
MAX,61,2018-06-26
Alan Walker,77,2015-12-04
Cheat Codes,70,2018-06-22
Campsite Dream,51,2018-07-13
R3HAB,36,2018-08-17
Kygo,61,2017-11-03
R3HAB,56,2017-09-08
Kygo,73,2017-09-21
Olly Murs,45,2016-11-18
LANY,10,2017-06-30
Sad Eye,46,2017-12-31
The Chainsmokers,85,2016-07-29
Frank Pierce,49,2017-05-26
Seeb,5,2017-11-10
Brekk,40,2015-12-29
Alvaro,47,2017-03-03
Sam Feldt,2,2017-11-24
Lulleaux,58,2017-08-18
JP Cooper,9,2017-10-06
Jabberwocky,43,2015-03-13
Felix Jaehn,9,2018-02-16
Hearts & Colors,58,2016-11-11
Gestört aber GeiL,52,2017-07-21
R3HAB,46,2017-09-15
Isaiah,67,2016-12-09
Campsite Dream,49,2017-10-13
Mako,38,2017-02-27
Digital Farm Animals,60,2016-09-02
Thomas Gold,42,2017-08-04
Zonoma,48,2016-03-31
De Hofnar,32,2017-09-15
JP Cooper,22,2016-09-16
Ed Sheeran,75,2017-01-06
HAKUNA,1,2017-04-14
CVBZ,2,2016-08-12
Lost Kings,58,2017-10-13
Carlos Baute,74,2009
La Quinta Estacion,8,2004-06-10
Luis Miguel,75,1988-11-25
Alejandro Fernandez,9,2003-05-09
Cristian Castro,58,2016-10-01
Bacilos,69,2006-05-23
Alejandro Sanz,74,1997-08-28
Carlos Rivera,71,2016-02-05
Luis Miguel,77,1987-07-15
Ricardo Arjona,74,2011
Reik,68,2012-06-22
Fonseca,23,2005-01-01
Cristian Castro,65,2002-08-30
Juanes,72,2002-01-01
Luis Miguel,73,1988-11-25
Reik,75,2016-06-17
Pablo Alborán,70,2012
Alejandro Sanz,64,2004-09-23
David Bisbal,7,2002-01-01
Maná,69,2006-05-09
Ricky Martin,68,1998-02-10
Juan Gabriel,72,1990-01-01
Alejandro Sanz,22,1995-05-05
Ricardo Arjona,68,1989-08-01
Laura Pausini,65,2001-10-08
Ricky Martin,67,2006-11-01
Enrique Iglesias,65,2010-01-01
Coti,3,2004-01-01
Shakira,68,1998-09-29
Alejandro Sanz,52,2004-09-23
Sin Bandera,65,2007-11-13
Juanes,51,2005-01-01
Luis Fonsi,68,2008
Alejandra Guzman,48,1990
Camila,65,2015-04-14
Shakira,66,1998-09-29
Nek,58,2004
Luis Fonsi,66,2014-01-01
Ricky Martin,32,2011-02-01
Maná,68,1990-07-02
Fey,43,1995
Jesse & Joy,71,2015-12-04
Pablo Alborán,57,2012
Kabah,8,2005-01-01
Cristian Castro,50,2013-01-01
Camila,71,2010-02-08
Maná,60,1992
Jesse & Joy,61,2006-07-18
Pablo Alborán,65,2014-11-10
Bacilos,69,2002-06-25
Enrique Iglesias,6,1995
Gloria Estefan,53,2000-04-10
David Bisbal,66,2016-01-29
Pablo Alborán,67,2014-11-10
Luis Miguel,61,1988-11-25
Miguel Bosé,3,2013-12-10
Paulina Rubio,52,2013-01-01
Ricardo Arjona,51,2013-01-21
Juanes,67,2002-01-01
Maná,67,2015-04-21
Chayanne,67,2014-08-25
Laura Pausini,60,2001-10-08
Miguel Bosé,57,2013-12-10
Luis Fonsi,62,2014-01-01
Magneto,67,2007-06-22
Jon Secada,62,1992-01-01
Shakira,68,1998-09-29
Cristian Castro,50,2017-02-24
Gloria Estefan,60,1993-06-03
Thalía,61,2014-11-04
Paulina Rubio,44,2013-01-01
Alejandro Fernandez,63,2011-08-16
Manuel Medrano,73,2015-10-30
Maná,72,1997-10-10
Shakira,64,1995-10-06
Alejandra Guzman,66,1991-01-01
Miguel Bosé,55,1999-10-11
Chayanne,54,1990
The Sacados,5,2013-07-05
Shakira,62,1995-10-06
Alejandra Guzman,61,1993
Thalía,61,2012-11-19
Jesse & Joy,70,2011-12-06
Chayanne,48,2002
Juan Gabriel,60,2011
Ricardo Arjona,60,2012-01-23
Carlos Vives,65,2013-04-21
Manuel Medrano,69,2015-10-30
Maná,63,2010-03-16
Luis Miguel,68,1993
Thalía,68,2016-05-06
Beatriz Luengo,59,2011-09-19
Chayanne,50,1992-07-21
Ricardo Arjona,57,2013-01-21
Timbiriche,57,2009-01-01
Thalía,58,1995-01-01
Tommy Torres,57,2008-04-01
Chayanne,58,1990
Reik,64,2016-06-17
Juan Gabriel,4,2016-08-26
Pablo Alborán,78,2019-11-06
Aitana,81,2019-12-17
Yera,75,2019-09-26
KAROL G,98,2019-11-07
Cali Y El Dandee,76,2019-11-08
Mau y Ricky,77,2019-10-11
Jesse & Joy,78,2019-10-04
Beret,71,2019-10-25
TINI,81,2019-10-11
Lali,69,2019-11-08
Beéle,39,2019-08-08
Lasso,72,2019-09-27
Dvicio,73,2019-11-01
Abraham Mateo,78,2019-10-01
Morat,77,2019-12-12
CNCO,75,2019-10-11
Matisse,76,2019-10-25
Morat,77,2019-10-31
Leslie Grace,61,2019-11-08
Juanes,77,2019-11-22
Melendi,67,2019-10-18
Mike Bahía,79,2019-11-15
Danna Paola,69,2019-10-25
Gusi,65,2019-09-27
Antonio José,69,2019-09-26
Maná,72,2019-11-01
Río Roma,64,2019-10-11
Bacilos,61,2019-10-11
Camilo,78,2019-12-20
Haze,67,2019-11-22
Sofia Reyes,67,2019-10-11
CNCO,55,2019-12-04
Beret,74,2019-10-21
Mark Cast,47,2019-10-25
Greeicy,65,2019-11-15
Chucho Rivas,49,2019-11-29
Farina,71,2019-11-22
Gemeliers,52,2019-10-25
Ricky Martin,72,2019-11-12
Lalo Ebratt,46,2019-12-12
Mariah,62,2019-10-18
Manel Navarro,54,2019-10-25
Paloma Mami,75,2019-12-10
Rombai,64,2019-12-03
Alaina Castillo,25,2019-11-15
Isabela Merced,63,2019-10-25
Julia Medina,50,2019-10-17
Kali Uchis,69,2019-12-04
Lele Pons,65,2019-12-06
Cami,60,2019-11-15
DJ Snake,48,2019-06-13
French Montana,82,2019-09-27
Maître Gims,61,2019-07-05
Akon,30,2019-09-06
The Black Eyed Peas,96,2019-10-12
GASHI,63,2019-08-28
IZA,71,2019-11-08
Steve Aoki,35,2020-01-17
Sebastian Yatra,80,2019-06-21
ROSALÍA,87,2019-03-28
Bahjat,62,2019-08-22
Major Lazer,37,2019-06-19
Aya Nakamura,78,2019-10-25
Nicky Jam,82,2020-01-08
Afro B,66,2019-06-25
Shakira,79,2020-01-13
Major Lazer,39,2019-11-15
Anitta,85,2019-11-20
Monsta X,71,2019-12-20
ShiShi,39,2019-12-20
Now United,69,2019-12-20
Faydee,61,2019-10-24
Tyga,70,2019-06-05
Neha Kakkar,60,2019-08-16
Geko,56,2019-07-04
Murda,67,2019-09-20
J Balvin,75,2019-06-28
Zack Knight,57,2019-08-26
ShiShi,35,2019-12-13
Pedro Sampaio,85,2019-11-22
MC Kevin o Chris,76,2019-11-06
Messiah,68,2019-12-06
QARAN,57,2019-12-22
Gradur,78,2019-11-29
Dimelo Flow,90,2019-12-13
Vayu,65,2019-10-17
Mente Fuerte,59,2019-06-14
Elyanna,58,2019-11-15
Dadju,62,2019-11-17
Ali B,52,2019-08-12
Miyo,66,2019-08-12
Imenella,55,2019-11-29
Rocwell S,48,2019-07-19
Maes,77,2019-12-19
Pietro Lombardi,68,2019-12-06
SuperM,75,2019-10-04
Jasmine Sandlas,71,2020-01-04
Burna Boy,66,2019-07-25
MC Ingryd,78,2019-08-20
Fabolous,64,2019-10-04
Summer Cem,48,2019-07-05
Zazo & Gxurmet,34,2019-11-29
Hasibe,66,2019-05-03
End of the World,65,2019-07-26
Sean Tizzle,31,2019-11-22
Badshah,71,2019-12-26
Red Velvet,87,2019-12-23
F1rstman,50,2019-12-06
The Cratez,81,2019-11-15
ASADI,35,2019-11-14
Darkoo,75,2019-11-08
Lynn Hayek,38,2019-12-14
Yash Narvekar,73,2019-12-21
Starboy,59,2019-12-06
tha Supreme,79,2019-11-15
Collie Buddz,56,2019-05-24
Snik,64,2019-10-18
Dadju,60,2019-12-19
Sohail Sen,67,2019-10-07
Zouhair Bahaoui,53,2019-11-10
Balti,46,2019-10-19
Singuila,50,2019-10-11
Murda,68,2020-01-10
Hassan El Shafei,46,2020-01-01
Patron,73,2019-11-13
Amr Diab,47,2019-12-21
DopeNation,39,2019-04-30
GuiltyBeatz,49,2019-12-13
Sachin-Jigar,66,2019-10-18
Baani Sandhu,67,2019-09-12
Younha,74,2020-01-06
Willy Paul,26,2019-11-25
Caza,40,2020-01-16
Oka,43,2019-11-13
Carmon,45,2020-01-16
El Sawareekh,33,2017-12-21
Daichi Miura,54,2019-12-04
Hindia,72,2019-11-29
Naira Marley,57,2019-09-27
Bugzy Malone,51,2020-01-15
ALAWIE,43,2020-01-03
ARASHI,67,2019-11-03
Kuami Eugene,30,2020-01-10
Sauti Sol,47,2019-01-31
Smolasty,54,2020-01-10
Majed Al Esa,37,2019-06-04
iamSHUM,21,2019-12-11
Eddie Khae,16,2020-01-11
Sharlene,57,2020-01-10
TINI,72,2020-01-10
Francisca Valenzuela,53,2020-01-10
Corina Smith,62,2020-01-10
Loco Escrito,49,2020-01-10
Kexxy Pardo,46,2020-01-09
María León,43,2020-01-10
Funambulista,48,2020-01-09
Dani Fernández,43,2020-01-10
Devan,39,2020-01-10
Ricardo Montaner,57,2019-05-24
KURT,55,2019-11-22
Chucho Rivas,44,2019-11-29
David Bisbal,66,2020-01-02
Alkilados,56,2019-12-20
Jay Wheeler,62,2019-11-28
Nanpa Básico,58,2019-11-29
Kim Viera,39,2019-12-06
Pitizion,46,2019-11-29
Emilia,62,2019-12-19
Sofia Carson,52,2019-12-13
Mario Bautista,64,2019-12-06
Sandoval,52,2019-12-13
Denise Rosenthal,55,2019-11-28
Martina La Peligrosa,43,2019-12-12
Ana Guerra,57,2019-12-19
Alex Ubago,51,2019-11-29
Carolina Ross,43,2019-12-13
Daniel Sabaterr,40,2019-07-28
Paulina Rubio,57,2019-12-13
Lola Indigo,62,2019-12-05
Marcos Menchaca,51,2019-12-13
Salo,39,2019-12-13
Pol Granch,59,2019-12-04
Pasabordo,45,2020-01-03
Periko & Jessi Leon,55,2019-12-22
Dalex,55,2019-12-18
Abel Pintos,57,2019-12-23
Ale Aguirre,37,2019-12-27
Alejandro Gonzalez,54,2019-03-22
Pasabordo,37,2019-12-20
Princesa Alba,62,2020-01-03
Valeria Castro,40,2020-01-02
India Martinez,48,2019-12-27
Giselle Torres,36,2020-01-03
Despistaos,55,2019-12-27
Soraya,43,2019-12-27
Juan Ingaramo,49,2019-12-25
Sasha Sokol,42,2019-12-21
Rauw Alejandro,92,2019-08-29
MV5,20,2019-11-15
Jey Blessing,70,2019-11-07
N'Klabe,45,2019-12-20
Rauw Alejandro,72,2019-11-20
Ozuna,85,2019-11-29
DJ Luian,78,2019-12-04
Dalex,91,2019-11-01
Eix,70,2019-12-20
Becky G,79,2019-10-18
Justin Quiles,86,2019-09-06
Anuel AA,93,2019-07-19
Danny Ocean,75,2019-10-25
Daddy Yankee,90,2019-10-18
Ozuna,75,2019-11-29
Dalex,87,2019-11-22
Eix,46,2019-12-05
J Balvin,91,2019-06-28
Lunay,89,2019-10-25
Nicky Jam,46,2019-10-29
Mariah,72,2019-06-14
Natti Natasha,80,2019-10-04
Maluma,85,2019-09-27
Sech,88,2019-09-26
Maluma,82,2019-05-17
Reik,88,2019-08-23
Luis Fonsi,75,2019-04-24
ROSALÍA,88,2019-08-15
Piso 21,74,2019-08-09
Sech,86,2019-07-26
Tainy,90,2019-08-22
Manuel Turizo,76,2019-08-23
J Balvin,86,2019-06-28
Reik,79,2019-05-31
Camilo,88,2019-08-09
Maluma,86,2019-05-17
Lunay,85,2019-05-10
Nicky Jam,58,2019-08-02
Mau y Ricky,82,2019-07-17
Ozuna,73,2019-07-11
Daddy Yankee,87,2019-01-24
Nicky Jam,58,2019-03-22
Maluma,23,2019-03-01
Sebastian Yatra,78,2019-01-18
Pedro Capó,86,2018-10-05
DJ Luian,83,2019-03-28
Natti Natasha,70,2019-05-01
CNCO,69,2019-02-15
Pitbull,76,2019-04-26
Prince Royce,75,2019-06-07
Daddy Yankee,80,2019-06-28
Dalex,83,2019-05-10
Mau y Ricky,71,2019-05-03
Sebastian Yatra,74,2019-03-22
Dimitri Vegas & Like Mike,81,2019-07-05
Darell,80,2019-07-12
Ozuna,59,2019-06-04
Yandel,73,2019-05-24
Becky G,73,2019-04-19
Ozuna,80,2019-04-25
KAROL G,78,2019-05-03
Becky G,76,2019-07-10
CNCO,53,2019-06-24
Wisin & Yandel,80,2018-12-14
Reykon,74,2019-05-31
Piso 21,79,2019-07-05
Rauw Alejandro,71,2019-07-08
Ozuna,64,2019-06-06
Paulo Londra,77,2019-05-23
Greeicy,71,2019-03-15
Camilo,78,2019-03-29
Myke Towers,84,2019-08-02
TINI,74,2019-05-03
Dalex,18,2019-02-07
Anuel AA,82,2019-01-15
Zion & Lennox,72,2019-05-17
Sean Paul,79,2019-03-14
Mau y Ricky,79,2018-10-12
Daddy Yankee,77,2018-11-09
Lunay,17,2018-12-07
J Balvin,77,2018-11-17
Jesse & Joy,74,2019-04-12
Sofia Reyes,76,2019-03-15
Bad Bunny,90,2019-05-31
Danny Ocean,9,2019-02-15
benny blanco,79,2019-02-28
ChocQuibTown,74,2019-02-01
Buxxi,2,2011-10-31
Carlos Vives,57,2013-04-21
Carlos Vives,52,2013-04-21
Fanny Lu,1,2006
Fonseca,6,2006-01-01
Fonseca,60,2008-01-01
Fuego,1,2011-11-02
Tony Dize,0,2010-09-20
Carlos Baute,61,2008-11-18
Sie7e,36,2011-08-02
R.K.M & Ken-Y,56,2008-01-01
Chino & Nacho,66,2010-01-01
Alkilados,0,2014-10-07
Mike Bahía,3,2014-01-22
Yámana,46,2003-12-02
Bacilos,56,2006-05-23
Joey Montana,54,2010-01-01
Fonseca,2,2005-01-01
Bacilos,55,2006-05-23
ChiChi Peralta,12,1997-07-01
Jorge Villamizar,54,2012-05-18
Wisin,59,2015-09-04
Villamizar,46,2014-04-15
Victor Muñoz,49,2009
Tony Dize,49,2013-10-25
Josue Diaz,38,2014-12-16
Donny Caballero,44,2014-01-20
Vela,38,2011-07-11
Juan Magán,1,2009-01-01
Angel Y Khriz,18,2009-01-01
Ale Mendoza,0,2013-02-18
J-King y Maximan,0,2010-01-01
Donny Caballero,34,2016-03-25
Victor Muñoz,41,2009
Pasabordo,0,2015-06-29
Fanny Lu,23,2009-01-01
Fanny Lu,57,2009-01-01
Bonka,0,2006-01-01
Sonny & Vaech,0,2014-04-12
Chino & Nacho,0,2015-05-05
Joey Montana,0,2014-07-22
Cali Y El Dandee,70,2015-09-24
Joey Montana,48,2013-01-01
Chino & Nacho,51,2011-01-01
Dragon & Caballero,41,2009
Fainal,48,2010-05-18
Erre XI,56,2008-01-01
Lil Silvio & El Vega,56,2017-01-30
Silvestre Dangond,48,2016-10-21
Danny Ocean,11,2016-09-16
Cali Y El Dandee,44,2014-08-12
Jory Boy,49,2014-06-16
Any Victoria,16,2013-12-10
Dragon & Caballero,40,2013-09-16
Marielle Hazlo,0,2015-06-18
Nacho,5,2017-04-14
Gusi & Beto,32,2011-11-14
Altafulla,0,2014-03-11
Tony Dize,33,2014-10-25
Fanny Lu,32,2012-01-01
Yotuel,40,2013-09-10
Victor Muñoz,38,2009
Los Cadillac's,48,2015-01-23
Joey Montana,45,2010-01-01
Oscarcito,39,2015-02-03
Tony Dize,0,2015-04-28
Efecto Pasillo,1,2013-11-05
Luis Fonsi,69,2017-11-17
Manuel Turizo,60,2017-08-04
Alejandro Fernandez,70,2017-01-13
Donny Caballero,44,2017-02-10
Carlos Vives,76,2017-11-10
Sanluis,0,2015-10-21
Manuel Turizo,69,2017-12-07
Greeicy,71,2017-11-03
Confidentes,0,2016-09-30
Andy Rivera,0,2017-08-25
Silvestre Dangond,68,2017-09-15
Cruz,37,2017-08-02
Joey Montana,9,2017-09-01
Carlos Vives,4,2017-01-23
Alex Sensation,7,2017-08-04
El Nene la Amenazzy,0,2016-06-24
Río Roma,9,2016-02-26
Xantos,56,2015-10-21
Dragon & Caballero,52,2009
Raes,41,2017-01-12
Ezio Oliva,55,2017-07-25
Carlos Vives,53,2016-08-09
Carlos Baute,49,2017-06-16
Alkilados,4,2015-08-25
Jesús & Yorky,0,2016-10-31
Jota Y Leo,0,2015-05-24
Cali Y El Dandee,6,2017-01-20
Juan Magán,2,2017-03-24
CNCO,59,2016-08-26
Dragon & Caballero,33,2012
Carlos Vives,57,2015-02-24
Gloria Estefan,60,1990-09-25
Gloria Estefan,44,1989-07-11
Gloria Estefan,55,1993-06-03
Gloria Estefan,51,1993
Gloria Estefan,47,1987-06-09
Gloria Estefan,52,1989-07-06
Gloria Estefan,45,1998-04-20
Gloria Estefan,40,1990-09-16
Gloria Estefan,45,1985
Gloria Estefan,45,1993-06-03
Gloria Estefan,33,1991-01-23
Gloria Estefan,39,1990-09-16
Gloria Estefan,40,1985
Gloria Estefan,44,1995-08-03
Gloria Estefan,48,1993-06-03
Gloria Estefan,51,2011-01-01
Gloria Estefan,1,1987
Gloria Estefan,36,1984
*NSYNC,43,2005-10-25
Gloria Estefan,40,1993-06-03
Gloria Estefan,42,1994-10-14
Gloria Estefan,39,2009-11-16
Gloria Estefan,37,1984
Gloria Estefan,43,1989-07-06
Gloria Estefan,37,1993-06-03
Gloria Estefan,36,2000-04-10
Gloria Estefan,45,1996-05-08
Paul Anka,44,2013-04-05
Gloria Estefan,31,2007-08-06
Gloria Estefan,0,2017-01-13
Gloria Estefan,41,1989-07-06
Gloria Estefan,34,1985
Gloria Estefan,31,2007-08-06
Gloria Estefan,33,1990-09-25
ITA - CACHAO,37,1995-08-03
Gloria Estefan,38,1989
Gloria Estefan,29,2007-08-06
Gloria Estefan,31,2000-04-10
Gloria Estefan,34,2003-08-27
Gloria Estefan,34,1994-10-14
Gloria Estefan,29,2007-08-06
Gloria Estefan,35,1990-09-25
Gloria Estefan,33,1994
Gloria Estefan,0,2017-01-13
Bacilos,68,2001-04-24
Carlos Vives,57,2001-01-01
Enghel,32,2013-05-15
RD Maravilla,0,2015-04-28
Bonka,21,2015-07-07
Mane de la Parra,0,2013-01-30
Efecto Pasillo,0,2012-05-30
Kumbia Kings,41,2008-01-01
A.B. Quintanilla III Y Los Kumbia Kings,47,2007-01-01
A.B. Quintanilla III Y Los Kumbia Kings,50,2006-01-01
Chino & Nacho,0,2009-01-01
Reik,63,2007-06-29
Reik,70,2007-06-29
Guille El Invencible,0,2010-11-01
Chino & Nacho,2,2010-01-01
Chino & Nacho,0,2010-01-01
Chino & Nacho,0,2010-01-01
Dragon & Caballero,53,2009
Dragon & Caballero,32,2012
Dragon & Caballero,27,2012
Dragon & Caballero,20,2012
Bonka,26,2015-07-07
Jerau,0,2012
Jerau,0,2012
Lucas Arnau,6,2004-06-22
Jorge Villamizar,42,2015-01-27
Victor Muñoz,46,2011-07-25
Ferdy,0,2009
El Simbolo,32,2007-11-11
Erre XI,0,2012-01-01
Jarabe De Palo,40,2003-03-28
Juanes,0,2003-01-01
Los Rabanes,45,2000-04-06
Manu Chao,10,2001-06-01
Jerau,0,2012
Jerau,0,2012
Iskander,44,2015-07-31
Pasabordo,0,2012-09-15
El Combo Loco,41,2015-01-09
El Combo Loco,48,2015-01-09
Fonseca,45,2011
Icarus,39,2011-03-17
Divino,35,2010-05-11
Gian Marco,56,1998-09-03
ChiChi Peralta,6,1997-07-01
Pasabordo,0,2013-04-30
Pasabordo,0,2012-09-15
Bacanos,0,2013-05-29
Made famous by Tito el Bambino,8,2010-12-30
Angel Y Khriz,0,2010-01-01
Fanny Lu,33,2012-01-01
Río Roma,0,2014-07-22
Afrodisiaco,0,2015-03-13
Afrodisiaco,0,2015-03-13
18 Kilates,0,2010-12-01
Rocko y Blasty,0,2015-06-02
Julieta Venegas,0,2006-05-25
Julieta Venegas,69,2003-11-18
Julieta Venegas,66,2003-11-18
Julieta Venegas,34,2007-10-08
Natalia Lafourcade,63,2002-07-05
Pasabordo,0,2008-05-16
La Quinta Estacion,62,2006-08-15
Golpe a Golpe,0,2010
Gusi & Beto,44,2009-05-21
Danilo Parra,9,2014-10-20
Danilo Parra,18,2014-10-20
Danilo Parra,6,2014-10-20
Gondwana,0,2005
Mike Bahía,0,2014-10-06
Bruno Mars,72,2010-10-05
Aleks Syntek,42,2009-01-01
Miranda!,0,2008
Elefante,66,2002-08-30
Gloria Trevi,0,2007
Fanny Lu,0,2008-01-01
Lily Allen,63,2009-01-26
Thalía,54,2000-01-01
Megastylez,25,2010-08-20
Elefante,54,2002-08-30
Rafaga,0,2000
Víctor Manuelle,40,2012
Carlos Vives,58,1995
Carlos Vives,60,1995
Fonseca,49,2015-06-02
Maroon 5,18,2004
Swedish House Mafia,58,2012-09-14
Maroon 5,51,2010
Passenger,63,2012-11-05
John Mayer,74,2008
Coldplay,52,2012-06-01
Howie Day,69,2003-11-04
Maroon 5,10,2004
WALK THE MOON,63,2015-09-04
John Mayer,72,2014-05-27
Daniel Powter,55,2005-08-16
Ed Sheeran,50,2011-06-10
James Blunt,56,2007-09-17
Maroon 5,2,2004
Jason Mraz,57,2014-09-16
3 Doors Down,11,2005
Echosmith,52,2015-02-24
The Fray,49,2007-11-13
The Fray,53,2005-10-07
Foo Fighters,69,2009-11-03
Thirty Seconds To Mars,0,2011-08-19
No Doubt,5,2002-01-01
Imagine Dragons,1,2015-04-20
Imagine Dragons,52,2013-01-01
Charlie Puth,32,2016-03-11
Jimmy Eat World,0,2001
Bryan Adams,8,1997-01-01
Paramore,47,2007-06-11
Bryan Adams,10,1997-01-01
One Direction,56,2015-10-22
Imagine Dragons,46,2013-01-01
Yellowcard,44,2013-08-13
Alanis Morissette,47,2005-05-24
Counting Crows,10,1998-01-01
Thirty Seconds To Mars,0,2007-03-13
Green Day,75,1997-10-14
Simple Plan,45,2004-10-26
KISS,0,1996-01-01
Incubus,8,1999
Paramore,50,2009-09-04
Jet,52,2009-08-25
Thirty Seconds To Mars,0,2007-03-13
Daughtry,34,2006
Seether,43,2006-01-01
Imagine Dragons,39,2013-01-01
Simple Plan,23,2004-12-14
Aerosmith,25,2005
Imagine Dragons,40,2015-05-04
Imagine Dragons,44,2015-04-20
Thirty Seconds To Mars,0,2011-08-19
Nelly Furtado,2,2008-01-01
Mumford & Sons,0,2013-01-01
Vance Joy,31,2014-11-10
Bastille,38,2014-09-07
The Kooks,31,2006-01-30
Mumford & Sons,0,2013-01-01
The All-American Rejects,23,2006-01-01
Kansas,33,2008-07-01
Simple Plan,28,2007-12-24
Pharrell Williams,18,2014-07-21
Thirty Seconds To Mars,28,2007-01-01
Jack Johnson,63,2007-06-11
All Time Low,35,2008-07-29
Foster The People,29,2014-04-15
Thirty Seconds To Mars,43,2009
Creed,40,2015-01-01
All Time Low,39,2008-07-29
Ed Sheeran,84,2014-06-21
Jack Johnson,75,2005-01-01
Ed Sheeran,83,2014-06-21
Jack Johnson,71,2005-01-01
The Kooks,28,2006-01-30
Coldplay,54,2014-11-21
Coldplay,54,2014-11-21
The Kooks,33,2006-01-30
Slash,59,2014-09-01
Saving Abel,44,2008-01-01
Jason Mraz,45,2014-09-16
John Legend,57,2013-11-22
fun.,44,2015-07-17
Owl City,29,2012-01-01
Owl City,0,2012-01-01
John Mayer,45,2006-12-12
Carlos Vives,51,2014-12-02
Jarabe De Palo,27,2006-06-23
Incubus,2,1999
Hoobastank,0,2006-01-01
Juanes,0,2012-01-01
Juanes,0,2012-01-01
Ricky Martin,46,2006-11-01
Carlos Vives,38,2014-12-02
Camila,43,2006
Juanes,0,2012-01-01
Maná,53,1999-05-14
Juanes,0,2012-01-01
Shakira,53,2000-02-29
La Ley,65,2001-08-28
Juanes,0,2012-01-01
Juanes,39,2012-01-01
Franco Masini,41,2019-11-29
Beret,68,2019-05-16
Las Villa,54,2019-10-04
Franco Masini,36,2019-09-06
Vanesa Martín,59,2019-10-25
Jorge Drexler,38,2019-11-15
V-One,34,2019-10-04
Alex Ubago,57,2019-08-02
Llane,68,2019-10-18
Andrés Calamaro,48,2019-10-18
Paula Cendejas,44,2019-07-26
Beto Cuevas,35,2019-10-11
Ed Sheeran,59,2019-07-11
Manuel Medrano,69,2019-08-09
Pilar Pascual,62,2019-02-22
LAGOS,38,2019-07-19
Tommy Torres,54,2019-06-07
Vanesa Martín,58,2018-11-16
Mike Bahía,70,2019-05-10
Paulo Londra,68,2019-05-14
Cruz,61,2019-06-28
Maná,72,2019-04-12
Paulo Londra,78,2019-04-03
#TocoParaVos,43,2019-08-23
Vanesa Martín,56,2019-05-08
Anitta,58,2019-04-05
Nil Moliner,54,2019-02-01
V-One,29,2019-03-22
Beret,67,2019-04-26
Efecto Pasillo,61,2019-01-11
Bebe,59,2004
Ximena Sariñana,54,2018-08-10
Danny Ocean,74,2019-03-22
Amigos Raros,43,2018-04-20
Danny Ocean,70,2017-12-08
Beto Cuevas,53,2019-07-05
Pablo Alborán,55,2017-09-08
Piso 21,64,2018-05-11
Nek,34,2019-07-05
Alok,45,2018-05-25
Jesse & Joy,71,2017-08-18
Efecto Pasillo,41,2017-05-26
Jorge Drexler,28,2017-08-04
Jorge Drexler,65,2001-01-01
Julia Zenko,15,2019-12-20
Las Villa,35,2020-01-17
Juan Pablo Vega,41,2020-01-17
Bunbury,51,2020-01-15
KV$HKEY,34,2019-07-12
!deladap,38,2019-11-22
Glenn Gatsby,38,2019-11-22
Tae-EM,36,2019-06-21
Cincere,24,2019-10-24
Maniaxo,35,2019-08-27
Gliffo,40,2019-11-08
Ontayd'artist,26,2019-11-17
Tiacca,34,2019-11-18
Bloodshot216,36,2019-09-17
Cannaboy,27,2019-08-05
ODILLIA,35,2019-11-01
J. Lewis,42,2019-11-08
Aruhtra,35,2019-11-15
Mari Louis,34,2019-07-27
Eazy2Cool,28,2019-08-24
Krazyp,24,2019-11-11
Michael Shynes,39,2019-11-15
Cole.45,35,2019-11-14
Marshall Milano,30,2019-11-15
The Rose Monarch,25,2019-11-15
Luis Fonsi,62,2019-02-01
Sebastian Yatra,74,2019-04-12
Luis Fonsi,79,2019-02-01
KAROL G,75,2018-11-02
Sebastian Yatra,76,2018-05-18
Luis Fonsi,68,2019-02-01
Joey Montana,65,2017-09-01
Reik,19,2018-08-31
Maluma,76,2018-05-18
Maluma,74,2018-05-18
Maluma,70,2018-05-18
Nicky Jam,72,2017-01-20
David Bisbal,71,2018-03-16
Becky G,78,2018-04-20
Becky G,43,2017-07-14
Luis Fonsi,75,2019-02-01
Piso 21,72,2018-05-11
Shakira,71,2017-05-26
Reik,77,2019-05-31
Daddy Yankee,76,2018-01-18
CNCO,71,2018-04-06
Thalía,75,2018-11-09
Nicky Jam,52,2018-03-02
Luis Fonsi,64,2019-02-01
Regard,94,2019-07-26
Arizona Zervas,71,2019-10-10
Future,93,2020-01-10
Harry Styles,91,2019-12-06
Roddy Ricch,98,2019-12-06
Doja Cat,88,2019-11-07
BROCKHAMPTON,88,2019-08-23
Mac Miller,87,2020-01-09
Camila Cabello,94,2019-12-06
The Black Eyed Peas,35,2020-01-17
Harry Styles,90,2019-11-17
Justin Bieber,95,2020-01-03
The Weeknd,98,2019-11-29
Maroon 5,98,2019-09-20
Selena Gomez,88,2020-01-10
Travis Scott,89,2019-12-27
Dua Lipa,97,2019-10-31
Tones and I,92,2019-08-29
Megan Thee Stallion,77,2020-01-10
Trevor Daniel,97,2018-10-05
Khalid,83,2020-01-09
Halsey,86,2020-01-10
Alicia Keys,73,2020-01-09
Khalid,87,2019-11-14
Billie Eilish,97,2019-11-13
Selena Gomez,93,2019-10-23
Alan Walker,85,2019-12-27
Doja Cat,85,2018-03-30
Harry Styles,74,2019-10-11
French Montana,75,2019-12-06
Usher,73,2019-12-13
Travis Scott,94,2019-10-04
Lewis Capaldi,90,2019-11-19
KAYTRANADA,67,2019-12-13
JP Saxe,88,2019-10-17
Post Malone,98,2019-09-06
Ant Saunders,62,2019-06-18
Shawn Mendes,93,2019-06-21
Tyga,91,2019-11-13
Lewis Capaldi,94,2019-05-17
Lil Nas X,90,2019-06-21
BTS,83,2019-10-18
The Chainsmokers,62,2019-07-24
blackbear,94,2019-08-23
Khalid,81,2018-10-18
Y2K,91,2019-06-28
Ed Sheeran,91,2019-07-12
Miley Cyrus,81,2019-08-16
Camila Cabello,87,2019-09-04
Lil Nas X,84,2019-06-21
Halsey,87,2019-09-13
Khalid,75,2019-04-05
Travis Scott,87,2018-08-03
The Chainsmokers,67,2019-07-24
Chris Brown,71,2019-06-25
Khalid,82,2019-04-05
Selena Gomez,86,2019-10-24
Chris Brown,85,2019-06-28
Kygo,81,2018-10-26
Kygo,87,2019-06-28
Noah Cyrus,88,2019-07-31
Marshmello,85,2019-06-21
Ruel,74,2019-04-30
The Chainsmokers,85,2016-07-29
Sam Smith,91,2019-07-19
Post Malone,90,2019-09-06
Zara Larsson,74,2019-06-21
Dennis Lloyd,74,2019-02-15
Dominic Fike,86,2018-10-16
Ed Sheeran,90,2019-05-10
Silk City,81,2018-09-06
Riton,86,2019-09-13
Drake,88,2019-06-15
Sia,75,2019-04-12
Jonas Brothers,86,2019-06-07
Normani,83,2019-08-16
SAINt JHN,72,2019-09-13
MEDUZA,88,2019-02-01
King Princess,79,2018-02-23
Post Malone,88,2018-12-14
Ed Sheeran,89,2019-06-28
Mark Ronson,79,2018-11-30
Young Thug,86,2019-11-01
Kina,85,2018-08-31
Khalid,70,2019-04-05
"Tyler, The Creator",84,2019-05-17
Billie Eilish,83,2019-07-11
Ariana Grande,87,2019-02-08
Maren Morris,76,2019-10-04
Mabel,85,2019-01-18
Sam Fischer,76,2019-12-13
DJ Khaled,71,2019-05-17
Shawn Mendes,84,2019-05-03
Rick Ross,69,2019-07-26
Starjack,45,2018-12-10
Jaycen A'mour,38,2019-01-11
Jenil,36,2019-04-26
Jenil,34,2019-08-30
Chriilz,33,2019-06-21
The Outset,4,2020-01-17
Able Faces,7,2020-01-17
Djumpers,7,2020-01-10
Tommy Mc,16,2020-01-10
Catlea,41,2019-11-15
Catlea,35,2019-06-05
Roderic H,33,2020-01-10
Mama Cleo,27,2019-05-23
Tess Posner,37,2020-01-10
The Kemist,34,2019-12-06
ALESSIA RAISI,35,2019-11-01
Saavan,33,2019-11-15
Cabela and Schmitt,37,2017-04-28
Solarrio,43,2019-11-20
Indika,37,2019-12-06
Nice Cut,23,2019-02-18
ØZWALD,38,2019-11-15
Erwin de Ruiter,31,2017-09-28
Burningfields,27,2019-10-25
RYOKER,35,2019-12-06
Mizbee,34,2019-12-13
Carly and Martina,45,2019-12-13
Royse,44,2019-11-01
Royse,38,2018-11-09
Royse,38,2019-05-10
Julian Kerins,41,2017-11-13
Nelson Leeroy,22,2020-01-10
Luke Helmond,42,2019-12-13
Cabela and Schmitt,44,2019-12-28
Løyd,30,2019-10-25
Steve Medea,41,2019-10-12
Royse,38,2019-08-16
RoSaWay,23,2019-11-15
Alex Zind,52,2019-12-20
Pat Michaels,33,2019-10-18
Kenza Blanka,29,2020-01-04
Tolento Jones,33,2019-07-26
L E O,15,2019-05-19
Eclectic Sound,6,2020-01-15
Mynox,25,2019-12-27
Cranberry Dolphin,26,2019-12-25
Orrin,29,2019-05-16
Derrick Ryan,30,2019-12-27
Chris Espo,34,2019-12-31
Fee Gonzales,29,2019-12-25
Betty Moon,21,2019-07-10
Sôra,28,2019-03-29
DJ Eggs,18,2019-02-08
E Z R A,25,2019-12-27
Løyd,34,2019-10-25
Guaraná,45,2001-02-05
Chili Fernandez,0,2004-05-19
Jimmy Bad Boy,33,2016-08-25
Carlos Baute,60,2005-06-07
Andy Aguilera,36,2016-08-04
Jay y el Punto,20,2008-06-16
Gian Marco,53,2004-07-19
Erika Ender,40,2007-07-03
Diego Torres,47,2008-07-15
Fonseca,36,2013-11-05
Cabas,48,2008-05-06
Calle Ciega,46,2005
Nicky Jam,74,2017-01-20
Gente De Zona,73,2016-04-22
Carlos Vives,73,2017-11-10
Danny Ocean,77,2017-06-16
J Balvin,70,2016-06-24
Daddy Yankee,71,2012-01-01
Romeo Santos,76,2014-02-25
Wisin,76,2017-12-01
Marc Anthony,75,2013-07-23
Enrique Iglesias,68,2014-01-01
Maluma,72,2015-10-30
Nicky Jam,68,2014-09-09
Don Omar,75,2010-01-01
Zion & Lennox,74,2016-09-30
Chino & Nacho,72,2016-02-19
Nicky Jam,71,2017-01-20
Enrique Iglesias,72,2016-04-18
J Balvin,70,2013-09-29
Sebastian Yatra,72,2018-05-18
Daddy Yankee,65,2015-03-12
Shakira,76,2017-05-26
Prince Royce,70,2013-10-08
IAmChino,6,2016-02-22
Enrique Iglesias,74,2017-02-24
J Balvin,69,2014-09-16
Wisin,68,2017-12-01
Maluma,65,2015-10-30
Shakira,70,2017-05-26
Daddy Yankee,68,2016-04-08
Manuel Turizo,73,2017-04-10
Gente De Zona,62,2016-04-22
Ricky Martin,69,2015-02-10
Natti Natasha,77,2017-09-01
Wisin,64,2014-03-18
Nacho,63,2018-05-11
Don Omar,65,2016-11-11
Ozuna,72,2017-08-25
Plan B,1,2014-09-09
Wisin & Yandel,69,2012-01-01
Prince Royce,69,2017-02-24
Alexis y Fido,61,2018-01-12
Calle 13,73,2005
Don Omar,57,2012-01-01
Juan Magán,56,2012-05-14
Farruko,63,2016-02-22
Jacob Forever,57,2016-07-15
Gente De Zona,4,2016-04-22
Don Omar,58,2015-06-16
Ozuna,71,2017-08-25
Chayanne,66,2014-08-25
Wisin & Yandel,69,2005-01-01
Zion & Lennox,55,2016-09-30
Zion,3,2012-08-20
Wisin & Yandel,66,2007-01-01
Wisin & Yandel,68,2005-01-01
Chino & Nacho,51,2015-05-05
Elvis Crespo,50,2015
Ñejo & Dalmata,68,2007-01-01
J Alvarez,40,2014-02-18
Mach & Daddy,67,2005-01-01
Plan B,0,2014-09-09
Justin Quiles,62,2017-03-10
Cosculluela,65,2010-01-01
Baby Rasta & Gringo,53,2015-08-21
Arcangel,0,2015-12-11
J-King y Maximan,54,2010-01-01
Ivy Queen,49,2006-11-14
R.K.M & Ken-Y,63,2016-11-04
Tego Calderon,71,2003-07-01
Tego Calderon,61,2009-11-10
Tony Dize,62,2006-01-01
R.K.M & Ken-Y,62,2016-11-04
Omega,20,2010
Randy,61,2013-07-09
Casa De Leones,61,2007-06-12
Jowell & Randy,53,2010-01-01
R.K.M & Ken-Y,63,2016-11-04
Ñejo & Dalmata,48,2007-01-01
Angel Y Khriz,68,2008
Aventura,74,2005-04-26
Zion & Lennox,66,2004-05-04
"Héctor ""El Father""",65,2006-01-01
Wisin & Yandel,64,2007-01-01
El Gran Combo De Puerto Rico,55,1979
El Gran Combo De Puerto Rico,55,1982
El Gran Combo De Puerto Rico,59,2001
El Gran Combo De Puerto Rico,48,2010-03-30
Marc Anthony,71,2018-09-28
Maluma,74,2018-08-10
Víctor Manuelle,54,2018-03-23
J Balvin,88,2019-11-15
Camilo,77,2019-10-15
Danna Paola,81,2019-08-29
Dimitri Vegas & Like Mike,74,2019-11-29
Kyngs,36,2018-01-16
Los Angeles Azules,63,2019-06-14
Ghetto Kids,79,2019-06-20
Jennifer Lopez,68,2019-10-11
Emir Pabón,50,2019-11-29
Ivy Queen,50,2019-10-25
Piso 21,86,2019-09-06
Danny Ocean,77,2019-03-22
Juanes,78,2019-09-06
Los Auténticos Decadentes,74,2018-10-05
Don Patricio,79,2019-01-27
María José,64,2019-05-10
Dayvi,83,2018-12-28
Said P.,43,2019-10-11
Mon Laferte,62,2018-11-09
Matisse,74,2019-04-05
María José,65,2019-06-07
Ed Maverick,78,2018-03-02
Kalimba,45,2019-07-19
Chucho Flash,39,2019-06-28
Natalia Jiménez,54,2019-08-09
Emilio,54,2019-06-21
Mon Laferte,56,2019-08-04
David Bisbal,62,2019-08-29
Jesse & Joy,73,2018-11-23
Gloria Trevi,50,2019-05-31
Mon Laferte,54,2019-07-05
Los Angeles Azules,69,2018-06-08
Gloria Trevi,59,2019-05-03
Percance,28,2017-09-08
María José,51,2019-01-25
Noel Schajris,54,2018-11-30
Alejandro Sanz,73,2019-03-28
Magneto,43,2019-03-29
Dulce López,8,2019-03-08
Yuridia,54,2017-11-24
Monsieur Periné,48,2018-05-18
Gloria Trevi,54,2019-01-18
Carlos Rivera,68,2018-09-07
Ximena Sariñana,60,2018-11-09
Ventino,57,2019-02-08
Mon Laferte,54,2018-09-07
KURT,49,2018-12-10
Paty Cantú,63,2018-10-19
Ventino,55,2018-08-17
Chucho Rivas,56,2019-02-08
Camila,8,2019-01-25
Luis Fonsi,66,2019-01-23
Ximena Sariñana,36,2019-01-18
Yahir,33,2019-01-25
ROSALÍA,73,2018-11-02
Río Roma,65,2019-02-08
Alejandro Sanz,59,2019-02-07
Carlos Baute,19,2019-02-08
Motel,2,2019-01-25
Leonel García,1,2018-09-21
Juanes,68,2019-01-11
Los Angeles Azules,58,2018-04-20
KURT,43,2019-01-25
Lucah,54,2019-02-08
Laura Pausini,62,2018-03-16
Chucho Rivas,18,2018-07-27
Ana Torroja,48,2019-02-15
Jorge Blanco,26,2019-02-14
Ximena Sariñana,63,2019-03-01
Gloria Trevi,47,2019-03-01
Kany Garcia,6,2019-03-01
Roco,20,2019-02-22
Mando,17,2019-02-22
Bomba Estéreo,50,2019-03-29
Maria Daniela Y Su Sonido Lasser,44,2019-03-29
Mon Laferte,58,2019-09-04
Adexe & Nau,51,2017-05-05
Elsa y Elmar,60,2019-05-17
Elsa y Elmar,54,2019-05-17
Jhay Cortez,84,2019-05-17
Juan Luis Guerra 4.40,49,2019-04-26
Marc Anthony,9,2019-04-19
PeeWee,39,2019-04-11
Carlos Baute,37,2019-05-03
Rubén Blades,27,2019-05-03
Leslie Shaw,59,2019-03-08
Gian Marco,57,2019-05-03
Carlos Vives,61,2019-03-01
Jósean Log,56,2019-04-23
Reik,8,2019-03-20
Lérica,61,2019-01-17
Fanny Lu,45,2019-05-17
Juan Luis Guerra 4.40,28,2019-05-10
Juan Magán,50,2019-05-09
Elvis Crespo,38,2019-05-10
Molina Molina,20,2019-05-17
Madonna,43,2019-05-09
Gente De Zona,64,2019-05-24
Fonseca,65,2018-11-09
Marc Anthony,68,2019-05-10
Nacho,50,2019-08-09
Karibe Orquesta,52,2018-08-12
Piso 21,83,2018-12-14
Residente,77,2019-07-26
Alejandro Gonzalez,59,2019-09-06
Shawn Mendes,88,2019-06-19
IAmChino,59,2016-02-22
Farruko,63,2019-04-26
TINI,71,2018-10-12
Farruko,76,2019-04-26
"Tito ""El Bambino""",65,2019-05-31
Lali,50,2018-08-10
Gusttavo Lima,64,2019-10-04
Nahuel Pennisi,46,2019-10-18
Profetas,22,2019-10-18
Izone,36,2019-10-18
Benjamín Amadeo,58,2019-10-03
Rombai,64,2019-08-23
Alex Rose,76,2019-11-08
Maffio,77,2019-03-29
Afrodisiaco,25,2019-11-22
Pitbull,47,2018-07-06
Felibena,4,2020-01-17
WVLNGTH,7,2020-01-17
HARRI BEST,6,2018-10-09
Melleefresh,24,2019-10-04
Rewind,23,2020-01-14
Chris2pher,35,2019-12-20
TRUTHR,28,2019-12-20
NEEVE,27,2019-10-18
ENCR,28,2019-12-31
Mija,49,2019-12-20
Bigg Rich,33,2015-06-01
Elias Ahmad,35,2019-11-29
Cheeky El Exotico,29,2019-10-15
The Swinghoppers,44,2020-01-03
Jack Rose,46,2019-12-20
Wayne Brady,40,2019-12-18
Kai the Kid,34,2019-09-13
Olivia Creutzer,40,2019-04-19
Xcellence!,35,2019-09-26
Vox Eagle,37,2019-12-16
Antoine Villoutreix,36,2019-12-23
Modhayan,38,2019-08-25
Lkhn,31,2019-12-18
Aiwass,40,2019-12-20
DINKS,32,2019-12-20
Emma Clair,34,2019-12-20
Andrezia,38,2019-12-19
Mr Lock,37,2019-10-18
Nick Marcus,34,2019-08-30
Catdra Catthien,38,2019-12-19
Teresa Jae,32,2019-12-18
Sir Foster,43,2019-09-06
Rachel Mason,41,2019-04-24
Oz,26,2019-10-18
Wett Brain,43,2019-12-14
Burning Fierce,36,2017-05-08
Marco Maggiore,32,2014-01-20
Ley,37,2019-10-05
Ed Sheeran,84,2019-07-12
Werner Mill,42,2018-05-18
Parachute,52,2016-11-18
X-Change,45,2019-10-31
AW,42,2019-10-03
Jade Key,38,2019-12-06
Duchess,36,2019-12-13
Wolfgang Lohr,40,2019-12-13
DJ Eddie F,37,2019-11-25
Ekat Bork,48,2019-10-18
Road Kahan,41,2019-12-12
Rewind,38,2019-10-13
MOE KI,25,2019-12-09
Marcus Muscogee,24,2019-10-18
Thelin,28,2019-12-08
James Patricio,23,2019-10-29
Monterosso,33,2019-11-22
CHRYS THOMPSON,30,2019-10-31
PayAttention,40,2019-12-06
PayAttention,47,2019-06-14
Irajá,39,2019-11-07
Salah,31,2018-04-06
James Bakian,28,2019-11-29
Prince Kane,30,2019-11-27
Tight Rhymes,41,2019-11-22
PLANKGAS,36,2019-11-19
Tight Rhymes,41,2019-11-12
Byron Keno,34,2019-11-14
Andrea Consoli,42,2019-11-15
Funky XV,38,2019-11-14
B3 The Third,37,2018-12-05
Two Neighbors,27,2019-11-01
Many Moor,34,2016-06-10
CHRYS THOMPSON,24,2019-09-03
Cardi B,79,2018-10-23
Tyga,82,2018-05-16
Lil Mosey,14,2018-10-19
Sheck Wes,10,2017-09-19
Drake,82,2018-06-29
6ix9ine,15,2018-07-22
Lil Baby,84,2018-10-05
Kanye West,79,2018-09-07
Tyga,73,2018-07-25
Quavo,64,2018-08-10
Offset,81,2017-10-30
A$AP Rocky,82,2018-05-25
Flipp Dinero,78,2018-09-04
Juice WRLD,18,2018-05-23
Nicky Jam,82,2020-01-08
Dalex,91,2019-11-01
KAROL G,98,2019-11-07
Bad Bunny,93,2019-11-21
Shakira,79,2020-01-13
DJ Snake,80,2019-12-27
J Balvin,82,2020-01-09
Dimelo Flow,90,2019-12-13
Nicky Jam,46,2019-10-29
Ozuna,60,2019-11-28
Arcangel,84,2019-12-20
Rich Music LTD,85,2019-10-11
Tainy,90,2019-08-22
Rauw Alejandro,92,2019-08-29
Reik,88,2019-08-23
Rich Music LTD,52,2019-09-20
Lunay,89,2019-10-25
Eladio Carrion,79,2019-11-18
Myke Towers,74,2019-12-13
Dalex,87,2019-11-22
Zion & Lennox,71,2019-12-06
DJ Luian,78,2019-12-04
Casper Magico,73,2019-12-06
Daddy Yankee,90,2019-10-18
Alex Rose,76,2019-11-08
Maluma,85,2019-09-27
Mau y Ricky,75,2019-12-20
Eix,70,2019-12-20
J Balvin,88,2019-11-15
Brytiago,75,2019-11-15
Feid,76,2019-11-01
Prince Royce,71,2019-11-15
Dimitri Vegas & Like Mike,71,2019-11-29
Casper Magico,70,2019-12-13
Becky G,67,2019-10-18
Darell,75,2019-12-06
Sech,88,2019-09-26
Jhay Cortez,81,2019-11-19
Paloma Mami,75,2019-12-10
Rvssian,82,2019-09-18
Nio Garcia,63,2020-01-02
Manuel Turizo,76,2019-08-23
Noriel,77,2019-10-25
Messiah,68,2019-12-06
Omar Montes,82,2019-10-24
Nacho,67,2019-12-13
Wisin & Yandel,77,2019-10-18
Guaynaa,70,2019-11-22
Ñejo,72,2019-09-27
Dimelo Flow,75,2019-11-29
Dimelo Flow,72,2019-12-20
Justin Quiles,86,2019-09-06
Anuel AA,93,2019-07-19
Ozuna,70,2019-11-29
Jhay Cortez,78,2019-11-01
Manuel Turizo,83,2019-08-23
J Balvin,91,2019-06-28
Jhay Cortez,84,2019-05-17
Rauw Alejandro,76,2019-12-13
Rich Music LTD,81,2019-10-11
Dimelo Flow,83,2019-08-30
Myke Towers,84,2019-08-02
Bad Bunny,90,2019-05-31
DrefQuila,61,2019-12-20
Sech,86,2019-07-26
Lunay,85,2019-05-10
Myke Towers,81,2019-09-13
Darell,80,2019-07-12
Sech,11,2019-04-11
Dalex,83,2019-05-10
Daddy Yankee,80,2019-06-28
Nicky Jam,58,2019-08-02
Mau y Ricky,82,2019-07-17
Sech,7,2019-02-28
J Balvin,79,2019-06-28
Noriel,83,2019-08-09
Nio Garcia,79,2019-07-19
Myke Towers,79,2020-01-03
Feid,73,2019-12-13
Arcangel,65,2019-12-20
Yandel,68,2019-12-06
Corina Smith,62,2020-01-10
Marko Silva,63,2019-12-06
NAIZA,30,2020-01-17
The Black Eyed Peas,96,2019-10-12
J Alvarez,39,2019-12-13
Ozuna,72,2019-11-29
Cali Y El Dandee,76,2019-11-08
Ozuna,69,2019-11-29
Amenazzy,67,2019-12-06
Mike Bahía,64,2019-11-15
Arcangel,67,2019-12-20
TINI,72,2020-01-10
Tayl G,55,2019-10-18
J Alvarez,57,2019-12-13
Sartiboy,53,2019-12-13
Los Hitmen,66,2019-12-06
Ñejo,43,2019-11-22
Juhn,69,2019-12-07
Tayl G,52,2019-12-20
Jon Z,67,2019-11-27
Mike Bahía,68,2019-11-15
Amenazzy,61,2019-11-22
J Bas Y Santy,48,2019-12-13
blackbear,69,2019-12-13
Ozuna,85,2019-11-29
Rigo V,44,2019-09-13
Japiaguar,45,2019-12-06
J Alvarez,54,2019-11-08
Elias Diaz,39,2019-09-20
Rauw Alejandro,72,2019-11-20
Lalo Ebratt,57,2019-12-12
Gabo Viera,43,2019-12-13
Myke Towers,66,2019-11-22
Rich Music LTD,88,2019-10-11
BVDGE,39,2019-12-20
Mike Bahía,79,2019-11-15
Ozuna,66,2019-11-29
Lionel Ferro,42,2020-01-10
Static & Ben El,57,2020-01-10
Rauw Alejandro,77,2019-11-05
Nacho,62,2019-10-25
Arcangel,66,2019-12-20
Jotacé,37,2019-12-06
Nacho,48,2019-10-25
Llane,68,2019-10-18
Brytiago,57,2019-10-25
Jabex,38,2020-01-10
Ricky Martin,72,2019-11-12
Power Peralta,51,2020-01-10
Fullbeta,43,2019-11-29
Don Omar,56,2019-11-22
Javiielo,59,2019-11-29
Maikel Delacalle,58,2019-11-27
TINI,82,2019-09-06
Marina Yers,53,2019-11-01
Nibal,48,2019-11-29
Joseph El De La Urba,59,2019-12-13
Ozuna,67,2019-11-29
Darkiel,59,2019-08-23
Novoa,39,2019-11-15
ICON,71,2019-11-22
Juanes,77,2019-11-22
Kevin G.,24,2019-11-15
Vibarco,41,2019-11-29
Akim,55,2019-11-22
Nicky Jam,62,2019-11-01
Plan B,4,2010-07-20
Tony Dize,2,2007-01-01
Eddy Lover,1,2008-01-01
Don Omar,72,2006-01-01
Daddy Yankee,69,2004-07-13
Big Boy,71,2006-01-01
Angel Y Khriz,68,2008
Tony Dize,2,2008-01-01
Aventura,74,2005-04-26
Daddy Yankee,71,2008-08-12
De La Ghetto,66,2006-01-01
Ñejo & Dalmata,68,2007-01-01
Mach & Daddy,67,2005-01-01
Don Omar,12,2004-01-01
Tony Dize,2,2009-11-17
Wisin & Yandel,67,2013-01-01
Angel Y Khriz,7,2011-12-29
Nicky Jam,63,2016-02-24
Don Omar,50,2006-01-01
Trebol Clan,65,2015-06-10
Tego Calderon,71,2003-07-01
"Tito ""El Bambino""",63,2006-01-01
Daddy Yankee,73,2004-07-13
Don Omar,73,2003-01-01
Plan B,3,2010-07-20
Wolfine,60,2013-10-02
Calle 13,73,2005
Yaga & Mackie,62,2015-07-14
Don Omar,51,2006-01-01
"Héctor ""El Father""",65,2006-01-01
Zion & Lennox,66,2004-05-04
Flex,57,2007-01-01
Hector & Tito,49,2002-01-01
R.K.M & Ken-Y,63,2016-11-04
Wisin & Yandel,68,2005-01-01
Ivy Queen,49,2006-11-14
"Héctor ""El Father""",1,2012-12-04
Maluma,72,2015-10-30
Don Omar,60,2012-01-01
Nicky Jam,60,2009-07-31
Tego Calderon,63,2004
Wisin & Yandel,69,2005-01-01
Alexis y Fido,64,2007-09-28
"Tito ""El Bambino""",63,2009-03-03
Daddy Yankee,6,2017-01-13
Farruko,68,2016-02-22
Tego Calderon,61,2009-11-10
Don Omar,62,2009-01-01
Wisin & Yandel,64,2005-01-01
Ozuna,8,2016-06-06
R.K.M & Ken-Y,47,2008-01-01
Eddie Dee,58,2005
Arcangel,65,2008-12-09
"Tito ""El Bambino""",61,2006-01-01
J Balvin,70,2013-09-29
El General,60,1991
Don Omar,67,2006-06-20
Daddy Yankee,64,2005-01-01
Ñejo,61,2012-10-01
Farruko,69,2015-10-23
El General,62,2009-04-14
R.K.M & Ken-Y,45,2007-01-01
Nicky Jam,60,2014-09-09
DJ Nelson,56,2016-04-01
Ivy Queen,55,2004-01-27
Trebol Clan,50,2004-11-23
Wisin,51,2006-11-21
J Balvin,69,2014-09-16
Daddy Yankee,5,2013-01-01
Ñejo,61,2012-10-01
Ivy Queen,49,2006-11-14
Randy,61,2013-07-09
J Balvin,65,2013-09-29
Luny Tunes,59,2003-08-26
Daddy Yankee,57,2003-03-03
Alexis y Fido,61,2007-09-28
Tego Calderon,54,2006-08-29
Casa De Leones,56,2007-06-19
Hector & Tito,0,2003-01-01
Ñejo & Dalmata,55,2016-11-30
Alexis y Fido,63,2011-03-21
Tego Calderon,54,2003-07-01
El Chombo,56,2016-10-28
Baby Rasta & Gringo,54,2004-05-11
N.O.R.E.,61,2006-07-18
Arcangel,58,2006-09-26
Farruko,54,2016-02-22
Nicky Jam,68,2014-09-09
"Tito ""El Bambino""",60,2007-01-01
Eddie Dee,57,2005
Hector & Tito,0,2003-01-01
El Chombo,51,1999
Yomo,0,2006-01-01
R.K.M & Ken-Y,0,2007-01-01
Wisin,56,2004
Luny Tunes,54,2003-08-26
Eddie Dee,52,2005
Voltio,13,2014-10-07
Yandel,55,2003
Daddy Yankee,71,2012-01-01
Arcangel,64,2019-12-20
Lunay,79,2019-10-15
Favian Lovo,55,2019-11-14
Mariah,72,2019-09-27
J Balvin,86,2019-06-28
Anuel AA,80,2018-12-14
Lunay,68,2019-09-13
Bryant Myers,71,2019-06-28
Urba y Rome,62,2019-06-21
Alex Rose,65,2019-09-13
Zion & Lennox,72,2019-05-17
Nicky Jam,58,2019-03-22
Farruko,76,2019-04-26
Sech,77,2019-04-19
Lyanno,58,2019-03-01
Ghetto Kids,79,2019-06-20
Paulo Londra,77,2019-05-23
Wisin & Yandel,80,2018-12-14
Lunay,67,2019-03-29
Bad Bunny,72,2018-12-23
Anuel AA,65,2018-07-17
Ozuna,66,2018-08-24
Wisin & Yandel,72,2018-12-14
Rauw Alejandro,78,2019-03-15
Nio Garcia,66,2019-02-22
Zion & Lennox,76,2018-02-23
Kevin Roldan,62,2018-11-30
Justin Quiles,10,2018-04-20
Chencho Corleone,62,2019-05-03
De La Ghetto,64,2019-03-15
Darell,64,2019-04-19
Nicki Nicole,43,2019-11-08
Major Lazer,84,2019-09-11
Fer Palacio,75,2019-03-21
Team Mati,50,2020-01-10
El Alfa,70,2019-12-19
Tommy Boysen,50,2020-01-01
DJ Snake,48,2019-06-13
Duki,68,2019-11-01
Rauw Alejandro,72,2019-10-31
Lautaro LR,44,2019-12-12
El Alfa,61,2018-02-09
j mena,62,2019-11-29
El Alfa,81,2019-11-07
Romeo El Santo,55,2019-11-20
Mark B.,58,2019-11-15
Bhavi,71,2019-10-20
Duki,59,2019-11-01
Agus Padilla,55,2019-11-21
Jhay Cortez,86,2019-05-24
Ms Nina,78,2017-01-04
C. Tangana,66,2019-10-31
ROSALÍA,88,2019-08-15
Javiielo,74,2019-08-17
Nestor En Bloque,53,2019-09-13
Anuel AA,10,2018-07-17
CantoParaBailar,49,2019-10-11
Duki,79,2019-08-07
J Balvin,74,2019-06-28
C. Tangana,79,2019-09-12
Ke Personajes,72,2019-04-17
Emilia,66,2019-08-30
J Balvin,73,2018-05-25
Bad Bunny,69,2018-12-23
Romeo El Santo,52,2019-02-21
area3,48,2019-10-10
Tommy Boysen,61,2019-04-05
Maluma,86,2019-05-17
Dalex,18,2019-02-07
Eladio Carrion,75,2019-08-06
Khea,71,2019-09-27
ROSALÍA,87,2019-03-28
De La Ghetto,52,2020-01-17
Jay Menez,63,2020-01-07
Sky,50,2020-01-17
Arcangel,68,2019-12-20
Anonimus,44,2020-01-16
J Montez,50,2020-01-01
Gigolo Y La Exce,61,2019-12-20
Chris Wandell,60,2019-12-06
Logan Romero,51,2019-11-11
Baby Rasta & Gringo,56,2019-12-13
Ozuna,68,2019-11-07
Jaycob Duque,54,2019-12-06
Vibarco,54,2019-07-26
Kaline,48,2019-12-05
Jerry Di,70,2019-10-25
Rich Music LTD,77,2019-10-11
Farruko,77,2019-10-10
Jey Blessing,70,2019-11-07
Nio Garcia,68,2019-11-08
Young L3x,48,2019-11-29
Rich Music LTD,76,2019-10-11
Chris Viz,76,2019-04-10
BB Nobre,49,2019-11-22
DJ Luian,83,2019-03-28
Amenazzy,69,2019-08-30
Brytiago,71,2019-05-17
Sech,68,2019-04-19
Maluma,68,2019-05-17
Prince Royce,75,2019-06-07
Casper Magico,74,2019-04-30
Ozuna,80,2019-04-25
Kenny Man,75,2018-09-14
Tommy Boysen,73,2017-10-05
Anuel AA,82,2018-11-02
Sech,1,2018-07-27
Camilo,88,2019-08-09
Abraham Mateo,78,2019-10-01
Camilo,78,2019-12-20
Becky G,79,2019-10-18
Dimitri Vegas & Like Mike,74,2019-11-29
Mau y Ricky,77,2019-10-11
Pablo Alborán,78,2019-11-06
Beéle,39,2019-08-08
Bryant Myers,79,2019-11-15
CNCO,75,2019-10-11
Aitana,81,2019-12-17
Piso 21,86,2019-09-06
Ozuna,75,2019-11-29
TINI,81,2019-10-11
Natti Natasha,80,2019-10-04
Danny Ocean,75,2019-10-25
Plan B,62,2010
Tonny Tun Tun,63,2012-09-24
Don Omar,31,2006-01-01
DY,0,2017-05-24
Zion,67,2007-06-05
Don Omar,49,2006-01-01
Wisin & Yandel,43,2007-11-20
"Tito ""El Bambino""",55,2011-07-12
Baby Rasta,60,2009-08-12
Daddy Yankee,64,2008-08-12
Mackieaveliko,40,2015-12-12
Zion,63,2012-08-20
Daddy Yankee,45,2007-11-20
DJ Nelson,56,2004-03-02
Wisin & Yandel,59,2009-01-01
Randy,51,2018-07-14
Wisin & Yandel,66,2007-01-01
Nova y Jory,62,2009-06-26
Sammy & Falsetto,58,2012
Daddy Yankee,64,2006-09-26
Plan B,59,2010
Don Omar,57,2010-01-01
Arcangel,62,2008-12-09
Wisin & Yandel,58,2005-01-01
Jowell & Randy,58,2007-12-18
Jadiel,57,2013-10-31
Zion,41,2007-11-20
Randy,49,2018-05-04
Wisin & Yandel,58,2006-01-01
R.K.M & Ken-Y,59,2013-07-09
Ivy Queen,33,2004-01-01
RKM,42,2008-09-09
R.K.M & Ken-Y,62,2016-11-04
J Alvarez,59,2010-11-16
Yomo,49,2008-11-11
R.K.M & Ken-Y,63,2016-11-04
Farruko,0,2015-08-28
Wisin & Yandel,58,2003
Farruko,53,2011-05-11
Wisin & Yandel,56,2006-01-01
"Héctor ""El Father""",52,2006-01-01
Ñejo,47,2005
Luny Tunes,55,2003-08-26
Wisin & Yandel,55,2007-01-01
"Franco ""El Gorilla""",0,2009-01-01
DJ Nelson,34,2016-04-01
Nova y Jory,42,2010-05-31
Daddy Yankee,63,2004-07-13
Baby Ranks,13,2008-08-19
Jadiel el Incomparable,50,2016-11-21
"Tito ""El Bambino""",52,2006-01-01
R.K.M & Ken-Y,43,2016-11-04
Wisin & Yandel,56,2009-01-01
Luny Tunes,51,2003-08-26
Arcangel,0,2019-04-11
"Héctor ""El Father""",35,2004
Plan B,34,2006-01-01
Nova y Jory,58,2011-07-12
Tego Calderon,54,2009-02-03
Yaga & Mackie,54,2015-10-25
"Héctor ""El Father""",51,2007-01-01
Daddy Yankee,59,2004-07-13
Magnate,0,2007-01-01
Luny Tunes,58,2003-08-26
Arcangel,48,2008-12-09
Don Omar,3,2014-02-14
Hector & Tito,31,2005
Erre XI,38,2008-01-01
Ivy Queen,56,2010-01-01
Jowell & Randy,46,2007-06-19
Zion & Lennox,56,2004-05-04
Arcangel,0,2019-04-11
Voltio,45,2006-01-01
Daddy Yankee,87,2019-01-24
Pedro Capó,86,2018-10-05
KAROL G,73,2019-05-03
Maluma,83,2019-05-17
Anuel AA,82,2019-01-15
Bad Bunny,83,2018-10-11
Sebastian Yatra,80,2019-06-21
Daddy Yankee,76,2018-01-18
Luis Fonsi,79,2019-02-01
Becky G,78,2018-04-20
Nicky Jam,72,2017-01-20
Natti Natasha,77,2017-09-01
Becky G,43,2017-07-14
Maluma,76,2018-05-18
Ozuna,79,2018-08-24
CNCO,74,2016-08-26
Danny Ocean,74,2019-03-22
Luis Fonsi,68,2019-02-01
Piso 21,72,2018-05-11
Nicky Jam,68,2017-01-20
Carlos Vives,76,2017-11-10
Nacho,69,2018-05-11
Luis Fonsi,75,2019-02-01
Wisin,68,2017-12-01
KAROL G,65,2019-05-03
Enrique Iglesias,68,2018-01-12
Joey Montana,64,2016-09-09
Nicky Jam,52,2018-03-02
Romeo Santos,73,2017-07-21
Luis Fonsi,76,2017-04-17
Nio Garcia,80,2018-04-13
Wisin,76,2017-12-01
Daddy Yankee,77,2018-11-09
Reik,18,2018-02-16
Maluma,74,2018-05-18
Maluma,70,2018-05-18
Alex Sensation,70,2017-08-04
Sech,84,2019-04-19
Ozuna,65,2019-01-05
Dalex,84,2019-05-10
Reik,79,2019-05-31
Pitbull,76,2019-04-26
Luis Fonsi,75,2019-04-24
CNCO,69,2018-10-26
Thalía,75,2018-11-09
Mau y Ricky,80,2019-05-03
Juanes,78,2019-09-06
Greeicy,71,2019-03-15
Camilo,77,2019-10-15
Mau y Ricky,79,2018-10-12
Mike Bahía,4,2019-11-15
Yandel,73,2019-05-24
Chyno Miranda,63,2019-07-26
Shawn Mendes,93,2019-06-21
Cruz,61,2019-06-28
Sofia Reyes,67,2019-10-11
DJ Goozo,65,2019-07-19
Nacho,66,2019-05-31
Rombai,64,2019-08-23
Haze,67,2019-11-22
Mario Bautista,64,2019-12-06
Danny Romero,74,2019-06-28
Silvestre Dangond,60,2019-10-25
Ed Sheeran,90,2019-05-10
Alejandro Gonzalez,54,2019-03-22
Tones and I,43,2019-05-10
Lérica,74,2019-11-05
Dua Lipa,97,2019-10-31
Maroon 5,98,2019-09-20
Becky G,76,2018-08-02
Sebastian Yatra,72,2018-05-18
Anuel AA,74,2016-12-02
KAROL G,57,2017-05-05
Kevin Roldan,72,2018-09-07
Danny Ocean,77,2017-06-16
Zion & Lennox,74,2016-09-30
Wolfine,71,2017-12-29
Brytiago,67,2018-05-01
Ozuna,75,2017-08-25
Rvssian,73,2018-09-06
CNCO,71,2018-04-06
Amenazzy,68,2017-09-19
Daddy Yankee,72,2017-01-13
J Balvin,74,2017-06-02
Jesse & Joy,71,2017-08-18
Nacho,5,2017-04-14
Joey Montana,65,2017-09-01
Piso 21,53,2018-05-11
Ozuna,71,2017-08-25
Ricky Martin,73,2016-09-23
CNCO,66,2018-04-06
Shakira,71,2017-05-26
J Balvin,6,2016-06-24
Plan B,62,2014-08-25
Prince Royce,63,2018-03-16
Baby Rasta & Gringo,64,2015-08-21
Luis Fonsi,74,2018-10-19
J Alvarez,2,2011-09-20
Zion,3,2012-08-20
Yandel,67,2017-09-08
Klasico,63,2016-02-12
Don Omar,65,2016-11-11
Anitta,75,2017-11-19
Maluma,65,2015-10-30
Mambo Kingz,66,2016-01-23
Cosculluela,71,2018-04-13
Sebastian Yatra,3,2017-02-10
J Balvin,2,2014-07-22
Farruko,63,2015-10-23
Ozuna,73,2017-08-25
Justin Quiles,62,2017-03-10
Daddy Yankee,61,2017-03-03
Manuel Turizo,73,2017-04-10
Los De La Nazza,58,2015-08-28
Yandel,55,2017-02-10
Wisin & Yandel,61,2012-01-01
Cosculluela,58,2016-10-14
Farruko,58,2016-02-22
Ozuna,64,2017-08-25
J Balvin,71,2016-06-24
Nacho,54,2018-04-03
Manuel Turizo,53,2016-12-07
Ozuna,72,2017-08-25
Pitbull,1,2014-06-10
J Balvin,66,2018-05-25
Daddy Yankee,76,2004-07-13
Daddy Yankee,0,2013-10-29
Don Omar,2,2004-06-20
Pitbull,50,2012-05-29
Daddy Yankee,1,2006-01-01
Daddy Yankee,68,2013-07-09
Daddy Yankee,0,2007-06-04
Daddy Yankee,59,2012-01-01
Daddy Yankee,57,2012-01-01
Juan Magán,45,2012-05-14
Juan Magán,56,2012-05-14
Juan Magán,63,2009-01-01
Wisin & Yandel,49,2008-01-01
Don Omar,1,2010-01-01
Tacabro,56,2011
Daddy Yankee,1,2008-01-01
Daddy Yankee,0,2008-01-01
Daddy Yankee,67,2008-08-12
Luny Tunes,62,2015-10-23
Chino & Nacho,1,2009-01-01
Fuego,41,2016-01-29
Fuego,0,2011
Big Yamo,0,2012-02-07
Don Omar,49,2014-08-12
Kevin Lyttle,65,2004-03-30
Latin Fresh,0,2006-01-01
Plan B,58,2014-07-19
Wisin & Yandel,38,2006-01-01
El Super Nuevo,38,2018-07-18
Elvis Crespo,67,2008-07-21
Alexio,61,2015-08-15
Myke Towers,79,2019-04-09
Kevin Roldan,69,2019-07-26
Eladio Carrion,68,2019-02-07
Rauw Alejandro,71,2019-07-08
Alex Rose,58,2019-05-10
Juhn,66,2019-02-01
Super Yei,77,2018-08-04
Feid,66,2019-05-17
Lary Over,64,2019-07-26
Jamby el Favo,62,2018-12-14
Milly,61,2019-06-14
Xcelencia,50,2019-11-22
Alex Rose,64,2019-10-25
Bryant Myers,74,2019-07-26
Jerry Di,57,2019-07-19
Cauty,56,2019-10-23
Diamond la Mafia,44,2019-08-12
Yannc,72,2018-10-19
Lenny Tavárez,63,2018-12-14
Ozuna,69,2018-11-16
Oken,61,2018-12-21
Dejota2021,48,2019-05-08
LAGOS,48,2019-07-19
Ele A El Dominio,62,2019-05-10
Gian Varela,48,2019-04-25
Leebrian,37,2019-04-02
Genio,38,2019-11-22
LATENIGHTJIGGY,53,2019-08-30
Alex Rose,71,2018-07-27
KBM,25,2019-06-21
BB Nobre,36,2019-03-29
Almighty,65,2019-06-07
Mora,0,2019-04-12
Jay Menez,65,2019-10-17
Favian Lovo,57,2019-10-25
Joyce Santana,31,2019-05-24
Manu Durán,33,2019-05-24
Italian Somali,45,2019-02-26
Logan Romero,40,2019-04-17
Joniel El Lethal,30,2019-11-15
Jantony,40,2019-11-01
Sitoonce,33,2019-06-14
"Héctor ""El Father""",40,2005-01-01
Zion,0,2007-06-05
Noriega,0,2014-08-05
Cheka featuring Michael Stuart,15,2008-01-01
Wisin & Yandel,0,2012-01-01
Wisin & Yandel,1,2009-01-01
"Franco ""El Gorilla""",39,2009-01-01
Wisin & Yandel,37,2009-01-01
Wisin & Yandel,64,2007-01-01
Big Yamo,2,2013-06-10
Wisin & Yandel,0,2009-01-01
Wisin & Yandel,0,2010-06-15
Ivy Queen,41,2009-07-24
"Héctor ""El Father""",25,2007-01-01
Don Omar,0,2009-01-01
Tony Dize,49,2012-01-01
Alexis y Fido,61,2011-03-21
Chino & Nacho,0,2009-01-01
Tony Dize,1,2006-01-01
Don Omar,0,2006-01-01
Don Omar,57,2009-01-01
Ñejo & Dalmata,51,2007-01-01
Ñejo & Dalmata,53,2007-01-01
Ñejo & Dalmata,45,2007-01-01
Wisin & Yandel,52,2013-01-01
Wisin & Yandel,69,2012-01-01
Nova,1,2009-06-26
Ñejo & Dalmata,0,2013-02-19
Don Omar,68,2006-01-01
Alexis y Fido,56,2012-08-20
La Secta,40,2006-01-01
Wisin & Yandel,0,2010-01-01
Tego Calderon,0,2004-01-01
Daddy Yankee,62,2012-01-01
Angel Y Khriz,1,2011-12-28
Zion,0,2007-01-01
J Alvarez,47,2010-04-06
Arcangel,1,2009-03-12
Don Omar,0,2006-01-01
Don Omar,0,2006-01-01
Wisin & Yandel,0,2007-01-01
Don Omar,0,2009-01-01
Angel Y Khriz,59,2008-01-01
Aventura,73,2002-06-01
Aventura,71,2009-06-09
Aventura,66,2005-04-26
Zion,2,2013-05-27
Ivy Queen,56,2009-11-10
DJ Nelson,0,2008-01-01
Don Omar,49,2010-01-01
Don Omar,49,2010-01-01
Yelsid,0,2008-03-15
Wisin & Yandel,0,2012-01-01
Farruko,57,2010-12-04
Farruko,0,2015-08-28
Farruko,0,2015-08-28
J Alvarez,1,2011-09-20
J Alvarez,47,2012-05-15
J Alvarez,60,2010-11-16
J Alvarez,15,2015-01-27
J Alvarez,0,2014-10-17
J Alvarez,0,2014-10-17
J Alvarez,0,2014-10-17
J Alvarez,27,2012-04-26
J Alvarez,47,2013-06-14
Cosculluela,0,2015-09-25
Ñejo,32,2013-06-19
Tony Dize,0,2015-04-07
Tony Dize,0,2010-09-20
Alexis y Fido,39,2014-08-05
Alexis y Fido,36,2014-03-03
Alexis y Fido,28,2014-03-03
Daddy Yankee,60,2012-01-01
Daddy Yankee,1,2004-07-13
Reykon,0,2010-09-25
Reykon,0,2010-09-25
Reykon,0,2012-09-26
Reykon,0,2011-09-27
Reykon,0,2011-03-23
J Balvin,0,2011-03-25
J Balvin,0,2011-03-25
J Balvin,0,2010-05-07
Nicky Jam,35,2014-11-04
Wisin & Yandel,40,2009-01-01
Don Omar,47,2010-01-01
Don Omar,1,2006-01-01
Lérica,49,2020-01-16
Bad Gyal,77,2019-12-12
Kexxy Pardo,46,2020-01-09
Sky Rompiendo,57,2020-01-10
Kexxy Pardo,43,2019-12-05
Kenny Man,46,2019-12-06
Mala Rodríguez,58,2019-10-25
Bad Gyal,65,2019-07-05
Sebastian Yatra,71,2019-10-24
Feid,67,2019-10-18
Lalo Ebratt,58,2019-10-10
IAmChino,44,2019-12-06
Yera,55,2019-10-31
Nacho,51,2019-09-20
Juan Magán,51,2019-07-19
Maikel Delacalle,59,2019-07-11
Guaynaa,76,2019-08-16
Lola Indigo,69,2019-07-30
Dalex,82,2019-09-06
Trapical,43,2019-08-29
Guaynaa,78,2019-07-12
Don Omar,61,2019-08-16
Kevin Roldan,63,2019-09-06
Gianluca Vacchi,56,2019-07-26
Juan Magán,65,2019-07-19
DJ Snake,74,2019-07-25
Joey Montana,53,2019-07-19
Lalo Ebratt,60,2019-07-26
Mozart La Para,37,2019-06-23
Bad Gyal,70,2019-07-19
Mala Rodríguez,49,2019-06-28
KAROL G,69,2019-04-05
Yera,58,2019-11-21
Alex Sensation,65,2019-06-21
Jhay Cortez,51,2019-05-24
Lalo Ebratt,77,2019-02-28
El Freaky,53,2019-05-03
The Rudeboyz,46,2019-04-12
Kenny Man,50,2019-03-22
Nicky Jam,90,2019-11-01
Cali Y El Dandee,71,2019-09-13
Tharyk,49,2020-01-03
Ricky Bernard,31,2019-12-25
DJ Valdi,59,2019-12-06
Sahony,38,2019-10-03
Armando Infante,33,2019-12-27
KAROL G,73,2018-09-14
Christian Nava,33,2019-11-22
"Tito ""El Bambino""",65,2019-05-31
Piso 21,79,2019-07-05
Jory Boy,54,2019-04-05
Becky G,76,2019-07-10
Becky G,76,2018-11-06
Natti Natasha,70,2019-05-01
Reykon,67,2019-03-29
Brytiago,63,2019-03-22
Miky Woodz,48,2019-03-29
Rombai,58,2019-01-25
Lit Killah,61,2018-11-29
Natti Natasha,53,2019-02-15
Maluma,23,2019-03-01
Myke Towers,78,2019-02-26
Dimelo Flow,64,2018-09-10
Cardi B,84,2018-04-06
J Balvin,77,2018-11-17
Rombai,67,2018-09-28
Reykon,40,2018-07-20
Bad Bunny,10,2018-06-28
Daddy Yankee,72,2018-04-27
Ozuna,15,2018-06-28
Ozuna,74,2018-01-30
Paulo Londra,8,2018-01-30
Brytiago,74,2018-10-31
Anuel AA,18,2018-11-02
Bad Bunny,79,2018-12-23
Matt Hunter,58,2019-04-19
Mambo Kingz,73,2019-06-19
Feid,69,2019-06-21
Natti Natasha,62,2019-07-03
Myke Towers,73,2019-06-25
Farruko,57,2019-08-19
Xavi The Destroyer,32,2019-04-19
Becky G,69,2019-10-11
Cazzu,75,2019-06-03
Lunay,73,2019-10-25
Daddy Yankee,3,2004-07-13
Wisin & Yandel,1,2005-11-28
NA,0,2012-01-05
Jasmine Ortiz,43,2019-06-21
Dukus,30,2019-12-20
R.K.M & Ken-Y,0,2006-01-01
Dukus,30,2018-04-27
La Secta AllStar,47,2008-01-01
N.O.R.E.,1,2006-07-18
Wisin & Yandel,0,2005-01-01
Don Omar,0,2003
Kevin G.,29,2019-11-15
Wisin & Yandel,44,2007-01-01
Ivan R,23,2020-01-10
Wisin & Yandel,44,2007-01-01
Kevin G.,30,2019-11-15
Zion,0,2007-01-01
Mg Poet,36,2020-01-01
Ivy Queen,48,2005-11-15
La Factoria,32,2006-01-01
Dukus,30,2019-11-08
Jasmine Ortiz,39,2019-03-08
Don Omar,1,2004
Wisin & Yandel,16,2007-01-01
Jasmine Ortiz,47,2018-10-19
Wisin & Yandel,1,2006-01-01
Reggaeton Latino,34,2008-02-01
Don Omar,60,2008-01-01
Alexis y Fido,56,2011-03-21
"Tito ""El Bambino""",51,2010-01-01
Angel Y Khriz,25,2007-01-01
Zion,0,2007-06-05
Zion & Lennox,48,2005-06-07
Zion,0,2012-12-04
"Big Yamo, Vato 18K Feat. Bigal L Jake",0,2013-12-31
Wisin & Yandel,0,2013-01-01
Wisin & Yandel,0,2009-01-01
Daddy Yankee,0,2006-01-01
Daddy Yankee,7,2010-04-26
Daddy Yankee,0,2006-01-01
Daddy Yankee,0,2004-07-13
Nicky Jam,0,2005-01-01
Dyland & Lenny,45,2010-03-02
Plan B,58,2011-07-12
Pitbull,1,2012-07-30
"Héctor ""El Father""",0,2008-01-01
Don Omar,3,2012-01-01
Wisin & Yandel,32,2008-01-01
Latin Fresh,41,2012-05-12
J Alvarez,0,2011-09-20
Ñejo & Dalmata,2,2007-01-01
Wisin & Yandel,0,2013-08-06
Wisin & Yandel,0,2013-01-01
Alexis y Fido,0,2006
Wisin & Yandel,1,2013-01-01
Daddy Yankee,0,2004-01-01
Alexis y Fido,52,2011-03-21
"Tito ""El Bambino""",55,2010-01-01
Alexis y Fido,47,2009-03-26
Randy Nota Loka,0,2011-07-30
"Tito ""El Bambino""",49,2010-01-01
Daddy Yankee,56,2010-09-09
Daddy Yankee,53,2005
Cosculluela,1,2009-01-01
Alexis y Fido,49,2005-11-15
Wisin & Yandel,55,2007-01-01
Wisin & Yandel,37,2007-01-01
Wisin & Yandel,58,2009-01-01
Alexis y Fido,45,2009-03-26
Alexis y Fido,48,2009-03-26
Daddy Yankee,9,2005-01-01
Arcangel,0,2006-01-01
R.K.M & Ken-Y,24,2006-01-01
La Factoria,69,2009-01-01
"Franco ""El Gorilla""",55,2009-01-01
Chon Arauza Y Su Furia Colombiana,18,2006-01-01
Don Omar,67,2019-04-20
Don Omar,54,2016-11-11
Don Omar,67,2015-06-16
Don Omar,67,2003-01-01
Don Omar,55,2016-11-11
Don Omar,64,2010-01-01
Don Omar,18,2004-01-01
Don Omar,54,2009-01-01
Don Omar,75,2010-01-01
Don Omar,57,2012-01-01
Don Omar,50,2016-11-11
Don Omar,60,2010-01-01
Don Omar,54,2003-01-01
Don Omar,49,2016-11-11
Luny Tunes,52,2016-04-22
Don Omar,56,2010-01-01
Don Omar,49,2016-11-11
Don Omar,3,2004-01-01
Don Omar,45,2009-01-01
Farruko,3,2018-11-16
Don Omar,48,2012-01-01
Don Omar,49,2012-01-01
Don Omar,46,2016-11-11
Don Omar,3,2004-01-01
Don Omar,37,2012-01-01
Don Omar,58,2015-06-16
Don Omar,53,2015-06-16
Wisin,1,2017-03-06
Don Omar,47,2010-01-01
Don Omar,44,2016-11-11
Don Omar,44,2016-11-11
Don Omar,44,2016-11-11
Don Omar,51,2015-06-16
Don Omar,46,2015-06-16
Don Omar,46,2015-06-16
Don Omar,43,2010-01-01
Don Omar,50,2015-06-16
Don Omar,39,2009-01-01
Don Omar,48,2015-06-16
JEN,51,2017-07-28
Don Omar,49,2017-03-24
Don Omar,43,2010-01-01
Mike Stanley,47,2017-06-30
"Tito ""El Bambino""",45,2017-12-15
Don Omar,2,2004-01-01
Rauw Alejandro,66,2019-12-27
Myke Towers,62,2019-12-20
Micro Tdh,74,2019-11-11
Farruko,64,2019-12-20
D-Note The Beatllionare,63,2019-11-15
Casper Magico,54,2020-01-01
Reykon,65,2019-11-15
Nio Garcia,47,2019-11-15
iZaak,42,2019-11-15
Beéle,56,2019-11-18
Jay Wheeler,65,2019-11-28
Nengo Flow,63,2019-11-29
Jonna Torres,37,2019-11-01
Roco,52,2019-11-08
Baby Rasta & Gringo,61,2019-11-08
Maxiolly,53,2019-11-15
Regard,94,2019-07-26
Arizona Zervas,71,2019-10-10
Future,93,2020-01-10
Harry Styles,91,2019-12-06
Roddy Ricch,98,2019-12-06
Doja Cat,88,2019-11-07
BROCKHAMPTON,88,2019-08-23
Mac Miller,87,2020-01-09
Camila Cabello,94,2019-12-06
The Black Eyed Peas,35,2020-01-17
Harry Styles,90,2019-11-17
Justin Bieber,95,2020-01-03
The Weeknd,98,2019-11-29
Maroon 5,98,2019-09-20
Selena Gomez,88,2020-01-10
Travis Scott,89,2019-12-27
Dua Lipa,97,2019-10-31
Tones and I,92,2019-08-29
Megan Thee Stallion,77,2020-01-10
Trevor Daniel,97,2018-10-05
Khalid,83,2020-01-09
Shakira,79,2020-01-13
Halsey,86,2020-01-10
The Black Eyed Peas,96,2019-10-12
Alicia Keys,73,2020-01-09
Khalid,87,2019-11-14
Billie Eilish,97,2019-11-13
Selena Gomez,93,2019-10-23
Alan Walker,85,2019-12-27
Doja Cat,85,2018-03-30
Harry Styles,74,2019-10-11
French Montana,75,2019-12-06
Usher,73,2019-12-13
Travis Scott,94,2019-10-04
Lewis Capaldi,90,2019-11-19
KAYTRANADA,67,2019-12-13
JP Saxe,88,2019-10-17
Post Malone,98,2019-09-06
Ant Saunders,62,2019-06-18
Shawn Mendes,93,2019-06-21
Tyga,91,2019-11-13
Lewis Capaldi,94,2019-05-17
Lil Nas X,90,2019-06-21
BTS,83,2019-10-18
The Chainsmokers,62,2019-07-24
blackbear,94,2019-08-23
Khalid,81,2018-10-18
Y2K,91,2019-06-28
Ed Sheeran,91,2019-07-12
Miley Cyrus,81,2019-08-16
Camila Cabello,87,2019-09-04
Lil Nas X,84,2019-06-21
Halsey,87,2019-09-13
Khalid,75,2019-04-05
Travis Scott,87,2018-08-03
Nicky Jam,82,2020-01-08
The Chainsmokers,67,2019-07-24
Chris Brown,71,2019-06-25
Khalid,82,2019-04-05
Selena Gomez,86,2019-10-24
Chris Brown,85,2019-06-28
Kygo,81,2018-10-26
Kygo,87,2019-06-28
Anuel AA,93,2019-07-19
Noah Cyrus,88,2019-07-31
Marshmello,85,2019-06-21
Ruel,74,2019-04-30
The Chainsmokers,85,2016-07-29
Sam Smith,91,2019-07-19
Post Malone,90,2019-09-06
Zara Larsson,74,2019-06-21
Dennis Lloyd,74,2019-02-15
Dominic Fike,86,2018-10-16
Ed Sheeran,90,2019-05-10
Silk City,81,2018-09-06
Riton,86,2019-09-13
Drake,88,2019-06-15
Sia,75,2019-04-12
Jonas Brothers,86,2019-06-07
Normani,83,2019-08-16
SAINt JHN,72,2019-09-13
GASHI,63,2019-08-28
MEDUZA,88,2019-02-01
King Princess,79,2018-02-23
Post Malone,88,2018-12-14
Ed Sheeran,89,2019-06-28
Mark Ronson,79,2018-11-30
Young Thug,86,2019-11-01
Kina,85,2018-08-31
Khalid,70,2019-04-05
"Tyler, The Creator",84,2019-05-17
Billie Eilish,83,2019-07-11
Ariana Grande,87,2019-02-08
Maren Morris,76,2019-10-04
Mabel,85,2019-01-18
Rauw Alejandro,92,2019-08-29
Sam Fischer,76,2019-12-13
DJ Khaled,71,2019-05-17
Shawn Mendes,84,2019-05-03
Rick Ross,69,2019-07-26
Enrique Iglesias,68,2014-01-01
J Balvin,70,2013-09-29
Luis Fonsi,65,2017-01-13
Shakira,65,2010-10-19
Andeeno Damassy,0,2015-03-25
Sebastian Yatra,8,2016-06-24
Shakira,15,2016
Don Omar,51,2016-11-11
NA,0,2012-01-05
Deorro,57,2016-09-02
Juanes,32,2017-04-21
Cali Y El Dandee,70,2015-09-24
Don Omar,60,2012-01-01
Shakira,70,2017-05-26
Willie Colón,2,2016-03-11
J Balvin,63,2016-06-24
Daddy Yankee,60,2015-09-18
J Balvin,44,2016-06-24
Nacho,58,2017-04-14
J Balvin,47,2013-09-29
Prince Royce,69,2017-02-24
IAmChino,69,2016-02-22
CNCO,12,2017-04-07
Piso 21,72,2016-12-02
Cali Y El Dandee,6,2017-01-20
Maluma,17,2017-04-21
J Balvin,73,2017-06-30
Farruko,2,2014-10-27
Leslie Grace,46,2016-05-06
Major Lazer,4,2017-06-02
Danny Ocean,11,2016-09-16
Kevin Roldan,52,2017-06-23
CNCO,13,2017-08-18
Yandel,3,2017-08-18
Ricky Martin,73,2016-09-23
Nicky Jam,71,2017-01-20
Gente De Zona,73,2016-04-22
Carlos Vives,61,2017-05-26
Yandel,38,2013-11-05
Carlos Vives,10,2017-07-28
Joey Montana,9,2017-09-01
Shakira,71,2017-05-26
Nicky Jam,68,2017-01-20
Anuel AA,74,2016-12-02
Natti Natasha,7,2017-08-18
Yandel,67,2017-09-08
Romeo Santos,53,2014-02-25
Pitbull,4,2012-07-30
Don Omar,57,2012-01-01
Jennifer Lopez,57,2017-11-10
Paty Cantú,50,2017-10-20
Play-N-Skillz,51,2016-12-02
Pitbull,0,2015-07-17
Bad Bunny,74,2017-11-03
KAROL G,57,2017-05-05
Maluma,14,2017-11-03
Anitta,68,2017-12-18
Ozuna,75,2017-08-25
Jennifer Lopez,60,2017-07-04
Reik,18,2018-02-16
Nicky Jam,52,2018-03-02
Abraham Mateo,64,2017-06-23
Becky G,78,2018-04-20
Thalía,12,2018-06-01
Farruko,3,2018-06-01
Shakira,74,2018-06-08
Ozuna,15,2018-06-28
Liam Payne,70,2018-04-20
Luis Fonsi,69,2018-06-14
Jennifer Lopez,65,2018-04-26
Danny Ocean,70,2017-12-08
Wisin,76,2017-12-01
Sebastian Yatra,70,2018-05-18
J Balvin,73,2018-05-25
Daddy Yankee,76,2018-01-18
Mau y Ricky,6,2017-10-13
Camila Cabello,69,2017-11-12
J Balvin,74,2017-06-02
Chyno Miranda,47,2018-09-14
Wisin & Yandel,3,2018-12-07
Natti Natasha,5,2018-12-02
Janet Jackson,40,2018-11-30
Amenazzy,73,2018-12-21
Juan Magán,61,2018-12-14
Bad Bunny,77,2018-12-23
Casper Magico,53,2018-12-18
Natti Natasha,49,2018-12-21
CNCO,40,2019-08-23
Almighty,40,2017-03-24
Rockell,47,1998-04-28
Pure Pleazure,19,2007-12-21
Stefanie Bennett,11,2007-12-21
Sammy C,15,2007-12-21
N.V.,0,1994
Da A Clan,0,1994-10-21
Lia Marquis,0,2008-09-17
Julie,0,2008-09-17
Baby Doll,0,2008-09-17
N.V.,0,1994
Stevie B,49,1991-01-01
Angelique,0,1996
Sf Spanish Fly,26,1995
Johnny O.,47,2011-08-15
Stefanie Bennett,14,2007-10-16
Johnny O.,0,2005-07-26
Laissez Faire,0,2001-08-07
Johnny O.,24,2011-08-15
Julie Myers,0,2001-08-07
Johnny O.,0,2005-07-26
Stefanie Bennett,10,2007-10-16
N.V.,0,1994
Intonation,0,2001-08-07
N.V.,0,1994
April,0,2001-08-07
N.V.,0,1994
Cheree,0,2001-08-07
Vilma Gil,0,2001-08-07
Ballin Entertainment,0,2008-04-20
Ballin Entertainment,0,2008-04-20
Ballin Entertainment,0,2008-04-20
Ballin Entertainment,0,2008-04-20
Ballin Entertainment,0,2008-04-20
Ballin Entertainment,0,2008-04-20
Ballin Entertainment,0,2008-04-20
Ballin Entertainment,0,2008-04-20
Ballin Entertainment,0,2008-04-20
Ballin Entertainment,0,2008-04-20
Ballin Entertainment,0,2008-04-20
Ballin Entertainment,0,2008-04-20
Ballin Entertainment,0,2008-04-20
Ballin Entertainment,0,2008-04-20
Ballin Entertainment,0,2008-04-20
Ballin Entertainment,0,2008-04-20
Ballin Entertainment,0,2008-04-20
Ballin Entertainment,0,2008-04-20
Ballin Entertainment,0,2008-04-20
Ballin Entertainment,0,2008-04-20
Ballin Entertainment,0,2008-04-20
Ballin Entertainment,0,2008-04-20
Ballin Entertainment,0,2008-04-20
Ballin Entertainment,0,2008-04-20
Ballin Entertainment,0,2008-04-20
Ballin Entertainment,0,2008-04-20
Ballin Entertainment,0,2008-04-20
Ballin Entertainment,0,2008-04-20
Ballin Entertainment,0,2008-04-20
Ballin Entertainment,0,2008-04-20
Ballin Entertainment,0,2008-04-20
Ballin Entertainment,0,2008-04-20
Ballin Entertainment,0,2008-04-20
Ballin Entertainment,0,2008-04-20
Ballin Entertainment,0,2008-04-20
Ballin Entertainment,0,2008-04-20
Ballin Entertainment,0,2008-04-20
Ballin Entertainment,0,2008-04-20
Ballin Entertainment,0,2008-04-20
Ballin Entertainment,0,2008-04-20
Ballin Entertainment,0,2008-04-20
Ballin Entertainment,0,2008-04-20
Lisette Melendez,0,2000
Lisette Melendez,0,2000
Miguel Reyes,0,1996
Sammy C,0,1996
Pure Pleasure,0,1996
Pain,0,1996
Samantha,0,1996
Bobby Delante,0,2008-09-17
Jonelle,0,2010-06-08
The Innocence,0,2010-06-08
Samantha Gervasio,0,2010-06-08
Denine,0,2008-09-17
Denine,0,2008-09-17
Denine,0,2008-09-17
Denine,0,2008-09-17
Stephanie Bennett,8,2007-12-21
Pain,9,2007-12-21
Gina Lanze,10,2007-12-21
Denisha,9,2007-12-21
Michael Anthony,12,2007-12-21
Bobby Delante,10,2007-12-21
Joe Zangie,11,2007-12-21
Kuriosity,8,2007-12-21
Michael Anthony,8,2007-12-21
Yanda,18,2007-12-21
Pure Pleazure,16,2007-12-21
O.S.U.,7,2007-12-21
Sandy Congendo,6,2007-12-21
DTU,7,2007-12-21
DTU,7,2007-12-21
Tha Mexakinz,36,2016-02-18
Akwid,38,2013-08-13
Mister One,11,2005-12-27
Lil Menace,31,2004
Conejo,33,2016-12-08
Spanish Fly,30,1995
Akwid,58,2005-01-01
Kemo The Blaxican,0,2010-08-17
Delinquent Habits,4,2013-06-21
Kid Frost,51,1990-01-01
The Psycho Realm,16,2010-03-08
The Psycho Realm,29,1997-07-22
T-Dre,62,1998
South Park Mexican,54,2006-10-03
Cali Life Style,45,2008-11-25
King Lil G,55,2015-03-10
Lil Rob,11,1997-11-24
Lil Rob,41,1997-11-24
King Lil G,39,2012-05-05
Lil Uno,13,2005
South Park Mexican,0,2010-04-28
Proper Dos,20,2003-01-01
Mr. Capone-E,0,2006-10-24
Brownside,0,2003
T-Dre,33,1998
Brownside,0,2003
Spanish Fly,9,2003
Lil Rob,21,2005
Kinto Sol,60,2005
Spanish F.L.Y.,6,2010-05-15
Akwid,31,2007-01-01
Conejo,7,2009-08-03
Central Coast Clique,5,2004-06-22
Brownside,0,2003
Malow Mac,26,2012-06-30
Mr. Capo Los Presents…,28,2015-06-09
Sick Jacken,30,2009-06-29
Lil Blacky,20,2009-09-15
Chino Grande,8,2011-08-16
Akwid,49,2010-01-01
Mister D,11,2015-09-25
Triple C,9,2018-09-15
Silencer,18,2004
Clika 1,40,2008-09-30
Westside Cartel,21,2007
Conejo,8,2004-12-14
Mr. Knightowl,6,2003
Cali Life Style,12,2013-08-13
Central Coast Clique,29,2004-01-01
Lighter Shade Of Brown,5,2006-05-16
Triple C,5,2013-08-13
Sleepy Malo,2,2005-04-12
Akwid,35,2007-01-01
Chino Grande,35,2005-08-02
Mr. Shadow,0,2007-10-16
Brownside,0,2003
Akwid,6,2007-01-01
Central Coast Clique,20,2004-01-01
Joe Bataan,0,2010-07-06
Molotov,37,2004-01-01
Lighter Shade Of Brown,6,1991-07-01
Central Coast Clique,14,2004-01-01
King Lil G,57,2014-05-27
Malow Mac,12,2013-11-19
Malow Mac,11,2012-06-30
Midget Loco,5,2011-02-14
Sleepy Malo,6,2003-11-25
Cali Life Style,25,2004-01-01
Mr. Knightowl,10,2003-11-25
Ese Lil Joker,7,2009-04-06
Mr. Criminal,47,2015-07-31
RoyalT,10,2014-11-10
Lil Cuete,6,2004-04-20
Dyablo,13,2005
Lighter Shade Of Brown,50,2002-05-21
Mr. Criminal,39,2011-06-14
Califa Thugs,20,2013-02-27
Lil Cuete,5,2004-04-20
Cypress Hill,70,1993-07-20
Spanky Loco,21,2005-08-30
Proper Dos,11,2003
Slush The Villain,5,2006-05-11
Cypress Hill,29,2001-12-04
Cypress Hill,33,2018-08-03
Akwid,30,2010-01-01
Jasper Loco,6,2011-06-21
Latin Alliance,4,1991-08-06
Lil Rob,8,2013-03-03
Young Sicc,0,2005-07-26
Conejo,5,2012-10-11
Central Coast Clique,4,2001
Fiesty 2 Gunns,4,2009-05-05
Southland Gangsters,9,2003-11-11
Dyablo,48,2001
Akwid,32,2015-02-10
Akwid,46,2010-01-01
In The Parque,0,2009-03-24
The Psycho Realm,0,1997-01-01
Jedi Mind Tricks,19,2018-06-01
Tones and I,100,2019-10-17
Arizona Zervas,99,2019-10-10
Don Toliver,92,2019-05-29
Lizzo,89,2019-10-25
Dan + Shay,91,2019-10-04
Stormzy,88,2019-12-13
Lil Uzi Vert,91,2019-12-12
Alec Benjamin,62,2020-01-16
Ali Gatie,68,2019-06-14
Coldplay,70,2019-10-24
PARTYNEXTDOOR,84,2019-11-22
Ed Sheeran,85,2019-07-12
Sam Feldt,83,2019-05-24
Lauv,84,2019-08-02
Ava Max,72,2019-12-30
Megan Thee Stallion,53,2019-08-08
Ed Sheeran,84,2019-07-12
Galantis,77,2019-10-25
Billie Eilish,95,2019-03-29
Julie Bergan,72,2020-01-03
Highly Suspect,68,2019-11-01
Lil Tecca,56,2019-08-30
Bebe Rexha,77,2019-09-20
Banx & Ranx,57,2019-11-07
Jessie J,55,2019-11-22
KAMILLE,45,2019-10-16
JC Stewart,55,2019-11-22
Lil Nas X,40,2019-04-05
Hamzaa,51,2019-10-30
Young Thug,83,2019-05-23
Why Don't We,79,2019-08-23
YNW Melly,90,2019-11-22
Maisie Peters,41,2019-09-20
Ava Max,87,2018-08-17
Mabel,77,2019-06-07
Lewis Blissett,53,2019-08-28
Panic! At The Disco,86,2018-06-22
Fuse ODG,70,2019-11-28
Meek Mill,85,2018-11-30
Stormzy,69,2019-06-21
D-Rashid,0,2017-08-11
D-Rashid,29,2018-12-07
D-Rashid,9,2016-07-08
Afro Bros,41,2018-03-09
Merdan D,14,2018-03-30
Nixon Joseph,8,2017-12-21
Tom Thomson,42,2018-11-22
Steve Andreas,11,2017-06-19
Merdan D,27,2019-02-15
Jaycob Duque,43,2018-10-26
Freddy Moreira,26,2016-12-21
Merdan D,21,2018-03-16
Kimberlee Ramirez,38,2017-11-24
Sam Blans,36,2016-09-29
Scorpion,36,2017-06-19
Sam Blans,25,2016-08-09
Steve Andreas,6,2018-05-16
Freddy Moreira,27,2016-12-21
Johnny 500,43,2018-12-14
Merdan D,0,2017-06-30
Wiley,74,2019-01-22
Jack & Lewis,18,2016-04-21
Donny Duardo,42,2018-03-10
Afro Bros,31,2019-01-18
Sunnery James & Ryan Marciano,12,2018-07-13
Sunnery James & Ryan Marciano,18,2018-06-25
Chuckie,43,2018-07-09
J Balvin,54,2017-06-30
Nicky Jam,73,2018-06-29
J Balvin,71,2016-06-24
D'Koncep,22,2016-10-21
Sam Blans,19,2016-02-05
Larris V,7,2017-01-27
Gregor Salto,37,2016-07-04
Simon Fava,47,2017-07-24
Dominic Candela,3,2016-04-01
Genairo Nvilla,13,2011-06-24
Bryan Dalton,4,2014-03-27
Soul Cartel,4,2011-10-03
Genairo Nvilla,0,2017-08-04
Genairo Nvilla,4,2017-06-30
Diaz & Bruno,37,2016-07-08
Leroy Styles,0,2015-05-08
Kenny Man,65,2018-12-21
Sidney Samson,10,2018-06-15
Randy Leroy ft. Bollebof,27,2016-04-22
OYE!!!,37,2018-06-15
Genairo Nvilla,5,2018-11-02
Freddy Moreira,25,2016-12-21
Sam Blans,19,2018-12-22
Sunnery James & Ryan Marciano,20,2016-12-09
Freddy Moreira,28,2016-11-18
RoulnDoors,0,2015-08-14
Divolly & Markward,8,2016-09-09
Gregor Salto,3,2012-05-21
Genairo Nvilla,6,2014-08-07
Praia Del Sol,0,2014-08-01
Galantis,18,2015-07-10
Genairo Nvilla,7,2016-02-19
Freddy Moreira,0,2017-07-28
D-Rashid,3,2017-04-14
Renato S,2,2017-06-02
Andrew Mathers,5,2014-01-16
Genairo Nvilla,6,2016-09-30
Igor Neves,4,2016-06-06
Genairo Nvilla,6,2016-09-30
Carlitos Moreno,13,2016-09-09
Igor Neves,1,2016-07-29
Miguel O'Syrah,13,2016-07-11
Brian Chundro,0,2014-07-15
Nari & Milani,0,2016-06-20
Wiwek,0,2015-08-10
RoulnDoors,0,2014-03-14
Stefan Vilijn,0,2014-08-01
David Fesser,3,2016-04-01
Reid Stefan,0,2015-08-14
RoulnDoors,0,2014-12-01
Elio & Sylvester,0,2014-10-26
Santos Suarez,3,2013-09-12
Elio & Sylvester,0,2014-09-02
Igor Neves,0,2015-08-14
Faya,1,2013-05-13
Aldair Silva,0,2015-08-14
Gregor Salto,9,2014-03-28
MarllDexx,3,2012-12-01
Gregor Salto,0,2014-06-10
Gregor Salto,35,2014-03-28
Gregor Salto,25,2014-03-28
La Fuente,0,2014-04-21
As Tequileiras do Funk,13,2014-03-28
Smashing Sebastian,1,2015-03-02
D-Rashid,4,2012-11-03
D.Polo,1,2015-04-13
Santos Suarez,1,2013-12-30
Silvio Luz,0,2015-08-14
Franky Rizardo,21,2012-11-26
Gregor Salto,0,2014-08-01
Genairo Nvilla,6,2014-08-07
Chernobyl,13,2013-07-21
J Balvin,82,2020-01-09
Myke Towers,79,2020-01-03
Jhay Cortez,81,2019-11-19
"Drako ""El Principe""",30,2019-10-17
Diamond la Mafia,24,2020-01-07
"Drako ""El Principe""",2,2019-01-25
Rich Music LTD,52,2019-09-20
Rich Music LTD,76,2019-10-11
Arcangel,84,2019-12-20
Arcangel,65,2019-12-20
"Secreto ""El Famoso Biberon""",58,2019-12-18
Capo Life Family,9,2019-02-02
Bad Bunny,93,2019-11-21
Dimelo Flow,72,2019-12-20
DJ Luian,78,2019-12-04
Dimelo Flow,75,2019-11-29
Residente,77,2019-07-26
"Drako ""El Principe""",27,2019-08-08
Midoracks,34,2019-12-04
David Khalis,34,2019-12-20
"Drako ""El Principe""",51,2019-12-20
Ozuna,85,2019-11-29
KAROL G,98,2019-11-07
Sech,88,2019-09-26
"Drako ""El Principe""",20,2019-10-12
KEVVO,81,2019-09-12
Myke Towers,84,2019-08-02
Rich Music LTD,81,2019-10-11
Eix,70,2019-12-20
Tainy,90,2019-08-22
Manuel Turizo,83,2019-08-23
Noriel,77,2019-10-25
Rich Music LTD,85,2019-10-11
Ozuna,75,2019-11-29
Brytiago,75,2019-11-15
Dalex,87,2019-11-22
Farina,71,2019-11-22
Lunay,89,2019-10-25
Rauw Alejandro,72,2019-11-20
Rvssian,82,2019-09-18
Reykon,65,2019-11-15
Justin Quiles,86,2019-09-06
Emilio Rojas,44,2019-11-06
Bodine,34,2019-10-25
Paula Romina,30,2019-10-11
Estro,34,2019-10-10
Daddy Yankee,90,2019-10-18
Jhay Cortez,84,2019-05-17
Las Villa,54,2019-10-04
Dimelo Flow,83,2019-08-30
J Balvin,91,2019-06-28
Maluma,85,2019-09-27
Bad Bunny,90,2019-05-31
C. Tangana,79,2019-09-12
Sech,86,2019-07-26
Dalex,82,2019-09-06
ROSALÍA,87,2019-03-28
Lunay,85,2019-05-10
Myke Towers,81,2019-09-13
Darell,80,2019-07-12
Chris Viz,76,2019-04-10
Sech,11,2019-04-11
Dalex,83,2019-05-10
Daddy Yankee,80,2019-06-28
Nicky Jam,58,2019-08-02
Maluma,86,2019-05-17
Mau y Ricky,82,2019-07-17
Dalex,18,2019-02-07
Nicky Jam,58,2019-03-22
Sech,7,2019-02-28
Prince Royce,75,2019-06-07
Zion & Lennox,72,2019-05-17
Piso 21,79,2019-07-05
J Balvin,79,2019-06-28
Lunay,17,2018-12-07
Young Cister,62,2019-08-09
Noriel,83,2019-08-09
Nio Garcia,79,2019-07-19
j mena,55,2019-08-02
Tommy Boysen,73,2017-10-05
Anuel AA,18,2018-11-02
Casper Magico,74,2019-04-30
Paulo Londra,78,2019-04-03
Ozuna,64,2019-06-06
Bryant Myers,62,2019-03-08
Ceaese,0,2018-08-16
Paloma Mami,72,2019-03-22
Anuel AA,82,2019-01-15
Pitbull,63,2019-09-27
Camilo,88,2019-08-09
Astrojaxx,42,2019-07-19
Nicky Jam,62,2019-11-01
Salah,31,2018-04-06
DÉRLY,12,2019-11-22
Reik,79,2019-05-31
Danelly Elly,20,2019-09-06
Mike Moonnight,34,2019-04-28
ROSALÍA,88,2019-08-15
Luis Fonsi,75,2019-04-24
Shawn Mendes,88,2019-06-19
Sech,84,2019-04-19
Mau y Ricky,80,2019-05-03
Pitbull,76,2019-04-26
Nicky Jam,60,2019-11-01
Jesse & Joy,78,2019-10-04
Nicky Jam,81,2019-11-01
Hayz,9,2019-08-30
Mambo Kingz,73,2019-06-19
DJ Snake,48,2019-06-13
Sebastian Yatra,74,2019-03-22
Sebastian Yatra,78,2019-01-18
Daddy Yankee,87,2019-01-24
Paulo Londra,79,2018-11-05
Justin Quiles,6,2019-04-26
Mau y Ricky,79,2018-10-12
Luis Fonsi,64,2019-02-01
Wisin & Yandel,80,2018-12-14
Greeicy,71,2019-03-15
Danny Ocean,9,2019-02-15
Pedro Capó,86,2018-10-05
Luis Fonsi,53,2019-02-01
Jhay Cortez,52,2018-10-19
Luis Fonsi,62,2019-02-01
CNCO,69,2018-10-26
Bad Bunny,83,2018-10-11
6ix9ine,12,2018-08-31
Luis Fonsi,74,2018-10-19
CNCO,60,2018-04-06
Luis Fonsi,22,2017-01-13
Nicky Jam,72,2017-01-20
Enrique Iglesias,65,2014-07-04
Enrique Iglesias,74,2017-02-24
Wayne Dreadski,0,2019-01-11
Nicky Jam,74,2017-01-20
Nicky Jam,8,2016-01-13
Sebastian Yatra,66,2016-06-24
Enrique Iglesias,52,2014-07-04
Nicky Jam,68,2014-09-09
Zuna,60,2017-04-14
Luis Fonsi,20,2017-11-17
RedOne,51,2017-10-27
Carlos Vives,76,2017-11-10
DJ Snake,83,2018-09-28
Piso 21,72,2017-10-20
Ozuna,70,2018-08-24
Lolita,16,2019-01-28
Mario Bautista,75,2018-08-17
Reykon,66,2018-10-26
Ozuna,65,2019-01-05
ROSALÍA,71,2019-07-03
Pitbull,56,2019-09-27
Dalex,91,2019-11-01
Anuel AA,80,2018-12-14
Major Lazer,76,2019-09-11
J Alvarez,60,2019-06-21
Reik,7,2018-11-16
Cosculluela,71,2018-04-13
Becky G,76,2018-08-02
DJ Luian,83,2019-03-28
Plan B,71,2018-08-03
Myke Towers,78,2019-02-26
Fuego,60,2018-09-21
J Balvin,75,2019-06-28
J Balvin,86,2019-06-28
J Balvin,75,2019-06-28
Bad Bunny,78,2018-12-23
Bad Bunny,72,2019-06-14
Bad Bunny,65,2017-06-22
Guaynaa,78,2019-07-12
Milly,63,2019-07-19
Suave,18,2019-05-01
Dalex,70,2019-05-10
Justin Quiles,83,2019-04-19
Mariah,72,2019-09-27
Brray,60,2019-05-03
Gigolo Y La Exce,76,2019-10-16
Jhay Cortez,86,2019-05-24
B.o.B,75,2010-04-26
Christina Perri,79,2011-10-18
Eminem,82,2010-06-18
Jennifer Lopez,57,2011-01-01
Justin Bieber,76,2010-01-01
Miley Cyrus,73,2009-01-01
Owl City,78,2009-01-01
Pitbull,79,2011-06-17
Pitbull,71,2011-06-17
Pitbull,65,2011-06-17
Rihanna,75,2011-11-18
Selena Gomez & The Scene,75,2011-01-01
Shakira,77,2010-05-07
Taio Cruz,71,2010-01-01
The Wanted,67,2012-01-01
Maroon 5,6,2011-06-22
Gym Class Heroes,77,2011-11-11
Iyaz,72,2009-08-11
Justin Bieber,54,2011-01-01
Justin Bieber,4,2010-01-01
Michael Jackson,61,2010-12-14
Akon,53,2010-01-01
Akon,39,2013-12-17
Akon,27,2013-12-17
Akon,28,2013-12-17
Akon,31,2013-12-17
Akon,27,2013-12-17
Jay Sean,76,2009-01-01
Jay Sean,51,2009-01-01
Jay Sean,33,2009-01-01
Jay Sean,48,2009-01-01
Jay Sean,31,2009-01-01
Justin Bieber,68,2009-01-01
Justin Bieber,67,2009-01-01
Justin Bieber,65,2009-01-01
Rihanna,47,2009-11-20
Lady Gaga,78,2009-11-05
Rihanna,68,2010-11-16
Usher,78,2010-03-30
Jay Sean,67,2009-01-01
Jason Derulo,71,2010-02-26
Jason Derulo,69,2010-02-26
Bruno Mars,75,2010-10-05
Rihanna,56,2009-11-20
Rihanna,65,2009-11-20
Rihanna,72,2009-11-20
Rihanna,72,2010-11-16
Rihanna,72,2010-11-16
Rihanna,48,2010-11-16
Rihanna,65,2010-11-16
Rihanna,71,2011-11-19
Jennifer Lopez,57,2011-01-01
David Guetta,63,2010-11-22
Katy Perry,62,2010-08-24
Katy Perry,67,2010-08-24
Katy Perry,56,2010-08-24
Drake,68,2016-05-13
Drake,59,2016-05-13
Drake,62,2016-05-13
Drake,75,2015-09-20
Drake,51,2016-05-13
Future,68,2015-07-17
Desiigner,71,2016-02-26
Rihanna,36,2016-01-28
Major Lazer,52,2015-11-27
Rihanna,16,2016-01-28
Don Omar,20,2012-01-01
Don Omar,57,2010-01-01
Don Omar,56,2010-01-01
Don Omar,60,2010-01-01
Don Omar,38,2010-01-01
Don Omar,40,2006-01-01
Don Omar,12,2004-01-01
Don Omar,73,2003-01-01
Nicky Jam,7,2016-04-19
Nicky Jam,41,2014-11-04
Wisin & Yandel,69,2005-01-01
Plan B,3,2014-09-09
Alexis y Fido,63,2011-03-21
Plan B,1,2014-09-09
Iyanya,0,2012-04-27
Ludacris,61,2010-01-01
Cosculluela,52,2016-05-13
Cosculluela,62,2015-08-21
Cosculluela,0,2009
Tego Calderon,54,2009-02-03
Tego Calderon,71,2003-07-01
Tego Calderon,0,2004-01-01
Tego Calderon,43,2006-08-29
Tego Calderon,51,2003-07-01
Tego Calderon,47,2006-10-10
Nicky Jam,54,2009-07-24
Tego Calderon,63,2004
Rubén Blades,9,2012-03-26
Marc Anthony,75,2013-07-23
Marc Anthony,65,2006-06-30
Marc Anthony,60,2004-07-27
Héctor Lavoe,6,2009
Oscar D'León,64,1996-02-28
El Gran Combo De Puerto Rico,55,1979
Sia,68,2016-02-11
Don Omar,1,2006-01-01
Willie Colón,2,2012-04-10
Kungs,20,2016-02-19
Tinie Tempah,67,2016-02-26
Don Omar,46,2015-06-16
Don Omar,67,2015-06-16
Don Omar,58,2015-06-16
DJ Snake,81,2016-08-05
Sak Noel,45,2016-06-03
Major Lazer,69,2016-07-22
Pitbull,7,2015-07-17
The Weeknd,7,2016-09-22
Skylar Grey,50,2016-09-23
DRAM,69,2016-04-06
Tory Lanez,67,2016-08-19
Lil Wayne,77,2016-06-24
DJ Khaled,53,2016-07-04
Ty Dolla $ign,33,2016-07-12
Meek Mill,71,2015-06-29
DJ Khaled,56,2016-06-17
Vybz Kartel,62,2016-06-10
Alkaline,0,2015-05-05
Clean Bandit,77,2016-10-21
Jidenna,2,2015-12-21
Ayo Jay,60,2016-08-17
Charly Black,67,2016-10-07
Sean Paul,47,2012-04-09
Kranium,58,2016-09-23
Luis Enrique,74,2009-05-19
Mr. Vegas,33,1998
Romeo Santos,71,2014-02-25
Romeo Santos,68,2012-08-27
The Roots,65,1999-02-23
FRENSHIP,73,2016-09-02
Enrique Iglesias,57,2014-05-06
Farruko,2,2014-10-27
Drake,6,2016-10-24
Sia,74,2016-10-21
John Legend,67,2016-12-02
Major Lazer,10,2015-06-01
Major Lazer,0,2015-11-27
Major Lazer,2,2013-04-16
Machel Montano,36,2015-09-04
Major Lazer,29,2009-06-16
Wisin & Yandel,0,2013-08-06
Wisin & Yandel,42,2007-01-01
Daddy Yankee,56,2010-09-09
Don Omar,0,2004-01-01
Aventura,58,2006-11-21
Plan B,5,2011-12-29
Don Omar,57,2008-01-01
Don Omar,1,2009-01-01
Don Omar,1,2010-01-01
Tony Dize,2,2007-01-01
Freestyle,28,2007-08-14
Shannon,53,2000-12-01
Will To Power,42,1988-08-09
Noel,43,1988-03-07
Linear,49,2005-02-08
Stevie B,0,2008-06-13
Information Society,0,1988-06-15
Debbie Deb,46,2013-11-28
Nice & Wild,45,1987
Nu Shooz,41,2017-06-23
Trinere,27,1997
TKA,0,1987
Lisa Lisa & Cult Jam,51,1985
Company B,30,2009-04-01
Cynthia,42,2011-08-15
Lil Suzy,45,2004
Connie,15,2002-01-01
Debbie Deb,0,1995-11-21
The Cover Girls,9,2017-08-08
Exposé,48,1987
Nocera,40,2008-09-02
Safire,35,2006-11-27
Stacey Q,54,1986-08-18
Stevie B,46,1991-01-01
Taylor Dayne,65,1988-01-19
Lisa Lisa & Cult Jam,0,1985-12-17
Debbie Deb,0,1995-11-21
Freestylers,22,2016-08-18
When In Rome,63,1988-01-01
Exposé,43,1987
Corina,35,2005-02-08
Lisette Melendez,24,1991-01-01
Giorgio Moroder,0,1994-01-01
People Like Us,26,1986
Information Society,0,1988-06-15
Stevie B,36,1991-01-01
Jenny Burton,19,1983
Nayobe,30,2010-11-08
Timmy T,15,1990-03-15
Promise Circle,11,2007-03-01
Shannon,44,2000-12-01
Johnny O.,6,2011-09-27
Alisha,32,2007-01-01
Safire,30,2003
Pretty Poison,46,1988-01-01
Stevie B,41,1991-01-01
Will To Power,37,1988-08-09
Lisa Lisa & Cult Jam,44,1985
Sweet Sensation,32,1988-05-24
Bardeux,15,1988
Adam Marano,33,2001
Wish & Fonda Rae,22,2005-01-01
Trinere,36,1997
Dino,28,1989-01-01
Information Society,1,1988-06-15
Righeira,0,2007-05-30
Tapps,32,2011-08-24
Digital Emotion,42,2008-01-01
"Tallak feat,Viv Gee",0,2005-10-14
Rockell,13,1998-05-15
Nancy Martinez,30,1986
Coro,38,2003
The Jets,43,1998-01-01
D'zyre,18,2000-03-15
Marce,0,2012-09-11
Freeeze,16,2013-05-28
TPE featuring Adam Marano,16,1994
Freestyle,34,2013-11-28
Flowbee,0,2005-10-14
Seduction,30,1989
Giggles,31,2003
Angelique,20,1996
Exposé,30,1987
Elissa,2,2009-08-28
Rio Diege,0,2009-02-24
Jellybean,33,2010-01-01
N.V.,36,1993-03-15
Camouflage,27,1988
Red Flag,0,2017-02-11
Tallak,0,2005-10-14
STOP,41,1989-06-01
Newcleus,28,2009-01-01
Cynthia,33,2011-08-15
Tonasia,8,2009-01-27
Shana,34,2005-09-13
1A.m.,2,2007-12-21
Aby,11,2015-12-14
The Flirts,48,1982-01-01
Man Parrish,33,1983-01-01
Nu Shooz,38,1986-05-05
Floor Bangas,0,2012-06-29
Nice & Wild,12,2010-07-12
Lil' Johanna,15,1996
B.City Crew,0,2005-10-14
Tapps,43,2011-07-11
Imagine Dragons,12,2017-06-23
Imagine Dragons,72,2012-09-04
Fall Out Boy,79,2015-01-20
Fall Out Boy,73,2015-01-20
Maroon 5,8,2017-02-14
Maroon 5,11,2016-10-11
Maroon 5,80,2015-05-15
Maroon 5,70,2010
OneRepublic,74,2014-01-01
DNCE,80,2016-11-18
Lukas Graham,79,2016-04-01
Imagine Dragons,73,2012-09-04
Fall Out Boy,69,2015-01-20
Charlie Puth,79,2016-01-29
Passenger,35,2012-06-29
Imagine Dragons,65,2012-09-04
Justin Timberlake,74,2016-09-23
The Weeknd,80,2015-08-28
The Wanted,47,2012-01-01
The Weeknd,84,2016-11-25
Avicii,84,2013-01-01
Wiz Khalifa,18,2015-03-10
John Legend,85,2013-08-30
Bruno Mars,70,2010-10-05
Hozier,24,2014-10-07
Charlie Puth,67,2016-01-29
David Guetta,66,2011-08-26
OneRepublic,76,2009-01-01
Owl City,72,2012-01-01
fun.,70,2012-02-21
The Black Eyed Peas,69,2009-01-01
Maroon 5,72,2012-01-01
Bastille,71,2013-01-01
Eminem,74,2013-11-05
David Guetta,59,2011-08-26
Bruno Mars,82,2012-12-07
Neon Trees,65,2012-01-01
LMFAO,67,2011-01-01
Kelly Clarkson,73,2011-10-24
Gotye,63,2011-01-01
Maroon 5,67,2012-01-01
OneRepublic,70,2009-01-01
Rihanna,4,2011-11-18
Maroon 5,58,2012-01-01
The Lumineers,70,2012-04-03
Justin Timberlake,9,2013-03-15
Gym Class Heroes,60,2011-11-15
Jason Mraz,82,2008-05-12
Ellie Goulding,61,2010
Lady Gaga,67,2008-01-01
Calvin Harris,75,2012-10-26
Lady Gaga,69,2008-01-01
P!nk,11,2008-10-24
Rihanna,76,2008-06-02
Beyoncé,69,2008-11-14
Maroon 5,60,2015-05-18
DJ Khaled,70,2017-06-22
Ed Sheeran,67,2013
Zedd,79,2017-02-23
Charlie Puth,23,2017-04-20
Rascal Flatts,72,2006-01-01
Bruno Mars,75,2010-10-05
fun.,73,2012-02-21
Bruno Mars,78,2012-12-07
Maroon 5,75,2015-05-15
Usher,79,2004-03-23
American Authors,76,2014-01-01
Kelly Clarkson,72,2004-01-17
Bruno Mars,77,2010-10-05
Rixton,4,2015-05-04
Bruno Mars,76,2012-12-07
Taylor Swift,52,2008-11-11
P!nk,10,2012-09-14
Pitbull,48,2011-06-17
Ariana Grande,74,2014-08-25
Taylor Swift,16,2012-10-22
Sheppard,63,2015-03-10
Icona Pop,67,2013-08-27
Adele,79,2011-01-19
Sia,71,2015-05-01
Calvin Harris,69,2012-10-26
Justin Timberlake,5,2013-03-15
Zedd,8,2012-01-01
Ariana Grande,11,2014-08-22
Taylor Swift,68,2014-10-27
Kelly Clarkson,64,2004-01-17
OMI,67,2015-10-16
Taylor Swift,65,2014-10-27
Maroon 5,22,2002-06-25
Selena Gomez,62,2013-01-01
Demi Lovato,74,2015-01-01
Ellie Goulding,60,2015-11-13
Ariana Grande,77,2016-05-20
Elle King,73,2015-02-13
Andy Grammer,54,2015-10-09
Elettra Lamborghini,2,2018-02-02
Wisin,11,2017-03-31
J Balvin,1,2017-12-22
Max Brigante,23,2018-06-29
Elettra Lamborghini,45,2018-09-21
Nicky Jam,50,2018-04-27
Rvssian,73,2018-09-06
Ozuna,64,2018-08-24
Nio Garcia,80,2018-04-13
J Balvin,77,2018-11-17
Ozuna,2,2016-07-19
Flo Rida,53,2018-09-27
Sebastian Yatra,58,2018-11-23
Ozuna,66,2018-08-24
J Balvin,66,2018-05-25
6ix9ine,14,2018-11-27
Lalo Ebratt,67,2018-10-05
Stefflon Don,32,2018-08-17
J Balvin,40,2018-03-30
Sean Paul,2,2019-01-17
Sean Paul,79,2019-03-14
Ozuna,65,2019-03-14
Fred De Palma,45,2019-03-15
Fred De Palma,32,2018-11-06
Daddy Yankee,77,2018-11-09
Lunay,70,2019-02-21
Reik,5,2016-11-11
Maluma,23,2019-03-01
Zion & Lennox,56,2018-10-26
Fred De Palma,44,2018-06-15
Ardian Bujupi,52,2019-02-22
Sia,56,2016-06-17
Ozuna,80,2019-04-25
Anuel AA,74,2018-07-17
Sak Noel,49,2019-01-25
Daddy Yankee,74,2019-04-19
Major Lazer,55,2019-05-10
Farruko,76,2019-04-26
Elettra Lamborghini,6,2019-06-05
Cheka,13,2016-10-01
Dimitri Vegas & Like Mike,81,2019-07-05
Jason Derulo,68,2019-07-05
Maître Gims,61,2019-07-05
Tyga,70,2019-06-05
J Balvin,72,2019-06-28
Aya Nakamura,66,2019-08-02
Aya Nakamura,76,2019-08-30
Reik,88,2019-08-23
Chris Brown,60,2019-06-28
Saweetie,56,2019-09-20
Ozuna,68,2019-11-07
Fred De Palma,44,2019-08-30
Major Lazer,84,2019-09-11
IZA,71,2019-11-08
Dimitri Vegas & Like Mike,71,2019-11-29
Yandel,68,2019-12-06
Rasel,43,2019-05-31
DJ Snake,80,2019-12-27
Stormzy,76,2019-11-22
Wisin & Yandel,77,2019-10-18
Yxng Le,59,2020-01-16
Sky Rompiendo,57,2020-01-10
Hansie,44,2020-01-17
Hansie,45,2019-11-14
DJ DYLVN,35,2020-01-17
Frenna,69,2019-12-12
Bryan Mg,61,2019-12-13
Architrackz,42,2019-11-22
Murda,53,2019-05-09
Bryan Mg,70,2019-10-31
SXTEEN,51,2019-12-11
Jayboogz,51,2019-11-07
Architrackz,53,2019-11-22
Broederliefde,57,2019-10-24
DJ DYLVN,54,2019-10-24
Broederliefde,51,2019-12-12
ChildsPlay,60,2020-01-03
Johnny 500,50,2019-10-18
Frenna,62,2019-08-29
Architrackz,57,2019-10-11
Priceless,56,2019-10-16
Henkie T,61,2019-09-27
Broederliefde,52,2019-10-03
Frenna,64,2019-09-19
Architrackz,57,2019-09-06
Henkie T,60,2019-08-01
Henkie T,51,2019-09-27
Tabitha,49,2019-09-20
Equalz,53,2019-08-22
Chivv,55,2019-08-29
Tabitha,53,2019-09-20
Equalz,44,2019-08-22
Chip Charlez,55,2019-09-06
Equalz,42,2019-08-22
Chivv,57,2019-08-22
Chivv,39,2019-08-29
Chivv,55,2019-08-29
Henkie T,67,2019-06-28
Chivv,54,2019-08-08
IliassOpDeBeat,64,2019-06-06
Broederliefde,52,2019-07-25
Jonna Fraser,47,2018-11-02
Dopebwoy,57,2019-05-03
Hansie,40,2019-07-05
Equalz,51,2019-04-26
DJ Snake,34,2019-07-25
Bizzey,50,2019-04-12
Poke,53,2019-05-30
Yung Felix,55,2019-07-19
Ronnie Flex,1,2019-05-16
Kevcody,51,2019-04-19
Kevin,49,2019-05-03
Idaly,41,2019-04-26
KM,58,2019-04-19
Yung Felix,61,2019-03-29
Hansie,42,2019-03-15
Yung Felix,39,2019-03-15
Yung Felix,61,2019-03-08
Priceless,62,2019-03-01
Chivv,56,2019-02-08
Bizzey,45,2019-03-01
Delivio Reavon,55,2019-02-22
DJ DYLVN,60,2018-12-20
Frenna,57,2019-01-25
Frenna,54,2019-02-07
Equalz,47,2019-02-08
Idaly,35,2019-03-01
Hansie,39,2018-11-23
Poke,53,2018-12-20
Frenna,58,2018-11-23
Young Ellens,32,2018-11-09
Bizzey,59,2018-10-05
Idaly,52,2018-12-21
Jonna Fraser,1,2018-11-02
Ozuna,69,2018-11-16
Nafthaly Ramona,45,2018-08-24
Afro Bros,41,2018-11-02
Delany,49,2018-09-16
Hansie,41,2017-08-28
Bizzey,2,2018-02-16
Puri,67,2017-12-08
ValsBezig,48,2018-04-26
Hansie,49,2018-05-25
Broederliefde,47,2018-07-20
Broederliefde,52,2018-06-15
Equalz,48,2016-11-25
Broederliefde,3,2017-11-10
Yung Felix,1,2017-07-28
Gui Brazil,20,2018-05-25
Gui Brazil,38,2018-08-10
Toda la Vida,35,2017-02-07
Toda la Vida,39,2017-04-25
Madiel Lara,52,2018-04-04
Madiel Lara,47,2018-08-17
Madiel Lara,43,2018-04-04
DJ PV,31,2017-06-02
Musiko,32,2017-04-13
Evan Craft,0,2017-05-12
Funky,53,2018-07-05
GAWVI,50,2018-10-19
T-Bone,0,2018-11-23
Josue Del Cid,28,2017-05-12
T-Bone,28,2017-04-07
GabrielRodriguezEMC,29,2018-07-13
Art Aguilera,0,2018-11-23
Evaluna Montaner,40,2018-05-11
Gui Brazil,18,2016-08-15
Gui Brazil,7,2016-05-08
Su Presencia,51,2018-05-30
DJ PV,37,2018-06-08
Toda la Vida,27,2018-04-10
Funky,38,2009-06-02
Un Corazón,47,2018-06-29
Trending,24,2017-08-18
"Indiomar ""El Vencedor""",26,2013-05-10
Funky,55,2017-07-23
Funky,54,2015-09-29
Funky,49,2018-08-29
Funky,52,2015-09-29
Funky,44,2018-08-29
Redimi2,45,2018-08-29
Funky,29,2018-08-29
Redimi2,54,2018-03-16
Lead,31,2016-02-12
Toda la Vida,34,2017-07-05
Musiko,50,2017-11-21
Alex Zurdo,53,2016-12-20
Redimi2,54,2017-04-11
Kike Pavón,53,2017-06-08
Madiel Lara,38,2016-07-28
Indiomar,48,2017-01-19
Alex Zurdo,53,2018-08-17
Natan El Profeta,41,2018-02-16
Funky,51,2015-09-29
Alex Zurdo,49,2017-04-06
Carlos Herrera Music,30,2017-11-21
Madiel Lara,36,2017-06-08
Toda la Vida,35,2018-04-10
Abdi,41,2017-06-27
Abdi,15,2018-09-05
Abdi,21,2016-04-08
Rene & Diego,8,2013-06-10
Genessis & Nikki,20,2018-05-04
GAWVI,0,2017-03-31
Melvin Ayala,24,2018-11-30
Bani Muñoz,13,2013-07-05
JDR,7,2013-07-05
Mikey A,33,2018-12-07
Funky,44,2018-11-29
Odanis BSK,24,2018-08-30
Alex Zurdo,45,2014-08-01
Joel Life,10,2017-09-19
Edu Linares,0,2018-01-01
Triple Seven,37,2013-07-31
Triple Seven,38,2013-07-31
Job González,0,2016
Artury Pepper,0,2018-10-02
Carlos Herrera Music,0,2018-01-01
Gerstronik,22,2017-10-13
Ariel Ramírez,0,2016
Gerstronik,1,2018-08-24
Evaluna Montaner,55,2018-10-19
Eddy Walker,0,2017-08-14
Nexus Dj,0,2017-10-26
Mr. Don,15,2018-02-03
Yariel,25,2018-06-08
ZOE Worship,0,2018-09-23
Artury Pepper,0,2015
Musiko,48,2017-11-21
Onell Diaz,40,2018-05-08
Niko Eme,3,2017-10-06
GabrielRodriguezEMC,31,2018-12-31
Gui Brazil,41,2018-03-16
Madiel Lara,44,2018-12-21
Edu Linares,10,2018-12-21
Josue Escogido,35,2017-12-15
Jaydan,35,2018-08-06
Musiko,37,2017-11-21
Madiel Lara,38,2018-04-04
DJ PV,29,2017-03-31
Rudy Torres,18,2017-06-02
Rudy Torres,14,2017-09-01
Yeyo,4,2018-08-10
Soly,30,2018-08-31
Carlos Herrera Music,42,2018-07-03
Omy Alka,0,2018-04-25
Alex Zurdo,50,2014-08-01
Don Omar,70,2010-01-01
Shaggy,47,2017-02-17
Afrojack,1,2017-02-24
Hardwell,29,2016-12-12
Mystro,35,2014-07-03
Bonez MC,5,2016-09-09
Alvaro Soler,66,2016-07-15
Alvaro Soler,0,2015-07-10
Alx Veliz,0,2015-11-06
Becky G,48,2017-03-03
Becky G,59,2016-06-24
Becky G,47,2015-03-03
The Black Eyed Peas,9,2005-01-01
Ginostacksz Bravs Tavv,19,2016-01-26
Camilo & Grande,21,2015-06-01
Camilo & Grande,29,2015-06-01
Carolina Marquez,0,2016-05-13
CNCO,74,2016-08-26
Dopebwoy,41,2016-03-18
Don Omar,1,2016-11-11
Don Omar,57,2009-01-01
Drake,20,2016-05-06
Drake,12,2016-05-06
Drake,10,2015-07-31
Enrique Iglesias,72,2016-04-18
Enrique Iglesias,4,2014-01-01
Era Istrefi,3,2016-03-07
Faydee,40,2015-01-25
Faydee,12,2016-06-01
Frenna,50,2015-07-31
Fuse ODG,45,2016-05-20
Gente De Zona,7,2015-04-30
Guy Sebastian,27,2014
Hans Grants,0,2014-12-12
Iyaz,74,2009-08-18
J Balvin,10,2016-06-24
J Balvin,1,2013-01-01
J Balvin,3,2014-09-12
J Balvin,3,2013-01-01
J Balvin,5,2015-06-23
Jason Derulo,67,2013-09-10
Jayh,40,2014-12-12
Jennifer Lopez,71,2016-04-07
Jennifer Lopez,0,2012-05-18
Jennifer Lopez,2,2014-09-23
Jennifer Lopez,16,2011-01-01
Jigg,43,2014-12-01
Juan Magán,1,2015-07-10
Juan Magán,0,2015-03-17
Juan Magán,0,2015-03-17
Juan Magán,0,2015-03-17
Juan Magán,0,2015-03-17
Juan Magán,0,2015-03-17
Juan Magán,0,2015-01-19
KAROL G,47,2015-06-16
Kay One,0,2015-05-08
Konshens,0,2015-08-07
Kriss Raize,24,2016-05-10
Lady Bee,0,2015-12-04
Lil Jon,32,2016-12-16
Lil Jon,0,2004-01-01
Lil Jon,1,2010-01-01
Los Del Rio,62,2001-03-19
Machel Montano,0,2015-09-04
Maître Gims,61,2016-08-26
Major Lazer,7,2017-01-26
Major Lazer,0,2013-05-31
Mano Ezoh,0,2016-06-10
Marley Waters,0,2015-06-30
Mavado,22,2015-06-22
Maxwell,61,2016-12-16
MC Gkimpakos,19,2015-05-30
Meek Mill,1,2015-06-15
Migos,39,2015-07-31
Mr. President,18,1996
Nelly,46,2010-01-01
Next,37,2014-11-18
Nguvo,15,2016-02-19
Nico & Vinz,61,2015-07-17
O.T. Genasis,63,2015-09-25
Omarion,60,2014-11-11
OMI,51,2015-01-23
OMI,50,2015-10-16
PARTYNEXTDOOR,64,2016-08-12
Pitbull,54,2015-07-03
Pitbull,33,2012-11-16
Pitbull,38,2014-11-21
Pitbull,55,2014-04-08
The Pussycat Dolls,1,2008-12-22
Rihanna,34,2005-05-24
Sage The Gemini,61,2016-10-14
Sak Noel,0,2011-08-26
Sean Paul,39,2002-11-12
Sean Paul,65,2012-01-24
Sean Paul,58,2002-11-12
Sean Paul,61,2002-11-12
Delinquent Habits,51,2001-03-18
Cypress Hill,34,1998-10-06
Control Machete,0,2017-02-10
Illya Kuryaki & The Valderramas,0,2004-01-01
The Psycho Realm,27,2012-05-15
Cypress Hill,35,1991-08-13
Don Omar,1,2015-07-31
Mellow Man Ace,42,1989-01-01
Control Machete,0,2017-02-10
Kid Frost,20,1990-01-01
Delinquent Habits,36,2017-03-03
Cypress Hill,31,1991-08-13
Tiro De Gracia,47,2004-01-01
Cypress Hill,20,1993-07-20
Delinquent Habits,35,2001-03-18
Makiza,54,1999
Tiro De Gracia,45,2004-01-01
Delinquent Habits,28,1998-08-26
Cypress Hill featuring Tego Calderon,26,2004-03-23
The Psycho Realm,26,2012-05-15
Tiro De Gracia,37,2004-01-01
Delinquent Habits,43,1998-08-26
Control Machete,0,2017-02-10
Tiro De Gracia,52,2006-01-01
Control Machete,0,2017-02-10
Tiro De Gracia,43,2006-01-01
The Psycho Realm,20,1999-01-01
Los Tetas,51,2012-01-01
Tino El Pingüino,36,2013-05-31
Crudo Means Raw,43,2016-12-02
Control Machete,60,1997
Plastilina Mosh,43,1998-06-30
Zof Ziro,41,2016-06-25
Lng Sht,49,2015-11-13
Granuja,36,2017-08-06
Gordo Sarkasmus,36,2015-03-19
The Guadaloops,44,2016-07-29
Sabino,27,2017-12-04
Charles Ans,62,2015-01-29
La Banda Baston,58,2015-03-13
Doble Porcion,48,2016-09-16
Proof,44,2016-07-02
María y José,10,2013-08-06
Simpson Ahuevo,0,2014-09-05
Pseudónimo,0,2015-04-28
Violadores Del Verso,49,2006
ToteKing,32,2008-11-26
Granuja,47,2017-03-31
Doble Porcion,43,2016-09-16
Crudo Means Raw,41,2016-12-02
N. Hardem,41,2016-11-30
Sr Pablo,42,2017-08-31
Delinquent Habits,48,2017-03-03
Métricas Frías,41,2016-08-10
Sr Pablo,33,2016-12-14
Granuja,42,2017-08-06
Cypress Hill,50,1999-10-07
Cypress Hill,44,1999-10-07
Cypress Hill,43,1999-10-07
Cypress Hill,44,1999-10-07
Cypress Hill,36,1999-10-07
Cypress Hill,37,1999-10-07
Cypress Hill,44,1999-10-07
Cypress Hill,34,1999-10-07
Cypress Hill,40,1999-10-07
Cypress Hill,35,1999-10-07
Cypress Hill,33,1999-10-07
Cypress Hill,48,1999-10-07
Cypress Hill,34,1999-10-07
Cypress Hill,50,1999-10-07
Cypress Hill,33,1999-10-07
Bruto Chr,39,2015-07-23
Omega El CTM,48,2016-04-07
Zaturno,0,2009-06-22
Rapper School,52,2016-08-12
Liricistas,47,2016-05-27
Liricistas,34,2018-02-02
Mente Sabia Crú,27,2017-01-13
Canabision,19,2016-11-15
Jesteinritmos,0,2014-09-25
Portavoz,0,2012
Portavoz,0,2017-10-27
Portavoz,0,2016-09-23
Apache,50,2015-07-23
Gran Rah,27,2017-12-12
Bascur,22,2014-11-01
Kaiser,40,2017-07-13
Omega El CTM,38,2015-12-17
Akapellah,45,2016-08-23
Portavoz,0,2012
Mente Sabia Crú,29,2017-01-13
Portavoz,0,2017-10-27
Cidtronyck,55,2017-11-14
Némesis,0,2004-01-01
Ana Tijoux,0,2012-01-31
Cevlade,28,2014-07-01
Chystemc,55,2016-11-11
The Black Eyed Peas,55,2009-01-01
Bon Jovi,24,1986-01-01
Rob Base & DJ EZ Rock,54,1988-05-05
Florida Georgia Line,70,2012-01-01
George Strait,62,1997-01-01
Celia Cruz,57,2003-01-01
Ricky Martin,69,2015-02-10
Los Del Rio,58,1993-12-13
Brett Young,73,2017-02-10
Train,82,2010-12-01
Usher,0,2004-03-08
John Travolta,10,2005-01-01
Cupid,60,2007-09-11
Steve Earle,4,2008-01-01
Selena,63,2010-01-01
Selena,62,2010-01-01
Luis Fonsi,58,2017-02-17
V.I.C.,59,2008
Tim McGraw,70,2015-01-01
Brooks & Dunn,68,2009-09-08
The Temptations,26,1965-01-01
Marcia Griffiths,42,1990-03-06
Jon Pardi,71,2016-05-13
Caballo Dorado,13,2014-09-16
Sister Sledge,71,1979-02-15
The B-52's,69,1989-06-23
Mark Ronson,43,2016-08-05
Neil Diamond,20,1987-06-29
DJ Casper,54,2004-01-01
OutKast,78,2003
ABBA,72,1976
Zac Brown Band,75,2008-11-17
Jimmy Eat World,19,2001
Sam Hunt,22,2017-11-03
J Balvin,27,2018-02-02
Kungs,19,2016-11-04
Bruno Mars,32,2017-01-27
Michael Jackson,71,1982-11-30
Luke Bryan,36,2015-08-07
Keith Urban,70,2016-05-06
Daddy Yankee,66,2018-06-15
Los Tucanes De Tijuana,64,2017-09-13
Banda Zeta,57,2007-10-25
Margarita la diosa de la cumbia,59,2010-10-26
DNCE,2,2015-10-23
Don Omar,75,2010-01-01
Dan + Shay,71,2018-05-18
PRETTYMUCH,63,2018-12-14
Post Malone,55,2018-04-27
Imagine Dragons,88,2017-06-23
Marshmello,89,2018-08-17
5 Seconds of Summer,84,2018-06-15
Imagine Dragons,85,2017-06-23
Sam Hunt,71,2014-10-27
Bebe Rexha,81,2017-08-11
WALK THE MOON,32,2014-12-02
Katy Perry,73,2012-03-12
Beyoncé,75,2003-06-24
One Direction,62,2012-05-25
Ed Sheeran,86,2017-03-03
MAGIC!,78,2014-06-25
Bruno Mars,80,2010-10-05
Flo Rida,73,2012-06-22
DJ Snake,72,2013-12-18
Rednex,57,1995-04-03
The Sugarhill Gang,42,1981
Shakira,80,2005-11-28
Luke Bryan,72,2011-01-01
Elvis Crespo,67,2008-07-21
Lou Bega,76,1999-07-19
Hunter Hayes,69,2011
George Strait,66,1982-01-01
Lee Brice,69,2014-09-09
Fitz and The Tantrums,67,2017-07-24
Chris Stapleton,77,2015-05-04
Childish Gambino,71,2018-07-11
Los Hijos Del Pueblo,61,2009-06-17
Kodak Black,56,2018-10-11
Mustard,10,2019-01-16
Destiny's Child,76,1999-07-27
Lloyd,60,2007-01-01
Green Day,75,1997-10-14
Nicky Jam,65,2001-12-04
Nicky Jam,50,2003-08-05
El Alfa,62,2018-08-24
Jowell & Randy,20,2014-12-13
Manuel Turizo,66,2018-11-09
Wisin & Yandel,64,2018-12-14
Nengo Flow,59,2017-02-10
Miky Woodz,54,2018-05-25
50 Cent,56,2003-02-06
Coolio,80,1995-11-07
Dr. Dre,73,1999-01-01
Bad Bunny,72,2018-12-23
Bad Bunny,77,2018-12-23
Brytiago,74,2018-10-31
El Alfa,56,2017-11-26
Arcangel,51,2018-09-14
Miky Woodz,58,2017-07-21
KAROL G,73,2018-09-14
Bad Bunny,70,2018-12-23
C. Tangana,71,2018-10-24
Bad Bunny,11,2018-08-17
Wisin & Yandel,4,2018-10-25
Kevin Roldan,72,2018-09-07
Duki,69,2018-12-07
Justin Quiles,55,2018-11-08
Yandel,0,2018-10-12
Aitana,62,2018-07-26
J Balvin,18,2017-06-30
XXXTENTACION,87,2018-03-16
Kalash,62,2018-05-18
Sammy & Falsetto,58,2012
Capo Plaza,0,2017-10-18
Arcangel,69,2016-09-30
Sofia Reyes,75,2018-02-16
Papichamp,55,2018-08-03
Ozuna,64,2017-11-17
Izi,1,2018-10-05
J Balvin,59,2018-01-19
Ozuna,7,2016-09-01
Bad Bunny,79,2018-12-23
Bad Bunny,73,2018-12-23
Bad Bunny,71,2018-12-23
Bad Bunny,68,2018-12-23
Bad Bunny,68,2018-12-23
Bad Bunny,79,2018-12-23
Bad Bunny,72,2018-12-23
Bad Bunny,70,2018-12-23
Bad Bunny,76,2018-12-23
Bad Bunny,69,2018-12-23
Revol,6,2016-12-25
Jon Z,64,2017-09-01
Jory Boy,67,2017-03-11
De La Ghetto,62,2015-08-28
Anuel AA,64,2017-03-31
Bad Bunny,69,2017-04-11
Daddy Yankee,60,2012-01-01
Farruko,57,2010-12-04
Nova y Jory,62,2009-06-26
Opi the Hit Machine,46,2016-04-30
Jory Boy,39,2014-06-16
"Franco ""El Gorilla""",0,2009-01-01
Farruko,34,2017-02-21
"Galante ""El Emperador""",23,2012-06-02
Plan B,0,2012-08-20
Ozuna,47,2014-10-04
Klasico,63,2016-02-12
Eloy,36,2011-10-08
Jory Boy,41,2014-06-16
Plan B,0,2010-07-20
"Gotay ""El Autentiko""",34,2011-12-16
J Alvarez,0,2009-12-22
J Alvarez,19,2014-10-17
J Alvarez,36,2018-01-12
Tony Dize,39,2014-06-13
De La Ghetto,45,2013-08-24
Farruko,53,2011-05-11
"Gotay ""El Autentiko""",36,2013-10-29
"Gotay ""El Autentiko""",37,2013-10-29
Nova y Jory,58,2011-07-12
Farruko,37,2016-02-22
Farruko,24,2016-02-22
Cosculluela,0,2015-09-25
Tony Dize,65,2009
Arcangel,0,2012-10-02
Yomo,41,2009-01-01
Future,93,2020-01-10
Tyga,91,2019-11-13
Travis Scott,89,2019-12-27
Arizona Zervas,82,2018-06-03
JACKBOYS,87,2019-12-27
H.E.R.,61,2020-01-17
Arizona Zervas,71,2019-10-10
French Montana,75,2019-12-06
JACKBOYS,84,2019-12-27
YNW Melly,90,2019-11-22
Fivio Foreign,40,2020-01-17
21 Savage,83,2019-10-31
Y2K,91,2019-06-28
Travis Scott,94,2019-10-04
Russ,82,2019-10-18
Young Thug,82,2019-12-20
Lil Tjay,79,2020-01-01
Tyga,77,2019-10-25
Juice WRLD,92,2019-10-04
J Hus,70,2019-12-27
Lil Uzi Vert,91,2019-12-12
Lil Tjay,82,2019-10-11
DaBaby,93,2019-09-27
Doja Cat,75,2019-11-07
Calboy,60,2019-12-20
Roddy Ricch,98,2019-12-06
Russ,75,2019-12-13
KILLY,62,2019-12-24
Roddy Ricch,84,2019-12-06
Lil Tjay,78,2019-12-13
24kGoldn,75,2019-11-22
Roddy Ricch,80,2019-12-06
Flipp Dinero,67,2019-11-22
Kanye West,85,2019-10-25
Lil Nas X,13,2019-06-20
Trippie Redd,83,2019-11-22
7715,40,2019-12-13
Blac Youngsta,57,2019-11-29
Not3s,61,2019-12-06
Future,70,2019-11-15
Blac Youngsta,61,2019-11-29
Rich The Kid,75,2019-12-06
Doja Cat,74,2019-11-07
Lil Baby,88,2019-11-08
Fredo,75,2019-11-08
Mustard,90,2019-06-28
French Montana,76,2019-12-06
Don Toliver,92,2019-05-29
Koffee,74,2019-11-26
YNW Melly,78,2019-11-22
24kGoldn,64,2019-11-22
NLE Choppa,71,2019-11-01
Lil Peep,67,2019-11-15
Young Thug,86,2019-11-01
G-Eazy,64,2019-10-18
Blac Youngsta,45,2019-11-29
Trippie Redd,77,2019-11-22
Young T & Bugsey,76,2019-11-07
Deante' Hitchcock,60,2019-11-05
24kGoldn,64,2019-11-22
J Hus,75,2019-11-08
Kanye West,75,2019-10-25
Lil Peep,66,2019-10-31
Future,55,2019-10-28
Polo G,74,2019-06-07
Lil Tecca,19,2019-05-22
GASHI,54,2019-10-30
Yo Gotti,68,2019-10-18
French Montana,59,2019-12-06
View,45,2019-11-15
Doja Cat,69,2019-10-24
Kelvyn Colt,58,2019-11-08
Baby Keem,83,2019-07-19
BEAM,41,2019-10-18
Swagger Rite,40,2019-10-18
Lil Mosey,64,2019-09-17
Polo G,76,2019-09-20
A$AP Rocky,77,2019-08-28
YNW Melly,85,2019-08-09
Chris Brown,85,2019-06-28
Tyla Yaweh,77,2019-09-27
DaBaby,88,2019-09-27
View,38,2019-10-18
BROCKHAMPTON,73,2019-08-23
Aitch,70,2019-09-06
NLE Choppa,85,2019-09-13
KRYPTO9095,74,2019-03-29
Godfather of Harlem,52,2019-08-30
Yo Gotti,68,2019-08-23
YoungBoy Never Broke Again,84,2019-10-11
Godfather of Harlem,49,2019-08-30
Young Thug,81,2019-08-16
G-Eazy,56,2019-09-19
GASHI,51,2019-09-20
Godfather of Harlem,46,2019-10-04
Post Malone,46,2019-09-06
Drake,77,2019-09-13
Rick Ross,59,2019-08-15
Russ,66,2019-09-13
Post Malone,87,2019-09-06
H.E.R.,81,2019-09-27
Khalid,83,2020-01-09
BROCKHAMPTON,88,2019-08-23
Giveon,56,2019-11-21
Khalid,77,2019-08-13
AWA,50,2019-11-21
Bakar,67,2019-08-15
G-Eazy,29,2019-08-22
Summer Walker,80,2019-10-04
Arizona Zervas,99,2019-10-10
Usher,73,2019-12-13
Jorja Smith,80,2019-08-16
KAYTRANADA,70,2019-12-13
Swae Lee,75,2019-08-16
Moh Flow,32,2019-12-18
James Arthur,73,2019-09-06
Doja Cat,81,2019-08-15
Dominic Fike,75,2019-07-04
Quinn XCII,67,2020-01-10
Samm Henshaw,47,2019-08-15
GASHI,55,2019-09-20
H.E.R.,25,2018-08-03
MAX,65,2019-07-19
Alan Walker,68,2019-07-25
Mark Ronson,69,2019-04-12
Julian Perretta,45,2019-05-17
Beyoncé,69,2019-07-19
Izzy Bizu,50,2019-03-25
Lord Siva,54,2019-08-16
Pip Millett,49,2019-06-25
Aeris Roves,47,2019-05-17
Lucky Daye,1,2019-02-06
BTS,67,2019-06-21
Summer Walker,10,2019-02-10
Tommy Genesis,54,2019-12-12
Cardi B,79,2019-02-15
Ariana Grande,84,2019-08-02
Nao,56,2018-10-26
IAMDDB,52,2019-12-25
Jessie Reyez,74,2019-04-09
Childish Gambino,18,2016-12-02
Daniel Caesar,69,2019-06-28
Post Malone,83,2018-04-27
Priya Ragu,29,2019-05-24
Lucky Daye,28,2018-10-24
Tinashe,64,2018-07-13
Kehlani,53,2015-04-28
ELHAE,40,2019-02-22
Alina Amuri,8,2018-05-18
Miguel,66,2017-12-01
Khalid,78,2018-04-20
The Weeknd,76,2018-02-09
Noah Levi,30,2019-05-17
Pink Sweat$,14,2018-07-12
Sam Smith,87,2019-01-11
SZA,76,2017-12-15
Remoe,39,2019-01-25
The Internet,58,2018-07-20
Ella Mai,57,2018-10-12
Jaz Karis,54,2018-06-22
Andreya Triana,23,2019-01-11
JP Saxe,51,2019-08-28
Starjack,45,2018-12-10
Jenil,36,2019-04-26
Jenil,34,2019-08-30
Chriilz,33,2019-06-21
Jenil,16,2019-01-21
Jenil,19,2019-09-20
Jenil,36,2017-01-15
Jenil,28,2019-08-16
Alex Zind,52,2019-12-20
Ed Sheeran,85,2019-07-12
The Chainsmokers,48,2019-07-24
Marshmello,85,2019-06-21
Smith & Thell,67,2019-07-19
Ed Sheeran,73,2019-07-12
Kygo,79,2019-04-19
Post Malone,49,2019-09-06
Post Malone,51,2019-07-05
5 Seconds of Summer,77,2019-08-23
Ariana Grande,65,2019-09-13
Imagine Dragons,71,2019-06-20
Camila Cabello,87,2019-09-04
Maroon 5,98,2019-09-20
Liam Payne,76,2019-09-18
Halsey,87,2019-09-13
Lukas Graham,69,2019-09-27
Normani,83,2019-08-16
K-391,78,2019-08-30
The Chainsmokers,67,2019-07-24
Dan + Shay,91,2019-10-04
James Blunt,68,2019-08-29
Niall Horan,87,2019-10-04
Regard,94,2019-07-26
blackbear,94,2019-08-23
Lizzo,83,2016-03-09
Selena Gomez,93,2019-10-23
Sam Feldt,83,2019-05-24
Coldplay,70,2019-10-24
Bastille,73,2019-11-01
Isac Elliot,53,2019-11-08
Dua Lipa,97,2019-10-31
Jonas Blue,76,2019-09-06
Harry Styles,74,2019-10-11
Ava Max,81,2019-08-19
Billie Eilish,97,2019-11-13
Flume,76,2019-09-25
MEDUZA,91,2019-10-11
Riton,86,2019-09-13
Felix Jaehn,79,2019-11-22
Lewis Capaldi,90,2019-11-19
Måns Zelmerlöw,58,2019-10-18
The Weeknd,98,2019-11-29
Harry Styles,88,2019-12-13
Justin Bieber,95,2020-01-03
Alan Walker,85,2019-12-27
Jonas Brothers,86,2019-06-07
Tones and I,73,2019-07-15
Camila Cabello,94,2019-12-06
Alicia Keys,73,2020-01-09
Doja Cat,88,2019-11-07
Jozzy,11,2020-01-17
Khalid,87,2019-11-14
Audrey Mika,69,2019-06-02
D. Muñoz,28,2020-01-10
SAYGRACE,51,2020-01-10
KAYTRANADA,64,2019-12-09
The Weeknd,93,2019-11-27
Lucky Daye,67,2019-12-18
Doja Cat,53,2018-03-23
SAYGRACE,34,2020-01-17
Alicia Keys,66,2019-11-20
KAYTRANADA,64,2019-12-13
Lolo Zouaï,56,2019-12-13
Alicia Keys,68,2019-10-30
Kali Uchis,69,2019-12-04
Chris Brown,68,2019-10-04
PARTYNEXTDOOR,84,2019-11-22
Lucky Daye,47,2019-12-02
Miguel,66,2019-11-01
SASCHA,34,2019-12-27
Destiny Rogers,53,2019-12-05
Summer Walker,76,2019-11-22
French Montana,82,2019-09-27
Elley Duhé,44,2019-11-15
Ariana Grande,76,2019-11-01
Luh Kel,62,2019-11-15
Elley Duhé,38,2019-11-01
Sevyn Streeter,57,2019-11-08
VanJess,46,2019-10-30
Jhené Aiko,76,2019-11-15
Syd,58,2019-11-15
Xavier Omär,50,2019-10-25
Eylie,41,2019-10-18
AWA,41,2019-10-11
Lous and The Yakuza,69,2019-09-19
Buddy,60,2019-10-30
88rising,71,2019-10-11
Kodie Shane,40,2019-11-08
una schram,30,2019-10-18
Audrey Mika,57,2019-10-31
Sinead Harnett,56,2019-09-20
Drama Relax,55,2019-08-16
una schram,25,2019-11-01
SAYGRACE,52,2019-10-18
Sinead Harnett,45,2019-09-20
HoodCelebrityy,44,2019-10-18
Mahalia,59,2019-09-04
Arin Ray,59,2019-08-16
Destiny Rogers,55,2019-10-08
SASCHA,31,2019-10-11
Rileyy Lanez,53,2019-10-11
Marc E. Bassy,63,2019-09-27
Tainy,54,2019-09-06
WizKid,68,2019-09-30
Luh Kel,60,2019-09-27
Next Town Down,42,2019-09-27
Lucky Daye,61,2019-09-18
FKA twigs,57,2019-09-09
Healy,49,2019-10-02
Craig David,25,2019-08-07
Notifi,32,2019-09-27
Beyoncé,64,2019-07-19
GASHI,63,2019-08-28
Next Town Down,56,2019-09-05
Majid Jordan,74,2019-07-24
Daniel Caesar,72,2019-06-28
Jarami,48,2019-08-30
Rick Ross,62,2019-08-15
H.E.R.,55,2019-08-30
SiR,66,2019-08-30
H.E.R.,75,2019-08-30
Chris Brown,68,2019-06-28
Swae Lee,68,2019-08-15
24kGoldn,58,2019-08-30
H.E.R.,51,2019-08-30
Bazzi,69,2019-08-09
SiR,67,2019-08-30
Dan Bravo,29,2019-08-09
Khalid,75,2019-04-05
Audrey,49,2019-08-09
Jay Critch,65,2019-12-10
Stinzo Bucks,40,2019-12-09
Antonio Cooke,27,2019-09-05
Lil Mop,34,2019-09-20
Nino Khayyam,40,2019-12-25
AZIA,35,2019-05-10
China Mac,50,2020-01-03
Spinx Da Don,27,2019-03-29
Levi Belle,34,2020-01-01
Boosie Badazz,40,2019-11-14
Zayvin Lakin,39,2019-06-21
Alison Darwin,23,2019-12-13
Chinese Kitty,0,2019-04-15
Terrence North,0,2018-08-29
Force M.D.'s,0,2017-04-19
Grey,19,2019-10-10
Dopeamean,28,2019-11-02
Ramhero,31,2019-12-27
Dj Iceman,29,2019-12-17
Roc DaGuard,28,2018-08-10
Florin Gindu,17,2016-10-18
H-Rap Bey,34,2019-05-17
Mandi Macias,26,2019-10-18
Evelyn DuVall,15,2019-12-08
Soul Recruiter,26,2019-05-03
Roc DaGuard,33,2019-09-20
Papa Reu,29,2019-11-12
Roger Hanson,30,2019-09-28
Jova'e Nicole,22,2019-03-20
Roc DaGuard,22,2006-07-24
Lreds,18,2019-11-25
"DeCarlos ""COS"" Waller",21,2018-12-11
AMAZING MAZE,6,2019-07-24
Pudgee Tha Phat Bastard,19,2019-02-09
"DeCarlos ""COS"" Waller",14,2019-01-19
Mugsy Moscato,13,2018-07-06
Nino Man,24,2019-10-09
Bruce Lecky Way,16,2020-01-08
Chinese Kitty,40,2019-10-02
saud,25,2019-07-16
Pyrex Plat,25,2019-08-23
Roc DaGuard,26,2014-03-05
Robert Turner,25,2019-11-29
Quadd21,23,2019-02-26
Fran Lover,24,2019-02-15
Pudgee Tha Phat Bastard,20,2019-09-06
Roc DaGuard,22,2017-05-10
6LACK,64,2016-11-18
Kehlani,66,2015-04-28
The Weeknd,61,2012-01-01
The Weeknd,53,2012-01-01
The Weeknd,55,2012-01-01
The Weeknd,55,2012-01-01
The Weeknd,62,2012-01-01
The Weeknd,54,2012-01-01
The Weeknd,60,2012-01-01
The Weeknd,62,2015-08-28
The Weeknd,68,2015-08-28
The Weeknd,76,2015-08-28
The Weeknd,83,2015-08-28
The Weeknd,69,2015-08-28
The Weeknd,64,2015-08-28
The Weeknd,84,2016-11-25
The Weeknd,71,2016-11-25
The Weeknd,69,2016-11-25
The Weeknd,70,2016-11-25
The Weeknd,69,2016-11-25
The Weeknd,76,2016-11-25
The Weeknd,24,2018-03-30
The Weeknd,19,2018-03-30
The Weeknd,18,2018-03-30
The Weeknd,17,2018-03-30
The Weeknd,17,2018-03-30
The Weeknd,16,2018-03-30
The Weeknd,61,2012-01-01
Drake,51,2011-11-15
Daniel Caesar,78,2017-08-25
Kali Uchis,54,2018-01-12
SZA,72,2017-06-09
Frank Ocean,77,2016-08-20
Frank Ocean,71,2011-01-01
XO,0,2017-09-01
Daniel Caesar,61,2017-08-25
Daniel Caesar,79,2017-08-25
Jorja Smith,2,2017-06-05
Jorja Smith,61,2018-06-08
Miguel,71,2017-12-01
Ari Lennox,62,2016-10-21
GoldLink,65,2018-06-13
Miguel,62,2010-11-26
Miguel,40,2010-11-26
Miguel,77,2017-12-01
Rihanna,36,2016-01-28
SZA,66,2017-06-09
SZA,50,2014-04-08
Justin Timberlake,0,2013-03-15
Drake,69,2017-03-18
Drake,57,2016-05-06
Ari Lennox,56,2016-10-21
SZA,52,2014-04-08
Amerie,59,2005
The Weeknd,43,2013-01-01
The Weeknd,44,2013-01-01
Bruno Major,65,2016-11-25
Drake,68,2018-06-29
Brent Faiyaz,68,2016-08-03
Free Nationals,60,2018-10-10
Jorja Smith,67,2018-06-08
Sonder,63,2016-10-25
Steve Lacy,60,2017-02-24
John Legend,9,2004
John Legend,9,2004
John Legend,4,2004
John Legend,58,2006-10-24
John Legend,46,2006-10-24
John Legend,37,2006-10-24
John Legend,48,2006-10-24
Solange,66,2016-09-30
Solange,57,2016-09-30
Solange,48,2016-09-30
Solange,61,2016-09-30
Solange,50,2016-09-30
Brent Faiyaz,58,2016-09-20
Brent Faiyaz,49,2016-06-01
Majid Jordan,44,2017-10-27
Majid Jordan,50,2016-02-05
Majid Jordan,41,2016-02-05
dvsn,47,2017-10-13
Monica,67,2003
Tamia,64,1998
Brandy,66,1998-05-29
Jon B.,60,1997-04-21
Ginuwine,72,1999-10-08
SWV,66,1992-10-27
Keyshia Cole,68,2005-01-01
Case,58,1999-01-01
Xscape,55,1995-07-01
Tyrese,60,2002-12-01
Dru Hill,57,1998-01-01
Faith Evans,63,1998
Fantasia,68,2006-12-09
Donell Jones,60,1999-05-29
Tony! Toni! Toné!,58,1990-01-01
Jazmine Sullivan,63,2017-08-04
Mýa,58,1998-01-01
Kelly Rowland,60,2011-01-01
Jodeci,60,2005-10-04
Mint Condition,57,1991-01-01
Toni Braxton,65,2000
Chanté Moore,41,2000-01-01
Jagged Edge,67,2001-07-03
Robin Thicke,76,2013-01-01
Next,64,1997-09-30
Avant,56,2003-01-01
Keri Hilson,65,2009-01-01
Kelly Price,44,1998-01-01
Tevin Campbell,66,2001
Mary J. Blige,70,2001-01-01
Silk,58,1992
Joe,64,2000-04-18
702,58,1999-01-01
Aaliyah,59,1999-12-14
TLC,79,1999-02-23
Ashanti,71,2002-01-01
Johnny Gill,54,1990-01-01
Blackstreet,76,1996-09-09
Jaheim,57,2002-11-05
Carl Thomas,52,2000-04-18
112,66,2001
Maxwell,65,1996-04-02
Zhané,54,1994-01-01
Changing Faces,43,1994-08-16
Tamar Braxton,53,2013-09-03
Tweet,60,2002-04-02
Babyface,61,1996-10-29
Lyfe Jennings,55,2004-08-17
New Edition,61,1988-01-01
Mario,69,2007-12-11
Chrisette Michele,49,2013-01-01
H-Town,59,1993-01-28
Brownstone,62,1993-06-01
After 7,53,1989-01-01
K-Ci & JoJo,70,1997-01-01
Marsha Ambrosius,48,2011-02-25
Kenny Lattimore,51,1996
Anita Baker,61,1986-01-01
Total,61,1996-01-30
Charlie Wilson,50,2016-12-16
Nivea,48,2001-01-01
Lloyd,61,2004-01-01
En Vogue,60,1997-06-17
Guy,55,1990-11-13
Teena Marie,46,1999-10-08
Floetry,58,2002-01-01
Keith Sweat,63,1996
J. Holiday,67,2007-01-01
Adina Howard,56,1995
Eric Benét,57,1999-02-25
Janet Jackson,67,1997-10-07
Deborah Cox,51,2019-11-01
Brian McKnight,71,1999-09-21
Raheem DeVaughn,50,2019-06-28
DAY26,54,2008-03-24
Boyz II Men,71,1991-04-30
Ciara,74,2004-09-24
Bobby V.,67,2005-01-01
KeKe Wyatt,52,2001-01-01
Freddie Jackson,53,1985-01-01
Gerald Levert,43,2001-09-18
Hi-Five,54,1990
Patti LaBelle,51,1986-01-01
Marques Houston,51,2007-01-01
Omarion,70,2014-12-02
Sevyn Streeter,66,2013-12-03
Destiny's Child,76,1999-07-27
Melanie Fiona,51,2012-01-01
B2K,53,2002-12-10
Musiq Soulchild,58,2008-11-24
Levert,53,2010-08-29
DeBarge,64,1985
Shai,56,1992-01-01
Pretty Ricky,66,2005-05-17
Al B. Sure!,51,1988-04-26
Bobby Brown,56,1988-01-01
Montell Jordan,65,1995-01-01
Miki Howard,40,1986
Kem,53,2004-01-01
Wale,44,2019-07-12
The Plug,49,2019-07-05
Rim'K,61,2018-07-25
Drake,61,2019-08-02
Tyga,82,2018-05-16
Metro Boomin,5,2018-11-02
Bad Bunny,90,2019-05-31
Migos,73,2018-01-26
D-Block Europe,47,2018-07-13
Burna Boy,74,2018-01-26
The Plug,1,2018-11-16
Meek Mill,85,2018-11-30
Quavo,64,2018-08-10
Kendrick Lamar,66,2012-10-22
Lil Baby,47,2017-11-03
A Boogie Wit da Hoodie,66,2018-12-14
Migos,32,2018-12-07
Burna Bandz,50,2018-04-01
YG,61,2018-08-03
Metro Boomin,7,2018-11-02
Future,69,2019-01-18
J. Cole,86,2019-01-23
Tyga,69,2019-01-23
Kendrick Lamar,84,2017-04-14
Gunna,64,2019-02-11
Offset,72,2019-02-22
Gunna,69,2019-02-22
DJ Snake,48,2019-06-13
Offset,60,2019-02-22
2 Chainz,59,2019-03-01
Tory Lanez,71,2019-03-15
Sneakk,48,2018-12-07
Lil Baby,64,2018-11-30
YG,6,2019-04-24
Young Thug,83,2019-05-23
Future,56,2018-07-06
DJ Khaled,6,2019-05-17
Mustard,65,2019-05-10
YG,78,2019-05-03
Tyga,66,2019-06-07
Drake,88,2019-06-15
Huncho Jack,1,2017-12-21
Ed Sheeran,37,2019-07-11
D-Block Europe,66,2019-07-05
Future,81,2017-06-30
Tory Lanez,72,2019-07-19
Rick Ross,69,2019-07-26
Burna Boy,63,2019-07-25
Drake,66,2019-08-02
Burna Boy,56,2019-07-25
Drake,57,2019-08-02
Gino J,39,2019-08-16
Young Thug,83,2019-08-16
CHASE B,57,2019-07-19
Burna Boy,74,2019-07-25
Frosty,53,2019-08-09
AJ Tracey,77,2019-02-08
Lil Tecca,41,2019-08-15
Burna Boy,66,2019-07-25
JY MNTL,30,2019-06-14
MIST,72,2019-07-04
ROSALÍA,88,2019-08-15
The Plug,64,2019-07-05
Payman,41,2018-09-14
Tiwa Savage,57,2017-09-22
A$AP Ferg,15,2019-08-16
Kojo Funds,66,2019-08-08
PNL,62,2016-09-16
A$AP Ferg,11,2019-08-16
Still Fresh,50,2017-09-29
E-40,42,2019-07-26
Ty Dolla $ign,61,2019-08-09
Burna Boy,50,2018-01-26
Rim'K,55,2017-03-03
Mustard,82,2019-06-28
Lil Pump,56,2019-07-19
Moneybagg Yo,66,2019-05-24
A Boogie Wit da Hoodie,76,2019-09-13
PAST,26,2019-07-29
Wiley,61,2019-10-03
D-Block Europe,54,2019-09-27
Eric Bellinger,55,2019-09-06
Nafe Smallz,51,2019-06-13
Ca$h Out,36,2019-10-25
Roddy Ricch,80,2019-10-25
Internet Money,83,2019-10-11
Krept & Konan,40,2019-10-31
M Huncho,68,2019-10-31
dvsn,23,2019-10-30
Tory Lanez,56,2019-11-08
Mastermind,58,2019-09-11
Tory Lanez,46,2019-11-15
Beyoncé,66,2003-06-24
Maxwell,57,2001-08-14
Maxwell,49,2001-08-14
John Mayer,68,2003-09-09
James Morrison,70,2008-01-01
Natasha Bedingfield,42,2004-08-30
Colbie Caillat,71,2007-01-01
Tamia,42,2004-04-05
Tamia,32,1998
Jamie Foxx,38,2005
Aaliyah,38,1994-05-24
Aaliyah,37,1994-05-24
Aaliyah,27,1994-05-24
Joe,46,1997-09-23
Joe,59,1997-09-23
Joe,39,1997-09-23
Maxwell,48,1996-04-02
Maxwell,34,1996-04-02
Tamia,52,2004-04-05
Tamia,27,1998
Tamia,39,1998
LeToya,50,2006-01-01
Faith Evans,52,2001
D'Angelo,49,2008-12-01
Mario,77,2004-09-21
Alicia Keys,61,2003-12-02
Tyrese,59,1998-08-31
Usher,63,1997-09-16
Chymamusique,6,2014-05-04
T-Pain,54,2007-06-01
Bow Wow,67,2006-12-15
Devin Morrison,34,2019-01-29
James Bay,68,2015-03-20
ROSALÍA,58,2017-02-10
Kase.O,49,2016-09-23
A Great Big World,78,2014-01-17
Elliot Moss,55,2015-07-06
Damien Rice,60,2003-03-24
Christina Aguilera,57,2018-06-15
ROSALÍA,56,2017-11-02
Damien Rice,60,2006-11-06
ROSALÍA,67,2018-11-02
Estrella Morente,51,2006-05-29
C. Tangana,61,2018-11-22
Nathy Peluso,56,2018-04-06
Damien Rice,67,2003-03-24
Nathy Peluso,52,2017-10-05
Sílvia Pérez Cruz,42,2016-02-19
Los Delinquentes,39,2006-07-10
James Bay,30,2019-02-22
James Blake,9,2019-01-18
James Blake,67,2013-04-08
Nathy Peluso,52,2018-04-06
ROSALÍA,69,2018-11-02
Craig David,70,2001-03-03
James Blake,45,2019-01-18
Nora Arnezeder,0,2008-01-01
Seal,41,2008-10-31
Chavela Vargas,45,2002-01-01
James Vincent McMorrow,62,2016
John Mayer,74,2006-09-11
Shakira,36,2008-01-15
Benjamin Clementine,48,2016-04-08
NANG,4,2017-05-07
James Blake,36,2014-12-08
Benjamin Clementine,43,2014-01-12
Dolly Parton,74,1974-02-04
Ketama,23,1988-03-22
Lady Gaga,88,2018-10-05
Ibeyi,51,2015-02-16
Marian Hill,40,2015-02-17
Sevdaliza,53,2017-04-26
Jorja Smith,71,2018-06-08
Stormzy,61,2017-02-24
Mark Isham,0,2001-10-30
Michael Bublé,70,2005-02-08
Zhavia Ward,59,2018-07-26
Zhavia Ward,49,2018-02-02
Leah Jenea,42,2018-07-19
Zhavia Ward,53,2018-01-19
Alice Jemima,31,2017-03-03
Paco de Lucía,39,2014-01-01
Alicia Keys,78,2003-12-02
Anomalie,36,2018-02-23
Emeli Sandé,68,2012-01-01
Labrinth,79,2014-11-21
Sam Smith,15,2014-01-01
Sia,4,2002-01-01
Ed Sheeran,23,2014-06-21
Jess Glynne,4,2015-11-03
Calum Scott,11,2016-03-11
Labrinth,69,2012-03-30
Leah Jenea,37,2018-06-27
VINCINT,45,2018-02-09
Ben Howard,8,2011-01-01
Mahalia,63,2017-07-07
X Ambassadors,59,2015-06-30
Zhavia Ward,50,2018-01-04
Lianna,25,2018-04-06
Full Crate,53,2018-06-07
John Mayer,74,2006-09-11
Michael Jackson,46,2001-10-29
Teyana Taylor,67,2018-06-23
Teyana Taylor,70,2018-06-23
Mahalia,57,2017-12-01
Delilah,38,2012-05-01
Teyana Taylor,50,2018-06-23
H.E.R.,78,2017-10-20
Masego,16,2017-10-06
Sufjan Stevens,67,2017-11-03
Biig Piig,45,2018-04-27
Biig Piig,48,2019-03-22
Gidge,29,2017-01-13
Gidge,43,2017-10-04
Nao,57,2016-07-29
Marvin Sapp,55,2007-07-03
Bill Withers,76,1971-05-01
Labrinth,67,2019-09-20
Labrinth,33,2015-09-25
Alicia Keys,57,2007-11-09
Alicia Keys,40,2016-11-04
Billie Eilish,80,2019-03-29
Billie Eilish,85,2019-03-29
Billie Eilish,77,2019-03-29
Billie Eilish,83,2019-03-29
Billie Eilish,85,2017-12-22
James Blake,55,2019-01-18
Gidge,45,2014-09-22
Chavela Vargas,47,1961-10-26
FKJ,66,2017-03-02
Sabrina Claudio,65,2017-03-02
Amber Run,62,2015-04-20
The Lumineers,53,2016-04-08
Ed Sheeran,74,2019-07-05
Billie Eilish,79,2017-12-22
Billie Eilish,68,2017-12-22
JYWRRN,0,2017-10-20
Dean Lewis,53,2017-06-23
Seinabo Sey,55,2018-03-16
Jacob Banks,40,2017-04-20
Jacob Banks,47,2018-11-16
Jacob Banks,55,2018-11-02
JP Cooper,52,2018-03-23
Kina,86,2018-10-08
Pink Sweat$,63,2018-11-02
6LACK,63,2018-09-14
Teitur,27,2012-09-03
Teitur,30,2019-09-22
flora cash,0,2017-04-21
Jacob Banks,62,2018-11-02
LÉON,69,2019-03-01
Sam Smith,67,2017-11-29
JP Saxe,68,2018-08-10
Drake,4,2018-06-29
Drake,4,2018-06-29
Summer Walker,78,2018-10-19
Drake,75,2017-03-18
Drake,83,2016-05-06
Drake,70,2015-02-12
Drake,69,2011-11-15
Drake,71,2011-11-15
Drake,74,2011-11-15
Khalid,79,2018-02-14
Billie Eilish,89,2018-04-19
Khalid,65,2017-04-27
The Weeknd,11,2018-03-29
The Weeknd,6,2018-02-02
XXXTENTACION,86,2017-08-25
Julia Michaels,67,2018-05-04
88rising,8,2018-06-07
KYLE,74,2018-05-18
Rihanna,59,2010-11-16
Avicii,73,2017-08-10
6LACK,69,2016-11-18
6LACK,64,2018-02-14
6LACK,74,2016-11-18
PnB Rock,63,2017-11-17
Lund,8,2016-10-26
Kendrick Lamar,79,2018-02-09
SZA,77,2017-06-09
Kendrick Lamar,80,2017-04-14
Kendrick Lamar,73,2017-04-14
G-Eazy,77,2017-12-15
Lil Uzi Vert,53,2017-11-17
Bryson Tiller,79,2015-10-02
Bryson Tiller,80,2015-10-02
Bryson Tiller,72,2015-10-02
Cuco,76,2017-05-25
88rising,58,2018-07-20
88rising,66,2018-07-20
Rich Brian,57,2018-02-02
benny blanco,84,2018-07-12
A Boogie Wit da Hoodie,44,2018-06-20
Rae Sremmurd,59,2018-05-04
NAV,50,2018-05-18
Russ,64,2016-08-23
G-Eazy,61,2017-03-16
Billie Eilish,85,2017-12-22
Shawn Mendes,11,2018-05-25
"Tyler, The Creator",79,2017-07-21
"Tyler, The Creator",69,2017-07-21
"Tyler, The Creator",63,2017-07-21
"Tyler, The Creator",74,2017-07-21
Wiz Khalifa,76,2018-07-13
6LACK,3,2018-08-17
A Boogie Wit da Hoodie,58,2018-06-20
Jhené Aiko,74,2017-09-22
Childish Gambino,70,2018-07-11
Childish Gambino,71,2018-07-11
Future,64,2017-07-27
6LACK,64,2016-11-18
Joji,6,2018-09-12
6LACK,60,2018-09-14
6LACK,62,2018-09-14
6LACK,60,2018-09-14
6LACK,77,2018-09-14
6LACK,73,2018-09-14
Kris Wu,36,2018-09-14
Jessie Reyez,0,2018-08-24
Khalid,76,2018-09-14
Young Thug,65,2018-09-24
Alina Baraz,69,2017-01-20
Halsey,88,2018-10-04
Daniel Caesar,73,2018-10-16
Billie Eilish,26,2018-10-17
Normani,55,2018-10-22
Khalid,71,2018-10-19
DJDS,46,2018-05-18
Frank Ocean,75,2012-01-01
Metro Boomin,2,2018-11-02
Metro Boomin,2,2018-11-02
Metro Boomin,1,2018-11-02
NAV,72,2017-02-24
AGNEZ MO,51,2018-07-26
Normani,67,2018-11-15
Nao,63,2018-10-23
Dreezy,57,2017-10-16
Jessie Reyez,63,2018-03-26
Tinashe,43,2016-03-09
JID,0,2018-11-26
JID,1,2018-11-26
Ski Mask The Slump God,57,2018-11-30
EARTHGANG,32,2014-06-24
Kendrick Lamar,7,2012-08-03
A.CHAL,0,2015-09-11
Tory Lanez,47,2015-09-04
Derin Falana,25,2015-08-24
Young Thug,56,2015-04-16
Drake,5,2013-07-14
Mick Jenkins,0,2015-08-21
Anderson .Paak,41,2014-10-28
London Jae,8,2015-05-28
London Jae,22,2015-05-28
DuRu Tha King,25,2015-03-10
Chinx,36,2015-08-14
IDK,0,2015-08-25
Wave Chapelle,10,2015-10-23
Stewart Villain,0,2013-11-12
Stewart Villain,0,2013-11-12
Disiz La Peste,0,2015-06-01
SonReal,0,2015-04-28
Jonah Cruzz,36,2014-12-28
Jonah Cruzz,29,2014-12-28
Nekfeu,0,2015-06-08
Nekfeu,0,2015-06-08
Sha Mula,12,2014-11-03
OnCue,0,2015-01-28
Drake,53,2013-01-01
Eve,0,2013-06-03
Meek Mill,45,2011-05-23
Action Bronson,45,2013-06-11
Dizzy Wright,28,2012-06-12
Mr. Probz,31,2010-09-23
ScHoolboy Q,0,2014-01-01
Gavlyn,6,2014-01-14
Rich Homie Quan,46,2013-04-30
Pusha T,1,2013-03-22
2 Chainz,0,2013-01-01
Hopsin,44,2013-11-26
Jarren Benton,35,2013-06-11
Kendrick Lamar,67,2012-10-22
A$AP Mob,56,2014-06-06
Trae Tha Truth,5,2014-08-05
Trip Lee,0,2014-10-27
Danny Brown,51,2013-10-08
Danny Brown,44,2013-10-08
Jarren Benton,39,2015-01-27
Mibbs,20,2014-01-21
iSHi,0,2015-02-27
Beyoncé,71,2014-11-24
Drake,1,2015-02-12
Drake,0,2015-02-12
Drake,1,2015-02-12
Emilio Rojas,9,2014-05-27
Mike Zombie,0,2015-01-27
Rihanna,1,2015-03-26
Jazz Cartier,30,2015-04-28
A$AP Rocky,42,2015-04-10
AKA,31,2014-07-07
Riff Raff,43,2014-06-24
Kalash,0,2015-07-17
The Game,0,2015-10-16
Big Dope P,0,2013-07-29
MZ,30,2016-03-04
La Fouine,23,2016-03-04
La Fouine,19,2016-03-04
Rim'K,0,2016-01-15
Rim'K,0,2016-01-15
Rim'K,0,2016-01-15
Rim'K,0,2016-01-15
Jarod,0,2015-10-01
La Fouine,26,2016-03-04
Mike Stud,73,2015-10-30
CHO,32,2013-10-10
Sy Ari Da Kid,20,2015-07-30
Derin Falana,30,2015-08-24
Hopsin,0,2016-03-08
Chase,21,2015-08-13
Tdot illdude,16,2014-12-13
Ixzo,0,2016-01-22
Damso,0,2016-01-22
Alien Family,0,2016-01-25
T.I.,37,2015-09-11
Stackztootrill,11,2015-06-16
Fat Joe,68,2016-03-02
Jay Rock,33,2015-07-01
Migos,29,2016-03-18
Migos,30,2016-03-18
Ol Kainry,0,2016-04-01
Ol Kainry,0,2016-04-01
Ol Kainry,0,2016-04-01
Ol Kainry,0,2016-04-01
Tyga,64,2015-08-24
Dear Silas,0,2015-11-18
Young Money,0,2015-08-28
MZ,32,2016-04-22
MZ,44,2016-04-22
MZ,38,2016-04-22
MZ,32,2016-04-22
MZ,33,2016-04-22
Rich Brian,69,2016-03-11
Bankroll Mafia,38,2016-01-02
Dermot Kennedy,71,2018-12-14
Marianas Trench,34,2011-11-11
Ben Howard,63,2014-10-20
Dean Lewis,83,2018-06-29
Dean Lewis,64,2019-03-22
Picture This,59,2019-02-15
Dean Lewis,60,2017-05-12
Rhys Lewis,71,2018-05-18
Picture This,60,2018-03-23
James Arthur,67,2018-06-01
Camila Cabello,73,2018-01-12
Rhys Lewis,62,2017-08-11
James Arthur,78,2016-10-28
Matt Maeson,65,2017-05-26
Natalie Weiss,37,2010-12-14
Ruth B.,76,2015-08-21
Evanescence,57,2003-01-01
Skinny Living,56,2017-08-11
Calum Scott,83,2018-03-09
One Direction,69,2015-11-13
Sleeping At Last,72,2016-11-04
James TW,70,2019-04-26
Michael Schulte,71,2012-09-28
Dermot Kennedy,66,2019-10-04
P!nk,69,2019-04-25
Lauv,72,2018-05-31
The 1975,73,2016-02-26
The Script,75,2019-11-08
Dermot Kennedy,72,2019-10-04
Tom Walker,69,2019-11-08
Rhys Lewis,68,2019-01-04
MAJOR.,54,2016-05-21
James TW,77,2019-04-26
Ben Platt,60,2019-03-29
JP Cooper,55,2017-02-10
Dean Lewis,74,2019-03-22
Tom Walker,66,2019-03-01
Sam Smith,81,2018-12-21
Birdy,75,2014-04-13
Alec Benjamin,86,2018-11-16
James Bay,73,2019-05-10
Alec Benjamin,76,2018-11-16
"""Dear Evan Hansen"" August 2018 Broadway Cast",39,2018-09-25
Panic! At The Disco,82,2019-11-15
Rebecca Black,41,2019-06-21
Noah Guthrie,46,2015-07-22
Seramic,39,2019-02-22
Dua Lipa,60,2017-12-08
JONES,47,2016-01-20
Jake Isaac,48,2018-11-08
Eryn Allen Kane,48,2015-11-17
Brandy,55,2019-07-05
Shai,38,2017-07-14
Save the Arcadian,4,2014-03-11
Daniel Caesar,69,2017-08-25
Dua Lipa,33,2017-06-02
Healy,1,2017-06-09
Justin Bieber,71,2015-11-13
Beyoncé,68,2008-11-14
Sam Smith,56,2015-11-06
6LACK,26,2017-11-13
Jack & Jack,13,2019-01-25
Billie Eilish,71,2017-05-05
Keaton Henson,52,2010
Hayley Gene Penner,39,2018-04-13
NSTASIA,37,2017-11-07
JSPH,36,2016-09-09
Tori Kelly,60,2012
j-hope,11,2018-04-20
6LACK,27,2017-11-13
6LACK,25,2017-11-13
6LACK,21,2017-11-13
6LACK,22,2017-11-13
FARR,39,2017-05-12
Healy,0,2017-06-09
Kevin Garrett,0,2016-08-19
Daniel Caesar,67,2017-08-25
James Arthur,79,2019-05-10
James Arthur,58,2016-10-28
James Arthur,62,2018-06-01
James Arthur,85,2016-10-28
ZAYN,81,2017-09-07
Chance the Rapper,61,2016-05-27
Khalid,82,2017-04-27
Shawn Mendes,18,2016-09-23
Sye Elaine Spence,38,2014-02-12
CLAY,36,2017-11-10
Billie Eilish,82,2019-03-29
Billie Eilish,81,2019-03-29
Billie Eilish,81,2019-03-29
Billie Eilish,76,2017-03-30
Billie Eilish,95,2019-03-29
Khalid,71,2019-03-07
Khalid,67,2019-04-05
Khalid,67,2019-04-05
Khalid,67,2018-10-19
Jorja Smith,62,2018-06-08
Jorja Smith,69,2018-06-08
Jorja Smith,8,2018-01-12
Grace Carter,8,2017-09-01
Ruel,75,2018-06-05
Eryn Allen Kane,39,2015-11-17
Jorja Smith,57,2018-06-08
Noah Kahan,65,2018-01-12
Ty Dolla $ign,46,2017-10-27
Phoria,56,2017-03-09
AVEC,10,2015-11-27
George Ogilvie,0,2015-05-25
Louis Baker,42,2018-08-24
Son Lux,37,2018-02-09
Alex Isley,25,2018-11-09
Quinn Lewis,49,2019-04-26
Marco McKinnis,42,2018-08-24
SHAED,77,2018-09-21
Sasha Sloan,74,2019-06-28
Alina Baraz,59,2017-09-29
Mumford & Sons,54,2009-10-02
HONNE,57,2016-03-11
Maggie Rogers,69,2019-01-18
SKAAR,47,2018-11-16
Daniel Caesar,71,2015-11-12
Daniel Caesar,66,2019-06-28
Sinead Harnett,62,2016-07-28
Bruno Major,74,2017-08-31
Daniel Caesar,61,2017-08-25
Sabrina Claudio,60,2018-08-15
Daniel Caesar,58,2016-03-28
Ella Mai,64,2018-10-12
Daniel Caesar,63,2019-06-28
Beyoncé,62,2016-04-23
Beyoncé,56,2016-04-23
Beyoncé,77,2008-11-14
Ne-Yo,16,2006-01-01
William Singe,45,2016-01-05
Kirk Franklin,45,2011-12-27
Deitrick Haddon,16,2008-09-02
Deitrick Haddon,17,2011-01-21
Deitrick Haddon,24,2011-01-21
Fred Hammond,36,2000-04-18
Jessica Reedy,35,2011-09-27
Mary Mary,33,2008-10-20
Deitrick Haddon,23,2011-01-21
Mary Mary,36,2005-11-29
James Fortune,41,2012-01-17
Erica Campbell,0,2015-03-31
Deitrick Haddon,18,2008-09-02
Kirk Franklin,57,2011-03-18
Fred Hammond,39,2014-11-14
Mary Mary,20,2000
Jessica Reedy,26,2011-09-27
Kirk Franklin,52,2005-10-01
Mary Mary,28,2000-04-25
"Earth, Wind & Fire",46,1973-05
Deitrick Haddon,12,2008-09-02
Deitrick Haddon,46,2008-09-02
Mary Mary,20,2005-11-29
Deitrick Haddon,32,2011-01-21
Fred Hammond,54,1997-03-30
Deitrick Haddon,17,2011-01-21
Deitrick Haddon,26,2011-01-21
Deitrick Haddon,26,2011-01-21
Deitrick Haddon,22,2008-09-02
Mary Mary,60,2000
Jessica Reedy,16,2011-09-27
Mary Mary,17,2005-11-29
Mary Mary,26,2000-04-25
Mary Mary,33,2000
Fred Hammond,31,2000-04-18
Deitrick Haddon,17,2011-01-21
Deitrick Haddon,16,2008-09-02
Fred Hammond,50,2003-09-07
Fred Hammond,33,2000-04-18
Mary Mary,38,2005-11-29
Deitrick Haddon,25,2011-01-21
YAnna Crawley,8,2017-10-20
Charles Jenkins & Fellowship Chicago,35,2013-01-01
Empire Cast,22,2015-09-11
Faith Evans,7,2010-10-25
Angie Stone,5,2010-10-25
Coko,12,2010-10-25
Mary J. Blige,6,2010-10-25
Michelle Williams,4,2010-10-25
Anthony Hamilton,9,2010-10-25
Ledisi,7,2010-10-25
Brian McKnight,5,2010-10-25
Kelly Price,8,2010-10-25
Coko,7,2010-10-25
Dave Hollister,7,2010-10-25
The High School of Music & Art,0,1980-05-16
Isaac Carree,42,2011-08-23
Ruben Studdard,29,2004-10-18
Tamar Braxton,27,2013-09-03
Michelle Williams,25,2002
Tasha Cobbs Leonard,50,2017-08-25
Tasha Cobbs Leonard,53,2017-08-25
Andra Day,39,2016-07-29
Andra Day,74,2015-08-28
Andra Day,45,2018-10-09
Andra Day,39,2017-02-26
Tasha Cobbs Leonard,53,2017-08-25
Tasha Cobbs Leonard,52,2017-08-25
Tasha Cobbs Leonard,40,2017-08-25
Fiya,34,2014-02-25
Tasha Cobbs Leonard,35,2017-08-25
Childish Gambino,4,2016-12-02
Childish Gambino,58,2016-12-02
Childish Gambino,1,2016-12-02
Brasstracks,23,2017-10-20
Brasstracks,20,2017-10-20
Brasstracks,20,2017-10-20
Brasstracks,23,2017-10-20
Brasstracks,20,2017-10-20
Brasstracks,20,2016-08-19
Brasstracks,40,2016-08-19
Brasstracks,26,2016-08-19
Brasstracks,26,2016-08-19
Brasstracks,30,2016-08-19
Brasstracks,30,2016-08-19
Brasstracks,26,2016-08-19
Brasstracks,39,2017-07-21
Alexander Lewis,0,2017-06-16
Brasstracks,48,2017-07-10
Brasstracks,22,2016-06-13
Mr Jukes,45,2017-07-14
The Avalanches,57,2016-07-08
The Avalanches,47,2016-07-08
SZA,63,2014-04-08
SZA,76,2017-06-09
The Weeknd,70,2012-01-01
The Weeknd,6,2015-05-27
Rapsody,57,2016-11-17
Anderson .Paak,58,2016-01-15
Anderson .Paak,59,2016-01-15
Anderson .Paak,55,2016-01-15
Anderson .Paak,53,2016-01-15
Anderson .Paak,56,2016-01-15
Anderson .Paak,60,2016-01-15
Anderson .Paak,52,2016-01-15
Anderson .Paak,54,2016-01-15
Anderson .Paak,53,2016-01-15
Anderson .Paak,53,2016-01-15
Anderson .Paak,47,2016-01-15
Anderson .Paak,66,2016-01-15
Anderson .Paak,52,2016-01-15
Anderson .Paak,53,2016-01-15
Anderson .Paak,54,2016-01-15
NxWorries,63,2016-10-21
Calvin Harris,74,2017-02-24
Frank Ocean,65,2011-01-01
Frank Ocean,67,2012-01-01
Frank Ocean,65,2012-01-01
Frank Ocean,65,2012-01-01
Frank Ocean,72,2016-08-20
Frank Ocean,77,2016-08-20
Frank Ocean,69,2016-08-20
Frank Ocean,64,2016-08-20
Frank Ocean,78,2016-08-20
Frank Ocean,71,2016-08-20
Frank Ocean,66,2016-08-20
Frank Ocean,82,2017-03-10
Frank Ocean,61,2017-04-23
Frank Ocean,59,2017-05-15
Frank Ocean,67,2017-08-27
Frank Ocean,70,2018-02-14
"Tyler, The Creator",64,2011-05-10
"Tyler, The Creator",70,2017-07-21
"Tyler, The Creator",72,2017-07-21
"Tyler, The Creator",70,2017-07-21
"Tyler, The Creator",63,2017-07-21
Big K.R.I.T.,41,2017-10-27
Big K.R.I.T.,50,2017-10-27
Big K.R.I.T.,44,2017-10-27
Big K.R.I.T.,40,2017-10-27
Big K.R.I.T.,37,2017-10-27
Big K.R.I.T.,44,2017-10-27
Big K.R.I.T.,42,2017-10-27
Big K.R.I.T.,51,2017-10-27
Big K.R.I.T.,36,2017-10-27
Big K.R.I.T.,40,2017-10-27
Big K.R.I.T.,40,2017-10-27
Big K.R.I.T.,33,2017-10-27
Big K.R.I.T.,39,2017-10-27
BROCKHAMPTON,69,2017-06-09
BROCKHAMPTON,48,2017-06-09
BROCKHAMPTON,56,2017-06-09
BROCKHAMPTON,50,2017-06-09
BROCKHAMPTON,51,2017-06-09
BROCKHAMPTON,50,2017-06-09
BROCKHAMPTON,49,2017-06-09
BROCKHAMPTON,54,2017-06-09
BROCKHAMPTON,71,2017-06-09
BROCKHAMPTON,63,2017-06-09
BROCKHAMPTON,65,2017-08-25
Buena Vista Social Club,67,1997-06-23
Celia Cruz,20,2004-01-01
Camila Cabello,84,2018-01-12
William Vivanco,15,2018-11-30
Diego El Cigala,30,2016-10-28
Gloria Estefan,32,1993-06-03
Diego El Cigala,39,2016-10-28
Formell,34,2015-11-13
Leoni Torres,26,2011-02-10
Orishas,44,2018-05-25
Descemer Bueno,19,2014-07-22
Omara Portuondo,23,2018-03-25
Baby Lores,1,2011-05-04
Leoni Torres,50,2019-05-17
Celia Cruz,55,2001-12-03
Johnny Pacheco,60,1974-01-01
Orishas,47,2019-11-15
Orishas,49,2016-06-17
Issac Delgado,47,2014-09-25
Descemer Bueno,36,2012-01-01
Leoni Torres,49,2018-02-23
Sexto Sentido,13,2011-09-01
David Blanco,11,2009-09-21
David Blanco,12,2009-09-21
William Vivanco,0,2014-04-14
Diana Fuentes,49,2019-04-12
Cimafunk,42,2017-10-20
Buena Fe,27,2015-08-14
Gente De Zona,47,2019-05-24
Celia Cruz,51,2000
Orishas,54,1999
Manolito Simonet y su Trabuco,36,2003-09-02
Manolito Simonet y su Trabuco,42,2008-06-01
Telmary,16,2018-08-24
Beny Moré,36,2008-05-07
Beny Moré,40,1965
Eliades Ochoa,39,2018-04-13
Eliades Ochoa,35,1999-04-09
Vieja Trova Santiaguera,18,1994-01-01
Los 4,46,2018-01-19
Los 4,56,2018-06-03
Los 4,48,2018-06-03
Mauricio Figueiral,6,2013
Polito Ibañez,20,2003-03-15
Tony Avila,22,2011-07-03
Tony Avila,16,2011-07-03
Omi Hernandez,19,2016-02-23
Kelvis Ochoa,36,2007-01-01
Orishas,49,2018-05-25
Joseito Fernández,19,1992-02-03
Jimmy Sabater,0,2012-01-09
The Lebron Brothers Orchestra,0,2010-09-07
Peter Tsotsi Juma,8,2013-04-29
The Trammps,54,2016-06-17
Joni Mitchell,69,1970-03-01
The Impressions,11,1965-02-07
Electric Light Orchestra,70,1979-05-31
The Delfonics,59,1970
Melissa Manchester,6,1990-01-01
The Rolling Stones,60,1972-05-12
The Velvet Underground,61,1970
T. Rex,36,1972-07-21
Randy Crawford,45,2011-08-08
Minutemen,53,1984-07-24
Captain & Tennille,0,1976-01-01
The Jacksons,50,1978-12-17
Village People,61,1978
Rush,73,1981-02-12
Etta James,25,1960
Charles Wright & The Watts 103rd Street Rhythm Band,59,1970
P I A (Players In Action),17,2011-08-30
Dorothy Moore,51,1976-03-01
Eddie Kendricks,22,2002-02-10
Leo Sayer,44,1996
Jackie Wilson,67,1967
King Floyd,59,1994-06-14
Frankie Valli & The Four Seasons,70,1975
Marlena Shaw,62,1969-01-01
Rose Royce,50,1976-01-01
Harry Nilsson,13,1971
Dusty Springfield,71,1969-03-31
Gloria Gaynor,17,1999-01-01
Boston,78,1976
Frankie Valli,63,1978
Charles Givings,48,2003-08-03
Aaron Neville,52,2000-01-11
Janis Ian,5,1975
The Brothers Johnson,0,1998-01-01
Boney M.,64,1976
Iggy Pop,37,1977-01-01
The Gap Band,56,1982-01-01
Bob Dylan,71,1965-08-30
Diana Ross,65,1980-05-22
David Bowie,65,1983
Tom Petty and the Heartbreakers,73,1976-11-09
Tom Jones,2,1987-01-01
Peaches & Herb,10,1978
The Meters,57,1969
Finley Quaye,46,1997-08-06
The Foundations,72,1968-01-01
Daryl Hall & John Oates,77,1980
Sam Cooke,13,1960
The Supremes,13,1966-08-25
Frankie Valli,65,1967
Lionel Richie,48,2012-01-01
Labi Siffre,53,1975
Ann Peebles,41,1974-06-11
Tina Turner,66,1993
Billy Preston,2,1974-01-01
Ray Charles,59,1957-01-01
Wilson Pickett,61,1966
The Jacksons,69,1978-12-17
Sade,66,1994-10-31
Tower Of Power,52,1973-05-01
Booker T. & the M.G.'s,64,1962
Minnie Riperton,57,1993-01-01
Diana Ross,66,1980-05-22
The Spinners,47,1976-06-01
Rufus & Chaka Khan,0,1974-01-01
"Bobby ""Blue"" Bland",58,1974-01-01
Funkadelic,38,1974-04-29
Betty Wright,58,1972
The Meters,56,1974
Baby Huey & The Baby Sitters,50,1971
George Clinton,51,1982-01-01
Buddy Miles,0,1970-01-01
William DeVaughn,8,2017-01-27
Parliament,61,1975-12-15
The Isley Brothers,59,1969-08-21
Curtis Mayfield,54,1972-07-01
Kool & The Gang,63,1973-09
Lyn Collins,0,2005-01-01
Average White Band,53,1974
Commodores,64,1977-01-01
Sly & The Family Stone,54,1970-11-21
Ohio Players,1,1974
James Brown,53,1991
Wild Cherry,67,1976
Stevie Wonder,6,2002
"Earth, Wind & Fire",61,1975-03-15
Rick James,64,1981-04-07
Curtis Mayfield,55,1972-07-01
Marvin Gaye,2,1995-01-01
The Temptations,2,1987-01-01
Parliament,12,1977-11-28
Kool & The Gang,54,1973-09
Ohio Players,4,1975
The Brothers Johnson,49,1976-01-01
War,59,1975-01-01
Stevie Wonder,4,1973-08-03
Malibu,53,2020-01-10
Anitta,74,2019-12-20
Vitão,54,2020-01-17
Haikaiss,60,2020-01-08
Malibu,56,2019-12-06
MTK,32,2020-01-17
Pelé MilFlows,47,2020-01-07
Pk,70,2019-12-13
Luccas Carlos,67,2019-11-15
Filipe Ret,69,2019-11-08
Vitão,67,2019-11-26
DONATTO,57,2019-12-27
Adamovich,43,2020-01-06
Pk,62,2019-12-26
Orgânico,55,2019-10-01
CMK,50,2020-01-10
MTK,46,2019-12-06
Samantha Machado,47,2019-12-20
CortesiaDaCasa,47,2019-12-20
A Banca Records,69,2019-03-21
Orgânico,68,2019-05-07
DJ Cash,34,2019-10-19
Lord ADL,47,2019-12-12
3030,47,2019-08-30
Mc Maha,46,2019-12-20
Orgânico,51,2019-12-17
San Joe,47,2019-09-03
Matheus Queiroz,36,2020-01-10
Xamã,63,2019-09-13
Crod,45,2019-10-18
Lourena,50,2019-11-29
1Kilo,47,2019-09-27
Mster Gab,42,2019-11-21
Tribo da Periferia,69,2019-09-20
Vitão,70,2019-06-28
Fly,39,2019-12-20
Matuê,79,2019-09-04
Altamira,45,2019-12-26
Crod,45,2019-11-15
UM44K,59,2018-11-23
Neew,44,2019-10-18
MTK,54,2019-09-06
Dreicon,43,2019-11-22
24por7,43,2019-11-06
PrimaSol,51,2019-11-15
1Kilo,47,2019-08-23
Jules Kyng,41,2019-12-20
ML 21,40,2019-11-11
Altamira,67,2019-01-24
3030,48,2019-10-17
A Banca Records,43,2019-06-28
2STRANGE,45,2019-11-08
Clau,49,2019-09-06
1Kilo,50,2019-07-05
Orgânico,60,2019-02-22
Agnes Nunes,64,2019-06-12
Tribo da Periferia,67,2019-07-19
MTK,45,2019-07-05
Pelé MilFlows,43,2019-07-02
Vitão,71,2019-03-08
1Kilo,61,2018-12-31
1Kilo,49,2019-06-14
Vitão,76,2019-03-08
1Kilo,48,2019-07-12
Lourena,70,2018-12-07
Mitski,31,2017-10-20
Robyn,61,2010-06-11
Future Islands,66,2014-03-24
FKA twigs,58,2014-08-12
Lana Del Rey,55,2012-01-30
Perfume Genius,58,2014-09-22
Frank Ocean,77,2016-08-20
Grimes,60,2012-02-21
Tame Impala,75,2015-07-17
Young Thug,57,2015-08-28
Soccer Mommy,61,2018-03-02
Vampire Weekend,62,2013-05-27
Vince Staples,70,2015-06-30
Lorde,78,2013-01-01
Bon Iver,70,2011-06-21
Angel Olsen,64,2016-09-02
KAYTRANADA,64,2016-05-06
Jai Paul,58,2011-04-21
M83,71,2011
Parquet Courts,48,2013-10-15
Thundercat,58,2017-02-24
Kurt Vile,66,2015-09-25
The Weeknd,70,2012-01-01
Sufjan Stevens,65,2015-03-31
Pinegrove,60,2016-02-12
Run The Jewels,62,2014-10-24
Arcade Fire,63,2010
Clairo,70,2019-08-02
Courtney Barnett,59,2014-04-15
James Blake,67,2013-04-08
Beach House,54,2010-01-26
The War On Drugs,65,2014-03-18
The xx,65,2017-01-13
Noname,63,2016-08-12
Youth Lagoon,58,2011
Mac DeMarco,63,2012-10-16
Solange,61,2016-09-30
Fleet Foxes,59,2011-05-03
Alabama Shakes,9,2015-04-21
SBTRKT,62,2011-06-27
The National,47,2010-05-11
Snail Mail,60,2018-06-08
The Internet,67,2015-06-26
Tame Impala,75,2012-01-01
Unknown Mortal Orchestra,68,2013-02-05
Maggie Rogers,69,2019-01-18
Lucy Dacus,57,2016-06-22
"Tyler, The Creator",79,2017-07-21
Caribou,54,2010-04-20
Wet,46,2016-01-29
Yaeji,65,2017-10-30
Purple Mountains,57,2019-07-12
Lykke Li,62,2011
Tierra Whack,67,2019-02-19
Bon Iver,59,2016-09-30
Father John Misty,60,2015-02-10
Rex Orange County,80,2017-10-11
Sampha,63,2017-02-03
Phoebe Bridgers,67,2017-09-22
John Maus,54,2011-06-28
Blood Orange,63,2013-11-18
Sharon Van Etten,63,2014-05-27
Jon Hopkins,53,2013-06-03
Destroyer,49,2011-01-25
Car Seat Headrest,60,2016-05-20
Danny Brown,60,2012-06-12
The 1975,73,2018-11-30
Earl Sweatshirt,67,2013-08-16
Ariel Pink,57,2010-06-07
Japanese Breakfast,60,2017-07-14
Flying Lotus,60,2014-10-06
Deerhunter,56,2010-09-27
Cloud Nothings,44,2014-04-01
The Blaze,64,2017-04-07
Majical Cloudz,53,2015-10-16
Still Woozy,45,2017-11-05
Local Natives,49,2010-02-16
Grimes,62,2015-11-06
Mitski,67,2018-08-17
Whitney,65,2016-06-03
Sylvan Esso,61,2014-05-13
Jamie xx,7,2015-03-27
Bill Callahan,48,2011-04-19
St. Vincent,55,2011-09-12
Frank Ocean,75,2012-01-01
Orion Sun,58,2017-07-02
Death Grips,58,2012-04-20
HAIM,60,2013-09-30
Sleigh Bells,56,2010-06-01
Big Thief,62,2019-10-11
CHVRCHES,61,2013-09-20
Alvvays,62,2014-07-22
Nicolas Jaar,59,2010-01-25
Cuco,76,2017-05-25
U.S. Girls,40,2015-09-25
PJ Harvey,37,2011-02-15
Choker,63,2019-02-08
Purity Ring,60,2012-07-23
Jungle,53,2014-07-15
Freya Ridings,67,2019-05-30
Surfaces,81,2019-01-06
Selena Gomez,88,2020-01-10
Frawley,60,2019-05-03
Trevor Daniel,97,2018-10-05
The Weeknd,98,2019-11-29
K CAMP,79,2019-06-21
LoveLeo,75,2019-11-15
Justin Bieber,95,2020-01-03
Astrid S,69,2019-09-26
Noah Kahan,74,2019-06-14
Jeremy Zucker,71,2019-05-03
Billie Eilish,97,2019-11-13
DaBaby,93,2019-09-27
Black Pumas,58,2019-06-21
Conan Gray,85,2019-10-25
Celeste,66,2020-01-09
Jeremy Zucker,82,2019-05-03
Olivia Rodrigo,83,2019-11-27
Rema,57,2019-10-04
Halsey,86,2020-01-10
iann dior,76,2019-07-04
EDEN,76,2016-08-19
Pop Smoke,76,2019-07-26
BENEE,79,2019-06-28
ILLENIUM,74,2019-05-13
Static & Ben El,68,2020-01-10
Polo & Pan,66,2017-05-19
Selena Gomez,80,2020-01-10
Loote,54,2019-06-14
Lewis Capaldi,90,2019-11-19
DeathbyRomy,71,2019-10-04
Greyson Chance,68,2019-03-15
Jessie Reyez,63,2017-04-21
iann dior,73,2019-11-08
J Balvin,82,2020-01-09
Kaash Paige,80,2019-11-15
MEDUZA,91,2019-10-11
Rhys Lewis,66,2019-10-25
FLETCHER,68,2019-11-15
bülow,71,2018-06-08
Niko Walters,40,2019-09-26
Billy Raffoul,59,2019-06-07
Lewis Capaldi,70,2019-11-22
iann dior,80,2019-05-22
YUNGBLUD,75,2019-10-18
Anthony Ramos,43,2019-10-25
Niall Horan,80,2019-12-06
keshi,67,2019-09-24
Jhay Cortez,78,2019-11-01
Badflower,61,2019-02-22
LYRA,47,2019-02-08
Dean Lewis,74,2019-03-22
Celeste,62,2019-09-04
Jack Vallier,51,2017-11-17
Pia Mia,63,2019-09-06
Emily Burns,63,2019-11-20
Carly Pearce,74,2019-09-27
EMMA WAHLIN,45,2019-02-06
Halsey,74,2017-06-02
Celeste,56,2019-12-06
Lana Del Rey,75,2019-08-30
Jai Paul,61,2019-06-01
FKA twigs,59,2019-04-24
Bon Iver,68,2019-08-09
JPEGMAFIA,59,2019-09-13
"Tyler, The Creator",84,2019-05-17
Vampire Weekend,65,2019-05-03
Angel Olsen,60,2019-10-04
Frank Ocean,79,2019-11-02
Caribou,57,2019-10-08
Caroline Polachek,58,2019-10-18
James Blake,66,2019-01-18
Crumb,61,2019-06-14
Aldous Harding,39,2019-04-26
Tame Impala,76,2019-04-12
Faye Webster,59,2019-05-24
(Sandy) Alex G,57,2019-09-13
HAIM,60,2019-07-31
beabadoobee,58,2019-08-21
Monsune,65,2019-08-30
Danny Brown,54,2019-10-04
Sharon Van Etten,65,2019-01-18
Jack Larsen,42,2019-09-11
KAYTRANADA,62,2019-04-10
Vagabon,48,2019-08-27
Angelo De Augustine,54,2019-01-11
Big Thief,61,2019-05-03
Los Retros,64,2019-02-12
Bill Callahan,47,2019-06-14
Chiiild,54,2019-09-12
Stella Donnelly,50,2019-03-08
Dehd,48,2019-05-10
Arlo Parks,51,2019-06-13
Nilüfer Yanya,49,2019-03-22
SiR,67,2019-08-30
Lala Lala,48,2018-09-28
Perfume Genius,53,2019-10-18
Vampire Weekend,70,2019-05-03
Noname,60,2019-04-05
Toro y Moi,57,2019-01-18
Sudan Archives,53,2019-11-01
Brittany Howard,50,2019-09-20
ROSALÍA,74,2019-11-07
Solange,66,2019-03-01
Hand Habits,50,2019-03-01
Cardi B,79,2018-10-23
Beyoncé,77,2016-04-23
City Girls,78,2018-11-16
Mariah Carey,67,2009-01-01
Ciara,64,2019-05-10
Travis Scott,87,2018-08-03
Beyoncé,75,2016-04-23
Nicki Minaj,75,2019-06-21
Cardi B,74,2019-05-31
Migos,75,2018-01-26
Big Sean,5,2015-02-23
Beyoncé,71,2014-11-24
Nicki Minaj,72,2018-08-10
Cardi B,84,2018-04-06
Demi Lovato,14,2017-09-29
Post Malone,87,2018-04-27
The Carters,66,2018-06-16
Young Thug,83,2019-05-23
Tinashe,67,2014-10-03
Rihanna,69,2016-01-28
Ludacris,65,2010-01-01
Sheck Wes,82,2018-10-05
The Carters,54,2018-06-16
Miley Cyrus,77,2019-05-31
Doja Cat,73,2019-11-07
Nicki Minaj,65,2018-04-12
Rihanna,62,2012-12-11
Beyoncé,71,2014-11-24
Kanye West,75,2010-01-01
Childish Gambino,76,2018-05-06
Bhad Bhabie,70,2018-09-18
Rihanna,75,2015-03-26
Dua Lipa,82,2017-06-02
Destiny's Child,70,1999-07-27
Billie Eilish,95,2019-03-29
Lil Wayne,73,2008-01-01
Demi Lovato,74,2015-01-01
Ja Rule,72,2001-01-01
Kanye West,73,2016-06-10
T.I.,74,2008-09-08
Drake,12,2016-04-05
Gwen Stefani,69,2004-11-22
Destiny's Child,61,2001-01-01
Kanye West,74,2016-06-10
Childish Gambino,81,2016-12-02
The Pussycat Dolls,66,2005-01-01
Teyana Taylor,54,2018-06-23
Rihanna,77,2016-01-28
A$AP Rocky,82,2018-05-25
Kendrick Lamar,64,2012
Elko,40,2019-12-06
Lostboycrow,57,2017-05-05
Kid Quill,58,2016-10-14
mansionz,69,2017-03-24
PLVTINUM,66,2017-03-31
Daniel Skye,52,2015-05-04
Stanaj,58,2017-01-27
Xuitcasecity,62,2017-08-18
blackbear,68,2017-11-27
Ivy Adara,59,2017-11-17
Cam Meekins,52,2013-05-21
Cam Meekins,52,2014-05-21
Aer,58,2012-07-30
CloutBag,37,2019-12-27
CloutBag,33,2019-09-02
Tones and I,79,2019-05-10
Roddy Ricch,98,2019-12-06
Future,93,2020-01-10
Coopex,30,2020-01-17
KAROL G,98,2019-11-07
Arizona Zervas,99,2019-10-10
Dua Lipa,97,2019-10-31
CCIITTYY,48,2019-12-13
Maroon 5,98,2019-09-20
Mabryx,47,2020-01-03
Post Malone,98,2019-09-06
Fenris,29,2018-10-17
Avazesa,23,2019-08-16
Selena Gomez,85,2020-01-10
The Black Eyed Peas,96,2019-10-12
Shawn Mendes,88,2019-06-19
Isak Dahling,25,2019-08-09
Lewis Capaldi,94,2019-05-17
Harry Styles,88,2019-12-13
Majed,24,2019-09-06
Camila Cabello,94,2019-12-06
Coopex,57,2019-12-23
SZY,23,2019-08-02
Mac Miller,87,2020-01-09
blackbear,94,2019-08-23
why mona,52,2019-12-13
Pillows,21,2019-05-31
Dubio,47,2019-12-13
Bad Bunny,93,2019-11-21
Dimelo Flow,90,2019-12-13
PuFFcorn,26,2020-01-17
Lewis Capaldi,83,2019-11-22
Martin Miller,25,2019-08-23
Regard,94,2019-07-26
Joey Pecoraro,50,2019-12-12
Harry Styles,86,2019-12-13
Viviana Edera,27,2019-10-04
Don Toliver,92,2019-05-29
YNW Melly,90,2019-11-22
Sancii,14,2019-07-19
Travis Scott,94,2019-10-04
Ed Sheeran,84,2019-07-12
Fullife,18,2019-06-28
Juice WRLD,92,2019-10-04
Rauw Alejandro,92,2019-08-29
Joan Ember,39,2020-01-10
Lil Uzi Vert,91,2019-12-12
Devan,39,2020-01-10
Post Malone,87,2019-09-06
Anuel AA,93,2019-07-19
Vendredi,45,2019-12-27
Tyga,91,2019-11-13
The Weeknd,93,2019-11-27
Kazura,26,2019-03-29
Mustard,90,2019-06-28
Dalex,91,2019-11-01
Pillows,19,2019-09-27
BROCKHAMPTON,88,2019-08-23
Doja Cat,88,2019-11-07
Momo Soundz,42,2019-11-08
Ed Sheeran,85,2019-07-12
Sam Smith,91,2019-07-19
Bufalo,38,2020-01-03
Juice WRLD,92,2018-12-10
Travis Scott,89,2019-12-27
Mr. Brackets,14,2019-10-04
Ed Sheeran,91,2019-07-12
Halsey,14,2019-11-08
Roostz,27,2019-06-02
Alicia Keys,73,2020-01-09
Tones and I,73,2019-07-15
jeonghyeon,28,2019-08-30
Lauv,67,2020-01-16
Tate McRae,78,2019-12-06
Rothchild,26,2019-08-23
The Chainsmokers,85,2019-12-06
Dylan Dunlap,67,2019-11-22
Coopex,47,2019-12-20
SHY Martin,66,2020-01-10
Khalid,83,2020-01-09
Momo Soundz,45,2019-12-27
Halsey,70,2020-01-17
blackbear,68,2020-01-16
Dave Nazza,29,2019-11-08
Ava Max,80,2019-12-12
Harry Styles,90,2019-11-17
Juicy Cola,30,2019-11-01
Why Don't We,77,2019-12-30
Zara Larsson,70,2019-11-08
Selena Gomez,79,2020-01-10
Momo Soundz,47,2019-11-08
Rina Sawayama,26,2020-01-17
kenzie,58,2019-12-18
Awich,43,2020-01-11
Tinashe,64,2019-11-21
Alicia Keys,66,2019-11-20
Meghan Trainor,56,2020-01-17
Friday Night Plans,54,2019-12-06
Megan Thee Stallion,77,2020-01-10
Carlie Hanson,61,2019-11-22
Snowk,24,2020-01-15
Chelsea Cutler,58,2020-01-17
Kali Uchis,69,2019-12-04
Dua Lipa,77,2019-12-13
MALIYA,40,2019-11-29
Kesha,62,2019-11-21
RAYE,72,2019-12-13
Ally Brooke,64,2019-11-25
XLII,26,2019-12-25
Camila Cabello,74,2019-12-06
HarukiD,21,2020-01-12
A.Y.A,35,2019-11-22
bülow,51,2019-12-03
Leyla Blue,53,2020-01-10
Tommy Genesis,54,2019-12-12
EMMA WAHLIN,17,2020-01-17
Tei Shi,42,2019-11-15
Tove Lo,63,2020-01-15
Kesha,72,2019-10-24
Sia,72,2020-01-10
ALMA,60,2019-11-22
Mia Rodriguez,51,2019-12-13
Doja Cat,74,2019-11-07
MARIA,37,2019-12-25
DaniLeigh,69,2019-12-20
Kiana Ledé,62,2019-10-18
SAYGRACE,52,2019-10-18
Melii,29,2019-10-04
Elley Duhé,57,2020-01-10
CHANMINA,37,2020-01-17
カメレオン・ライム・ウーピーパイ,40,2020-01-01
NIKI,63,2019-12-06
SARM,27,2020-01-12
Juice WRLD,11,2018-05-23
Famous Dex,75,2018-04-06
Drake,82,2018-06-29
Tyga,82,2018-05-16
Rich The Kid,77,2018-03-30
Post Malone,83,2018-04-27
Post Malone,88,2018-04-27
21 Savage,80,2017-09-23
Lil Pump,74,2017-10-06
Future,81,2017-06-30
Kendrick Lamar,84,2017-04-14
Kodak Black,83,2018-12-14
Lil Baby,84,2018-10-05
Travis Scott,80,2018-08-03
Travis Scott,71,2018-08-03
6ix9ine,15,2018-11-27
6ix9ine,8,2018-11-27
Moe Dollaz,36,2017-10-13
Migos,75,2018-01-26
Cardi B,76,2018-04-06
Drake,86,2018-06-29
Post Malone,84,2016-12-09
Migos,77,2017-01-27
KYLE,70,2018-05-18
MANI NBISH,19,2017-11-08
Yo Gotti,70,2017-10-27
G-Eazy,76,2017-12-15
Juice WRLD,86,2018-12-10
Juice WRLD,81,2018-12-10
Kanye West,79,2018-09-07
Ayo & Teo,73,2017-03-15
Zay Hilfigerrr,63,2016-09-30
XXXTENTACION,86,2018-03-16
Gucci Mane,73,2018-12-07
Lil Mosey,18,2018-10-19
Lil Mosey,8,2018-10-19
J. Cole,86,2019-01-23
Lil Wayne,71,2018-09-28
Big Sean,76,2017-02-03
Ugly God,61,2017-08-04
Halsey,88,2018-10-04
Ava Max,87,2018-08-17
Marshmello,89,2018-08-17
Sam Smith,87,2019-01-11
Billie Eilish,21,2019-01-30
Khalid,81,2018-10-18
Lady Gaga,88,2018-10-05
Halsey,60,2015-08-28
Bebe Rexha,80,2018-06-22
Anne-Marie,83,2018-04-27
Calvin Harris,85,2018-04-06
Zedd,84,2018-01-23
Bebe Rexha,71,2018-06-22
Marshmello,83,2018-02-09
DJ Snake,83,2018-09-28
Shawn Mendes,79,2018-05-25
Imagine Dragons,83,2018-11-09
Silk City,81,2018-09-06
Bazzi,81,2018-08-02
Juice WRLD,83,2018-12-10
6ix9ine,18,2018-11-27
DJ Khaled,77,2018-07-27
Bruno Mars,77,2017-12-20
N.E.R.D,66,2017-12-15
Bruno Mars,80,2010-10-05
N.E.R.D,58,2017-12-06
Ciara,68,2018-07-18
Drake,83,2018-06-29
Jason Derulo,71,2018-08-24
benny blanco,79,2018-12-07
6ix9ine,0,2018-07-22
Post Malone,24,2018-10-18
benny blanco,84,2018-07-12
Gucci Mane,78,2018-09-14
Juice WRLD,5,2018-05-04
Drake,13,2018-06-29
Cardi B,71,2018-04-06
Drake,18,2018-06-29
Camila Cabello,84,2018-01-12
Drake,6,2018-06-29
Post Malone,9,2018-02-23
Drake,17,2018-01-20
XXXTENTACION,87,2018-03-16
A$AP Ferg,77,2017-08-18
Kendrick Lamar,79,2017-04-14
Lil Dicky,77,2018-03-15
Lil Dicky,69,2015-07-31
Aminé,77,2017-07-28
G-Eazy,74,2014-06-20
A Boogie Wit da Hoodie,78,2017-09-29
YFN Lucci,66,2017-03-03
Khalid,83,2017-04-27
Nidža Bleja,36,2008-01-01
St. Viper,40,2008-01-01
St. Viper,36,2008-01-01
St. Viper,41,2008-01-01
St. Viper,36,2008-01-01
St. Viper,35,2008-01-01
St. Viper,36,2008-01-01
Nidža Bleja,36,2009-01-01
Nidža Bleja,36,2009-01-01
Nidža Bleja,36,2009-01-01
Nidža Bleja,37,2010-01-01
Nidža Bleja,35,2014-01-01
Nidža Bleja,40,2016-01-01
OutKast,77,2000-10-31
Missy Elliott,70,2002-11-11
Nelly,77,2002-06-25
Ashanti,71,2002-01-01
TLC,66,1994-11-15
Blackstreet,76,1996-09-09
Cam’ron,57,2002-01-01
Usher,77,2004-03-23
Eve,71,2001-01-01
Will Smith,70,1997-10-03
Twista,59,2004-01-27
TLC,79,1999-02-23
Dr. Dre,71,1999-11-16
50 Cent,71,2003-02-06
Nelly,13,2000-06-27
Snoop Dogg,67,2004-01-01
R. Kelly,70,2003
Coolio,19,1995-11-07
Fat Joe,72,2001-12-04
Destiny's Child,76,1999-07-27
Ice Cube,74,1992-11-17
B2K,53,2002-12-10
Baby Bash,8,2003-01-01
Mario,64,2004-08-06
50 Cent,69,2003-02-06
Snoop Dogg,60,2002-01-01
Nelly,71,2002-06-25
Busta Rhymes,66,2002-11-26
Usher,73,2001-08-07
Ja Rule,64,2002-01-01
Sisqo,65,1999-01-01
Cam’ron,65,2002-01-01
Shaggy,17,2000-08-08
Chingy,67,2003-01-01
The Notorious B.I.G.,72,1997-03-04
Missy Elliott,70,2001-05-14
Nelly,12,2000-06-27
50 Cent,74,2003-02-06
Jennifer Lopez,65,2002-11-19
Ja Rule,37,2001-01-01
Ashanti,64,2003-01-01
Ginuwine,72,1999-10-08
Ciara,65,2004-09-24
Dr. Dre,18,1999-01-01
Diddy,64,2005-10-04
Cassie,72,2006-08-07
Jagged Edge,67,2001-07-03
Fabolous,35,2015-01-30
Jennifer Lopez,7,1999
Sean Paul,58,2002-11-12
Blu Cantrell,60,2001-01-18
Chingy,60,2003-01-01
Ciara,74,2004-09-24
Craig David,55,2001
Diddy,67,2004-03-09
Usher,67,1997-09-16
Eve,62,2001-01-01
Fabolous,62,2003-02-01
Lil Jon & The East Side Boyz,1,2003-01-01
Ja Rule,0,2005-01-01
Sean Paul,61,2002-11-12
Juvenile,62,2003-01-01
Chingy,61,2003-01-01
Ashanti,62,2002-01-01
Jennifer Lopez,56,2002-11-19
112,57,2005-10-04
Usher,70,2001-08-07
Bow Wow,47,2000
T-Pain,67,2005
Jennifer Lopez,0,2001-01-23
Usher,67,2004-03-23
Mario Winans,68,2016-08-12
Chris Brown,14,2005-11-29
Ginuwine,61,2003-04-08
Montell Jordan,51,2015-09-25
Brandy,66,1998-05-29
Jennifer Lopez,3,1999
Usher,66,2004-03-23
Ashanti,60,2002-01-01
Omarion,63,2006-12-26
Ne-Yo,77,2006-01-01
Ray J,0,2005-09-20
Mario,62,2002-07-22
Usher,59,2001-08-07
Destiny's Child,62,2004-11-16
Nelly,59,2004-09-14
Joe,64,2000-04-18
T-Pain,51,2014
K-Ci & JoJo,70,1997-01-01
Pretty Ricky,66,2005-05-17
Kanye West,11,2004-02-13
Trey Songz,62,2007-10-01
Bow Wow,59,2006-12-15
R. Kelly,60,2007-05-25
Akon,70,2006
Twista,3,2004-02-13
Brian McKnight,71,1999-09-21
Usher,63,1997-09-16
Nivea,64,2002-12-10
Lionel Ferro,42,2020-01-10
Nicolas Nerva,23,2020-01-10
Dj Dasten,35,2019-11-14
Post Malone,49,2019-08-30
James Cole,26,2019-08-23
Khalid,79,2018-02-14
PRETTYMUCH,73,2018-06-21
Why Don't We,36,2019-03-20
Why Don't We,77,2018-08-31
MAX,69,2016-04-08
Noah Cyrus,66,2018-05-11
5 Seconds of Summer,84,2018-06-15
The Chainsmokers,69,2018-12-14
5 Seconds of Summer,81,2019-05-23
The Chainsmokers,11,2019-05-03
Why Don't We,72,2019-01-17
James Cole,12,2019-02-14
Khalid,77,2019-08-13
Shawn Mendes,84,2019-05-03
Ed Sheeran,89,2019-06-28
Shawn Mendes,93,2019-06-21
Lauv,79,2018-05-31
MAX,65,2019-07-19
James Cole,14,2018-10-05
Charlie Puth,74,2019-08-21
The Chainsmokers,62,2019-07-24
Alec Benjamin,77,2019-07-16
PRETTYMUCH,64,2017-07-21
MAX,78,2019-04-05
Lizzo,83,2016-03-09
Avicii,83,2019-06-06
Conor Maynard,68,2019-06-28
OneRepublic,74,2019-09-06
Jonas Brothers,87,2019-06-07
PRETTYMUCH,61,2017-10-27
Jack & Jack,54,2017-11-17
Post Malone,88,2018-12-14
Jack & Jack,79,2019-01-25
Jonas Brothers,76,2019-06-07
Ali Gatie,68,2019-06-14
The Chainsmokers,67,2019-07-24
Lauv,79,2018-09-27
Ariana Grande,87,2019-02-08
Dominic Fike,86,2018-10-16
Ellie Goulding,82,2018-10-24
Social House,75,2018-06-08
Drax Project,32,2019-01-21
Ariana Grande,56,2019-08-02
ROSIE,19,2018-09-12
Rudimental,60,2019-01-25
Francis Davila,31,2017-10-06
Sarah Jarosz,59,2017-07-19
Branches,58,2014-04-08
Front Country,40,2016-05-13
Joy Kills Sorrow,2,2013-06-04
Carolina Chocolate Drops,45,2010
Graeme James,22,2014-09-29
The Wind and The Wave,45,2015-02-17
Pickin' On Series,37,2015-07-31
Mountain Faith,2,2015-08-21
The DeLorean Sisters,35,2015-06-30
Pickin' On Series,38,2007-01-24
The Beef Seeds,1,2014-05-01
Darlingside,42,2016-10-07
Iron & Wine,58,2018-07-02
Love Canon,1,2018-07-13
Mile Twelve,36,2018-09-20
Jamie Kent,33,2017-02-14
Honeybucket,37,2015-08-08
Mandolin Orange,17,2018-04-04
Love Canon,37,2012-03-29
Pickin' On Series,35,2008-05-30
Flatt Lonesome,2,2016-04-08
Mustered Courage,32,2014-01-01
Pickin' On Series,34,2007-10-15
The HillBenders,1,2015-06-02
Mountain Faith,1,2015-08-21
Pickin' On Series,36,2015-01-20
The Cleverlys,2,2016-08-12
Rebecca Loebe,32,2011-03-01
The Cleverlys,1,2016-08-12
Chris Thile,40,2006-01-01
Rhonda Vincent,1,2000-01-01
Pickin' On Series,31,2009-01-13
Aoife O'Donovan,4,2016-11-30
Pickin' On Series,37,2007-01-09
Dawn Landes,0,2007-10-15
Love Canon,34,2014-04-29
Bill Evans,31,2012-05-15
Kishi Bashi,55,2013-04-02
The DeLorean Sisters,33,2015-06-30
Chessboxer,32,2015-04-07
Pickin' On Series,33,2010-09-21
Honeywagon,34,2010-08-24
Love Canon,34,2012-11-21
Ricky Skaggs,36,2007-03-20
Trampled by Turtles,52,2011-10-07
Pickin' On Series,34,2014-01-21
Hayseed Dixie,41,2013-08-19
The Wailin' Jennys,0,2004-08-10
Rodrigo y Gabriela,2,2006-10-03
John Mailander,0,2014-09-24
Hayseed Dixie,0,2002
Pickin' On Series,31,2015-07-31
Mother Falcon,31,2014-03-18
Humming House,32,2014-08-26
Old School Freight Train,33,2005-05-10
Town Mountain,52,2008-10-16
Old Man Markley,0,2010-10-26
The Gourds,51,2001
The Beef Seeds,0,2014-05-01
The Civil Wars,64,2012
Hayseed Dixie,39,2013-08-12
The Cleverlys,34,2011-12-13
Pickin' On Series,36,2007-09-11
Branches,37,2014-04-08
Iron Horse,35,2003-10-14
Pickin' On Series,30,2012-05-01
Branches,31,2014-04-08
Honeywagon,31,2010-08-24
Obadiah Parker,3,2007-01-01
The Cleverlys,0,2016-08-12
Ben Lee,0,2006-07-18
The Rural Alberta Advantage,8,2010-01-12
Hugo,61,2011
Bahamas,63,2009-07-21
Sam Amidon,36,2013-05-21
Jenny Owen Youngs,41,2007
Yael Naim,4,2007-10-22
Bahamas,10,2013-01-01
Lisa LeBlanc,0,2016-09-30
The Duhks,0,2009-01-01
Sam Bush,31,2006-01-01
Love Canon,33,2012-11-21
The Duhks,28,2005
The Beef Seeds,30,2015-01-19
The Be Good Tanyas,35,2006-10-10
Tim O'Brien,36,2006-01-01
Alison Krauss,0,1995
John Hartford,29,1984-01-01
Honeywagon,30,2010-08-24
The Austin Lounge Lizards,25,1991-01-01
Punch Brothers,33,2012
Old & In The Way,47,1997-11-18
Bill Evans,30,2012-05-15
Eminem,76,2020-01-17
Jonas Brothers,73,2020-01-17
Miles Casper,37,2020-01-10
Ryan Nealon,38,2019-12-13
T'via,35,2019-12-22
Dylan Wild,36,2020-01-03
Eminem,79,2020-01-17
Scott Paul,23,2020-01-10
Rezin,6,2020-01-17
423kidk,29,2020-01-03
Ray Dawn,28,2019-08-02
Ray Dawn,41,2019-07-05
Selena Gomez,73,2020-01-10
Milli,6,2020-01-14
Young Thug,82,2019-12-20
Sam Sky,14,2020-01-17
Gramm Thomas,0,2020-01-17
Marc Oso,12,2019-12-20
Offspin,13,2020-01-06
The Score,71,2019-02-01
Astrojaxx,42,2019-07-19
Ryan Nealon,25,2019-10-25
Chris Odd,35,2019-10-18
HONÜ,18,2020-01-10
Quinn O’Donnell,25,2020-01-10
greisun,37,2019-11-22
heartbreaker,29,2020-01-02
Skilla O.P.,26,2019-07-24
John The Blind,44,2019-10-11
Wade B,32,2019-07-05
Minty Burns,23,2019-06-14
Minty Burns,15,2018-12-25
Derrick Ryan,30,2019-12-27
Minty Burns,29,2018-12-25
L.B.,33,2020-01-02
Jaden Dixon,29,2019-12-27
Arizona Zervas,71,2019-10-10
Mike Moonnight,19,2019-02-05
Marc Oso,3,2019-08-27
Toby Beck,17,2020-01-04
Lil Eli,16,2019-09-25
DÉRLY,19,2019-10-25
PARTYNEXTDOOR,84,2019-11-22
French Montana,75,2019-12-06
Alvin Marquis,21,2019-10-25
Johnnie Floss,16,2018-12-10
Lauv,79,2020-01-02
Christopher Needle,20,2019-12-18
Christopher Needle,20,2019-12-18
Christopher Needle,26,2019-12-18
Emassin,16,2014-12-31
Minty Burns,28,2019-10-31
Nicky Kuba,36,2019-11-25
Minty Burns,39,2019-10-31
Ansvh,17,2019-12-08
423kidk,14,2020-01-03
Ansvh,14,2019-12-08
423kidk,14,2020-01-03
Charles DaBeast,14,2019-12-31
Still Diligent,16,2014-10-28
Selena Gomez,93,2019-10-23
Minty Burns,34,2018-12-25
Camila Cabello,73,2019-10-04
R3load,27,2019-11-22
Wiley,61,2019-10-03
Ant Saunders,62,2019-06-18
NoBodyGHY,34,2019-11-29
Dan + Shay,91,2019-10-04
Major Lazer,80,2019-10-24
Summer Walker,80,2019-10-04
Mustard,82,2019-06-28
Kanye West,85,2019-10-25
Taylor Swift,79,2019-08-23
Lil Tecca,90,2019-08-30
Rocco Hunt,78,2019-08-30
Fred De Palma,55,2019-06-04
Mahmood,75,2019-08-30
Benji & Fede,53,2019-05-31
Checco Zalone,56,2019-12-06
Ultimo,76,2019-12-13
Tommaso Paradiso,75,2019-09-25
Andra,52,2017-03-03
Elodie,70,2019-06-12
Takagi & Ketra,70,2019-05-24
Fred De Palma,73,2019-09-13
Boomdabash,69,2019-06-07
Irama,69,2019-05-24
Mahmood,14,2019-02-06
Marco Mengoni,69,2019-10-04
Giordana Angi,34,2019-08-26
J-AX,69,2019-05-17
Boomdabash,61,2019-02-06
Tiziano Ferro,52,2019-09-20
Baby K,67,2019-05-31
Ultimo,70,2019-04-05
Tiziano Ferro,66,2019-11-22
Benji & Fede,67,2019-10-18
Annalisa,65,2019-11-29
Emma,61,2019-10-25
Marracash,76,2019-10-31
Shade,69,2019-06-18
Charlie Charles,71,2019-04-26
Elisa,64,2019-05-03
Achille Lauro,67,2019-04-12
Coez,62,2019-01-11
Benji & Fede,67,2019-10-18
The Kolors,62,2019-03-15
Brunori Sas,62,2019-12-13
Ultimo,66,2019-02-06
Francesca Michielin,68,2019-11-15
Cesare Cremonini,44,2019-11-29
tha Supreme,65,2019-05-03
Coez,71,2019-03-29
Elisa,8,2018-10-26
Ultimo,62,2019-04-05
Fabio Rovazzi,62,2019-07-10
Coez,67,2019-03-29
Shade,61,2019-02-06
Elettra Lamborghini,59,2019-06-14
Boro Boro,73,2019-06-07
Irama,59,2019-02-06
Gemitaiz,68,2018-12-21
Sfera Ebbasta,67,2019-03-12
AIELLO,62,2019-03-27
Thegiornalisti,66,2019-05-17
Emma,33,2019-09-06
The Kolors,60,2019-10-03
Modà,56,2019-06-21
Eros Ramazzotti,59,2018-11-23
AIELLO,53,2019-09-06
Takagi & Ketra,64,2019-03-01
Brunori Sas,61,2019-09-19
Elisa,66,2019-05-03
Il Volo,47,2019-02-06
Giusy Ferreri,52,2019-10-18
Sofia Tornambene,63,2019-11-22
Modà,51,2019-08-30
Eros Ramazzotti,56,2018-11-23
Enrico Nigiotti,50,2019-02-06
Max Pezzali,58,2019-11-08
Jake La Furia,61,2019-06-28
Ultimo,65,2019-04-05
Biagio Antonacci,47,2019-11-29
Ghali,61,2019-06-21
Modà,51,2019-10-04
Calcutta,66,2019-06-07
Franco126,61,2019-01-25
Gazzelle,68,2019-10-25
Stevie Wonder,1,2019-09-20
Zucchero,51,2019-11-08
Alessandra Amoroso,57,2018-10-05
Jovanotti,61,2019-06-07
Andrea Bocelli,55,2019-10-03
Il Volo,51,2019-02-22
Giaime,63,2019-11-08
Franco126,65,2019-01-25
Willie Peyote,60,2019-08-30
Gazzelle,63,2019-06-21
Loredana Bertè,53,2019-05-10
Måneskin,61,2018-10-26
Gigi D'Alessio,51,2019-05-03
Malgioglio,48,2019-04-19
Nek,52,2019-05-10
Gigi D'Alessio,40,2019-07-12
Jovanotti,54,2019-06-07
Gigi D'Alessio,45,2019-10-18
Lebo,43,2019-06-06
Fred De Palma,59,2019-09-13
Ultimo,46,2019-02-22
Rkomi,63,2019-03-22
Alberto Urso,45,2019-10-31
Tiziano Ferro,43,2019-05-31
Ultimo,68,2018-02-09
Gianna Nannini,49,2019-10-11
Harry Styles,91,2019-12-06
The Black Eyed Peas,35,2020-01-17
Tones and I,92,2019-08-29
Shakira,79,2020-01-13
Khalid,87,2019-11-14
Alan Walker,85,2019-12-27
Doja Cat,85,2018-03-30
Harry Styles,74,2019-10-11
Usher,73,2019-12-13
KAYTRANADA,67,2019-12-13
JP Saxe,88,2019-10-17
Lil Nas X,90,2019-06-21
BTS,83,2019-10-18
Y2K,91,2019-06-28
Miley Cyrus,81,2019-08-16
Camila Cabello,87,2019-09-04
Lil Nas X,84,2019-06-21
Halsey,87,2019-09-13
Khalid,75,2019-04-05
Nicky Jam,82,2020-01-08
Chris Brown,71,2019-06-25
Khalid,82,2019-04-05
Selena Gomez,86,2019-10-24
Chris Brown,85,2019-06-28
Kygo,81,2018-10-26
Kygo,87,2019-06-28
Noah Cyrus,88,2019-07-31
Marshmello,85,2019-06-21
Ruel,74,2019-04-30
The Chainsmokers,85,2016-07-29
Post Malone,90,2019-09-06
Zara Larsson,74,2019-06-21
Dennis Lloyd,74,2019-02-15
Ed Sheeran,90,2019-05-10
Riton,86,2019-09-13
Drake,88,2019-06-15
Sia,75,2019-04-12
Jonas Brothers,86,2019-06-07
Normani,83,2019-08-16
SAINt JHN,72,2019-09-13
GASHI,63,2019-08-28
MEDUZA,88,2019-02-01
King Princess,79,2018-02-23
Mark Ronson,79,2018-11-30
Young Thug,86,2019-11-01
Kina,85,2018-08-31
Khalid,70,2019-04-05
Billie Eilish,83,2019-07-11
Maren Morris,76,2019-10-04
Mabel,85,2019-01-18
Sam Fischer,76,2019-12-13
DJ Khaled,71,2019-05-17
Rick Ross,69,2019-07-26
The Chainsmokers,11,2018-01-17
Camila Cabello,66,2017-12-17
Demi Lovato,4,2017-09-29
Hailee Steinfeld,46,2018-01-12
Zac Efron,77,2017-12-08
Hailee Steinfeld,81,2017-09-08
Justin Timberlake,52,2018-01-05
NF,7,2017-09-15
SZA,76,2017-12-15
Camila Cabello,63,2017-12-06
Troye Sivan,9,2018-01-11
Clean Bandit,23,2017-10-26
Jason Derulo,70,2017-11-10
Matt Terry,65,2017-10-13
Keala Settle,78,2017-12-08
Liam Payne,12,2018-01-05
Maroon 5,5,2017-11-03
Carlie Hanson,7,2017-11-24
Camila Cabello,26,2017-08-03
Machine Gun Kelly,73,2017-11-18
BTS,65,2017-11-24
Martin Garrix,72,2017-12-01
Taylor Swift,68,2017-11-10
Selena Gomez,82,2017-10-25
James Arthur,76,2017-11-24
Luis Fonsi,69,2017-11-17
Glades,54,2017-12-15
Ed Sheeran,77,2017-11-30
Bad Bunny,74,2017-11-03
The Weeknd,67,2016-11-24
Trey Songz,55,2017-03-24
Jacquees,66,2017-09-29
SoMo,1,2017-09-01
H.E.R.,68,2017-10-20
Selena Gomez,2,2017-08-23
Rudy Mancuso,45,2017-10-06
Shawn Mendes,25,2017-04-20
Bebe Rexha,8,2017-05-18
Dua Lipa,83,2017-06-02
Steve Aoki,52,2017-11-17
A Boogie Wit da Hoodie,39,2017-09-29
Migos,52,2014-04-08
2 Chainz,59,2013-01-01
Drake,70,2017-06-23
Chris Brown,0,2010-06-25
Young G Freezy,1,2017-06-24
Bruno Mars,82,2016-11-17
Sam Smith,21,2014-01-01
Sam Smith,76,2017-11-03
Sam Smith,76,2015-11-06
Paramore,74,2017-05-12
Paramore,64,2017-05-12
Portugal. The Man,64,2017-06-16
Portugal. The Man,81,2017-06-16
Maroon 5,12,2017-11-03
Demi Lovato,5,2017-07-10
Imagine Dragons,14,2017-06-23
Imagine Dragons,12,2017-06-23
Taylor Swift,68,2014-10-27
Ed Sheeran,75,2017-01-06
Luis Fonsi,76,2017-04-17
The Weeknd,70,2016-11-24
Fall Out Boy,3,2017-06-22
Fall Out Boy,73,2015-01-20
Major Lazer,17,2015-06-01
Axwell /\ Ingrosso,25,2017-05-24
Sia,14,2016
Lauv,83,2017-05-19
Lana Del Rey,73,2013-02-01
X Ambassadors,46,2018-01-26
Niall Horan,63,2017-05-04
G-Eazy,61,2017-03-16
Vice,44,2017-03-10
Lord Huron,11,2017-03-30
Charlie Puth,23,2017-04-20
Hailee Steinfeld,76,2017-04-28
Zedd,79,2017-02-23
Kygo,69,2017-04-28
Griffin Stoller,40,2017-01-23
Petit Biscuit,77,2015
Birdy,56,2016-06-03
Kota Banks,2,2016-10-07
Halsey,4,2017-04-04
XY&O,41,2016-04-22
Wingtip,3,2016-09-20
BAYNK,3,2016-11-04
ODESZA,67,2014-09-08
Local Natives,43,2017-01-27
Kygo,69,2017-02-17
Machine Gun Kelly,4,2017-03-17
Harry Styles,80,2017-05-12
Ed Sheeran,86,2017-03-03
Fifth Harmony,13,2016-02-27
Justin Bieber,83,2015-11-13
Charlie Puth,70,2016-01-29
Sia,77,2016-01-29
The Chainsmokers,73,2015-06-16
People Under The Stairs,22,2012-03-06
Deca,39,2017-10-24
J Dilla,0,2006-08-21
Smif-N-Wessun,58,1995
Mac Miller,48,2013-12-17
Munch,17,2019-07-12
Joey Bada$$,47,2012-11-13
NugLife,14,2019-07-20
Dabrye,28,2018-02-16
Blake Anthony,31,2019-08-25
OverDoz.,38,2017-10-27
The Beautiful Now,11,2018-09-28
Home Brew,0,2012-01-01
J. Cole,78,2014-12-09
MF DOOM,60,2004
Jackson Reese,13,2019-08-02
Chris Read,0,2017-04-07
Deca,44,2013-09-23
Oddisee,22,2016-03-24
Nomad Carlos,26,2019-11-20
Mac Miller,7,2014-08-19
Kydd Jones,22,2019-10-01
Sampa the Great,42,2019-09-13
Mello Music Group,41,2015-03-10
NugLife,22,2019-07-20
REMI,36,2019-07-11
Oddisee,13,2008-12-09
BJ The Chicago Kid,59,2019-07-26
Malcolm Voltaire,13,2019-01-18
Blu & Exile,36,2012-09-04
Blake Anthony,32,2019-03-01
Black Josh,40,2014-08-22
Kayo Genesis,22,2019-09-20
The Pharcyde,1,2001
Mos Def,0,2004-10-19
Greg Grease,0,2012-12-11
Pete Rock / InI,0,2003-11-04
J Dilla,0,2001
Joey Bada$$,40,2015-01-20
Tone West,11,2019-09-16
Charizma & Peanut Butter Wolf,0,2003-12-01
Nas,60,1994-04-19
A.Heard,12,2018-09-14
The Pharcyde,0,1992-11-24
AyiTe,11,2019-06-14
Donwill,20,2019-07-19
Denzil Porter,33,2015-01-15
PackFM,22,2008-02-12
Anderson .Paak,52,2016-01-15
NxWorries,0,2015-02-23
People Under The Stairs,35,2019-02-01
Smartface,29,2019-09-07
J. Griffin,9,2019-04-23
Hawk House,0,2014-01-01
Epidemic,16,2014-08-05
G. Dot & Born,9,2019-08-30
L'Orange,24,2017-10-27
Oddisee,29,2017-02-24
Masta Ace,44,2016-05-13
Pete Flux,22,2014-02-24
Blake Anthony,33,2019-04-23
Joey Bada$$,54,2017-07-06
Katalyst,0,2007
De La Soul,30,2010-08-03
Ghostnaut,33,2019-02-15
The Beautiful Now,8,2018-10-19
Jay Prince,23,2017-03-31
Jurassic 5,3,2008
A Tribe Called Quest,0,1999-10-26
Souls Of Mischief,0,2012-03-23
The Notorious B.I.G.,0,1994
Ice Cube,60,2008-01-01
Charizma & Peanut Butter Wolf,0,2003-12-01
Talib Kweli,3,2002-12-16
Scallops Hotel,0,2015-05-05
Flying Lotus,51,2007-10-01
Pete Flux,22,2014-02-24
Michael DeAngelo,8,2018-08-31
Elements of Music,49,2015-04-25
Dabrye,16,2018-02-16
The Pharcyde,2,1992-11-24
J Dilla,0,2006-08-21
Focus the Truth,32,2017-02-27
Heno.,9,2018-11-06
Like,21,2016-09-30
Joey Bada$$,0,2017-01-20
Oddisee,29,2017-02-24
Blackalicious,51,2002-01-01
N.W.A.,45,2008-01-01
Madlib,29,2010-05-25
Simple Citizens,17,2008-12-11
Jon Corbin,12,2017-03-03
Kendrick Lamar,1,2015-03-16
J. Cole,69,2014-12-09
Mick Jenkins,0,2014-08-12
A Tribe Called Quest,0,2008-04-01
Homeboy Sandman,0,2017-04-04
Warren G,51,1994-06-07
Apollo Brown,0,2018-09-18
The Herbaliser,16,1997-03-01
TXYLOR,31,2019-12-27
A.M. SNiPER,48,2019-12-06
Halsey,79,2019-12-06
Jawknee Music,20,2019-12-13
TOMMY FANTOM,32,2019-12-27
Lucius P. Thundercat,33,2020-01-08
Harry Styles,88,2019-12-13
Drvmmer,35,2019-11-29
Key Crashers,33,2020-01-10
Gliffo,39,2019-12-06
Matthew Miller,35,2019-12-06
Elben,34,2019-12-29
Josh Arce,40,2020-01-03
Lauv,85,2019-11-14
Alec Benjamin,82,2019-12-12
After 7,42,1989-01-01
Guy,0,1988
TLC,0,2008
Tevin Campbell,47,2005-12-20
Jade,61,1992-11-13
Johnny Gill,35,1990
Hi-Five,0,1996-02-29
Ralph Tresvant,0,2015-06-15
Bobby Brown,47,1988-06-20
Babyface,47,1989-07-07
Tony! Toni! Toné!,58,1990-01-01
Janet Jackson,1,1986-02-04
En Vogue,52,1992-03-24
Portrait,39,2000-01-01
New Edition,0,2005-01-01
Boyz II Men,0,1991-04-30
Janet Jackson,42,1989-09-19
Eternal,25,2001
Babyface,35,1989-07-07
TLC,53,1994-11-15
New Edition,0,2012-11-16
Tony! Toni! Toné!,16,2014-11-21
Al B. Sure!,39,2005-04-19
Babyface,15,1991-11-19
R. Kelly,32,2014-05-19
Bobby Brown,35,1988-06-20
SWV,66,1992-10-27
Keith Sweat,36,1990
Kool Moe Dee,0,1987
Bobby Brown,50,1988-06-20
Oran Juice Jones,0,2009-01-01
Christopher Williams,55,1991-03-05
Color Me Badd,58,1991-07-23
Tevin Campbell,27,2005-12-20
Janet Jackson,1,1986-02-04
Babyface,36,1989-07-07
After 7,30,1997-01-01
Keith Sweat,36,1987
MC Lyte,6,2007-05-01
Janet Jackson,0,1986-02-04
Keith Sweat,32,1987
Bell Biv DeVoe,0,2000
Keith Sweat,35,1990
LL Cool J,2,1987-07-22
Janet Jackson,1,1986-02-04
Wreckx-N-Effect,43,2012-04-06
Bobby Brown,40,1988-06-20
Keith Sweat,30,1990
Michael Jackson,0,1991-11-13
Janet Jackson,30,1989-09-19
Kool Moe Dee,0,1986
Paula Abdul,59,1988-01-01
New Edition,0,2000
MC Lyte,19,2007-04-24
Janet Jackson,0,1986-02-04
Color Me Badd,43,1991-07-23
Boyz II Men,0,1991-04-30
TLC,52,1992-02-25
Johnny Kemp,0,1996
Janet Jackson,26,1989-09-19
Babyface,13,1993-08-24
Paula Abdul,51,1988-01-01
Boyz II Men,0,1991-04-30
Color Me Badd,25,1991-07-23
Jade,39,1992-11-13
The Deele,0,2014-09-29
After 7,30,1997-01-01
TLC,71,1994-11-15
New Edition,0,2005-01-01
Janet Jackson,38,1989-09-19
Brownstone,62,1993-06-01
Heavy D & The Boyz,1,2008-01-01
Paula Abdul,36,1988-01-01
Karyn White,20,2005-10-05
Michael Jackson,0,1991-11-13
Guy,0,2002-01-01
En Vogue,56,1992-03-24
R. Kelly,1,2002-03-15
Paula Abdul,53,1988-01-01
Mariah Carey,68,1995-09-26
After 7,45,1997-01-01
Bell Biv DeVoe,0,2000
Boyz II Men,0,1991-04-30
Bobby Brown,40,1988-06-20
Teddy Riley,0,1991-12-31
Force M.D.'s,1,2005-02-08
Janet Jackson,38,1989-09-19
Babyface,23,1991-11-19
Karyn White,35,1991
Hi-Five,31,1992-09-04
LL Cool J,1,1990-08-27
TLC,66,1994-11-15
Michael Jackson,0,1991-11-13
Color Me Badd,51,1991-07-23
Karyn White,43,1988-01-01
Michael Jackson,0,1991-11-13
R. Kelly,0,1993
Shanice,0,2008-12-15
TLC,58,1992-02-25
Joe Public,38,1992
Jodeci,21,1991-05-28
Aaliyah,57,1994-05-22
Hi-Five,54,1990
Soul For Real,38,2007-01-01
Color Me Badd,32,2005-03-15
H-Town,1,1998
Bell Biv DeVoe,48,2002-01-01
Zhané,31,1994-01-01
Jodeci,0,1993-12-21
Xscape,51,1993-10-12
Adina Howard,56,1995
Color Me Badd,51,2005-03-15
Groove Theory,63,1995-07-25
Aaliyah,0,1996
Mary J. Blige,2,1992-01-01
SWV,62,1992-10-27
Boyz II Men,40,2009-01-01
Arrested Development,0,1992-03-24
Shai,26,2001-01-01
Zhané,13,1994-01-01
Keith Sweat,0,2005-10-18
Changing Faces,37,2005-04-19
Boyz II Men,0,2009-01-01
Aaliyah,51,1994-05-22
Janet Jackson,65,1993-05-18
Father MC,25,2010-11-01
Silk,58,1992
Jodeci,42,1993-01-01
Zhané,28,1994-01-01
Aaliyah,0,1996
Jodeci,0,1993-12-21
Bobby Brown,26,2009-01-01
Guy,39,1988
Montell Jordan,65,1995-01-01
Blackstreet,27,2004-01-01
TLC,27,2003-09-30
Soul For Real,52,1995
Bell Biv DeVoe,0,2002
Brandy,60,1994
SWV Featuring Wu-Tang Clan,37,1994-05-10
Case,0,1997-09-09
Janet Jackson,0,2009-01-01
Mint Condition,57,1991-01-01
LL Cool J,0,2009-06-02
Tony! Toni! Toné!,27,1988-01-01
P.M. Dawn,0,2000-06-20
Father MC,31,1990-01-01
Monica,55,1995-06-12
Bobby Brown,56,1988-01-01
Bobby Brown,56,1988-01-01
Bobby Brown,53,1988-01-01
Bobby Brown,52,1988-01-01
Bobby Brown,32,2006-01-01
Bobby Brown,0,1992-01-01
Christopher Williams,32,1992-01-01
Ralph Tresvant,54,1990-01-01
Ralph Tresvant,0,2005-01-01
Ralph Tresvant,31,1990-01-01
Al B. Sure!,51,1988-04-26
Al B. Sure!,47,1988-04-26
Al B. Sure!,31,1988-04-26
Guy,0,2004-01-01
Guy,0,2002-01-01
Guy,0,2002-01-01
Guy,0,2004-01-01
Aaron Hall,34,1998-01-01
Aaron Hall,30,1993-01-01
Aaron Hall,46,1993-01-01
Hi-Five,55,1990
Hi-Five,32,1990
Hi-Five,26,1990
New Edition,2,2005-01-01
New Edition,52,1996-01-01
New Edition,44,1991-01-01
Keith Sweat,47,2015-02-09
Keith Sweat,38,2004-01-13
Shai,44,1992-01-01
Shai,22,2011-01-01
Shai,35,1995-01-01
New Edition,45,1996-01-01
Tony! Toni! Toné!,35,1997-01-01
Tony! Toni! Toné!,54,1997-01-01
Tony! Toni! Toné!,46,1997-01-01
Tony! Toni! Toné!,46,2001-01-01
Guy,35,1991-03-05
Guy,0,1990-11-13
Guy,0,2002-01-01
Troop,55,1989-10-20
Troop,43,1989-10-20
Troop,0,2014-05-20
Christopher Williams,32,1989-01-01
Chuckii Booker,33,1989
Chuckii Booker,44,1992
Chuckii Booker,16,1989
Chuckii Booker,13,1992
Mint Condition,53,1993-01-01
Jodeci,58,1995-01-01
Jodeci,52,1991-05-28
Jodeci,49,1991-05-28
SWV,59,1992-10-27
SWV,49,1996-04-23
SWV,45,1996-04-23
En Vogue,58,1990-04-03
Mary J. Blige,46,1992-01-01
Mary J. Blige,63,1992-01-01
Mary J. Blige,47,1992-01-01
Mary J. Blige,55,1992-01-01
Mary J. Blige,47,1992-01-01
Johnny Gill,15,2003-01-01
Johnny Gill,25,2003-01-01
Johnny Gill,0,2005-01-01
Bobby Brown,0,2005-01-01
Bobby Brown,30,1988-01-01
Bobby Brown,25,1988-01-01
Guy,0,2004-01-01
Guy,0,2004-01-01
Today,0,2008-01-01
Today,0,1993-01-01
Basic Black,22,1990
Levert,53,2010-08-29
Levert,53,1990-10-16
Levert,32,1988-10-18
Heavy D & The Boyz,42,1994-05-25
Heavy D & The Boyz,46,1991-01-01
Heavy D & The Boyz,36,1989-01-01
Heavy D & The Boyz,39,1989-01-01
Another Bad Creation,0,1993-01-01
Father MC,36,2010-10-01
Kool Moe Dee,17,2009-05-01
Keith Sweat,32,1991
Keith Sweat,29,1991
Portrait,9,2000-01-01
Portrait,11,2000-01-01
Portrait,9,2000-01-01
Portrait,7,2000-01-01
Blackstreet,57,1994-01-01
Blackstreet,30,1994-01-01
R. Kelly,3,2003-09-11
R. Kelly,48,1993-11-07
Keith Sweat,51,2004-01-13
Guy,0,2002-01-01
Guy,0,2002-01-01
Guy,0,2002-01-01
Blackstreet,0,1994-01-01
Blackstreet,0,1994-01-01
Blackstreet,0,1994-01-01
Blackstreet,0,1994-01-01
Johnny Gill,24,1990
Bell Biv DeVoe,0,2015-06-15
Tony! Toni! Toné!,0,2015-06-15
Men of Vizion,8,1996-05-14
Aaron Hall,4,2014-11-14
Rhonda Clark,2,2014-11-14
Bell Biv DeVoe,8,2014-11-14
Mint Condition,4,2014-11-14
Eternal,3,2014-11-07
Bobby Brown,29,2007-01-01
Redhead Kingpin,0,1991-01-01
Soul II Soul,21,2013-01-01
Redhead Kingpin,11,2013-01-01
The Boys,0,2009-03-11
Tevin Campbell,21,1991
Soul For Real,49,2007-01-01
TLC,47,1992-02-25
Montell Jordan,7,2015-09-25
LL Cool J,2,1990-08-27
Troop,1,2014-11-07
Lisa Lisa & Cult Jam,3,2014-11-07
Soul For Real,4,2014-11-07
Miss Jones,21,1994
Sounds Of Blackness,7,1994-01-01
Sounds Of Blackness,28,2003-01-01
Zhané,3,1994-03-24
Joe,17,1993-08-17
Portrait,0,1992-01-01
Bobby Brown,0,1988-06-20
Around The Way,2,2017-05-26
Christopher Williams,0,1996
Mantronix,0,1996
Silk,20,1992
Shinehead,32,1992
SWV,37,2001
Silk,34,1992
Bobby Brown,0,1992-08-25
SWV,0,2005-03-21
Guy,5,1998-12-23
TLC,38,1992-02-25
Nuttin' Nyce,24,1993
Tbtbt,0,1996
Portrait,22,2000-01-01
All-4-One,18,1994-01-01
Babyface,22,2007-02-12
Pebbles,25,2007-01-01
Shanice,24,1992-06-30
Whitney Houston,0,1992-08-25
Nona Gaye,13,2017-03-14
Jeremy Jordan,31,1993
Caron Wheeler,7,1998-06-10
Tene' Williams,4,2014-11-21
Zhané,23,1994-11-08
DJ Jazzy Jeff & The Fresh Prince,44,2003-01-31
Raja-Nee',21,1994-11-08
Tevin Campbell,23,1994-11-08
Tony Thompson,33,1995-06-23
Tony Thompson,19,1995-06-23
Tony Thompson,15,1995-06-23
Kut Klose,26,1995-02-21
Lalah Hathaway,17,1994-01-01
Mariah Carey,63,1991-09-17
Mariah Carey,46,1991-09-17
Mariah Carey,57,1993-08-04
R. Kelly,23,1992-01-13
Aaliyah,40,1994-05-24
Shanice,59,1991-01-01
Wreckx-N-Effect,53,1992-01-01
Bobby Brown,0,1988-06-20
Ralph Tresvant,0,1990-11-27
Johnny Gill,12,2011-01-01
Foxy Brown,0,2014-05-27
Today,35,1990-03-09
Boyz II Men,54,2003-10-07
Brandy,9,2005-04-05
Blackstreet,29,1999-03-23
Kid 'N Play,30,1988
Shai,1,1992-01-01
Tyrese,59,1998-08-31
Donell Jones,0,2010-07-01
Queen Pen,10,2005-05-02
Beenie Man,46,2005
Positive K,0,1992-01-01
Lil' Flip,10,2011-01-01
Shai,7,2011-01-01
Candyman,1,2013-06-21
Montell Jordan,6,2005-05-02
Janet Jackson,4,2005-05-02
Next,53,2004-04-05
B2K,65,2004
Joe,38,2008-10-14
Joe,38,2008-10-14
Joe,58,2008-10-14
Joe,29,2008-10-14
Joe,41,2008-10-14
Mario,77,2004-09-21
Basic Black,17,1990
Basic Black,18,1990
Al B. Sure!,16,2005-04-19
Bobby Brown,0,1992-08-25
Bobby Brown,0,2006-01-01
Tuff Crew,15,2013-07-23
2 Hyped Brothers & A Dog,26,1991-03-01
Luke,0,1997-10-01
Brotherhood Creed,34,2012-03-06
K7,4,2004-11-30
Mc Brains,0,2011-05-17
Bell Biv DeVoe,0,2012-01-01
Troop,22,1989-10-20
Troop,22,1989-10-20
Was (Not Was),31,2004-01-01
MC Hammer,0,2010-01-01
DJ Jazzy Jeff & The Fresh Prince,45,2006-06-06
702,3,1999-01-01
LL Cool J,44,1995-11-21
Mýa,53,2000
Sisqo,7,1999-01-01
Dru Hill,37,1996-11-19
LL Cool J,1,1995-11-20
Diddy,52,1999-08-24
Aaliyah,53,2002
Dru Hill,0,2005-10-11
Sisqo,0,1999-01-01
Next,4,2005-05-02
Shabba Ranks,26,2010-12-10
Ja Rule,6,2001-10-29
TLC,18,2015-02-06
Keith Sweat,62,1996
Keith Sweat,63,1996
SWV,39,2001-11-06
Ginuwine,47,1999-03-16
Keith Sweat,30,2004-01-13
TLC,3,2007-08-20
702,0,1999-01-01
Uncle Sam,47,1997-04-29
Jodeci,1,1995-07-18
Guy,0,1990-11-13
Coolio,0,1994-07-19
Johnny Gill,46,1990-01-01
Digital Underground,5,1990
Teddy Riley,39,1991-12-31
Tony! Toni! Toné!,40,1997-01-01
Boyz II Men,1,2009-01-01
Redhead Kingpin,28,2008-06-16
Hi-Five,32,2014-09-26
Boyz II Men,15,2009-01-01
Boyz II Men,15,2009-01-01
Guy,48,1988-01-01
Bubba,0,2005-05-14
Bell Biv DeVoe,12,2000-01-01
Bobby Brown,0,1992-01-01
Soul For Real,59,1995
Zhané,28,1994-01-01
Bell Biv DeVoe,66,1990-01-01
Michael Jackson,69,1991-11-13
Bell Biv DeVoe,48,1990-01-01
LL Cool J,53,1990-08-27
Heavy D & The Boyz,57,1991-01-01
Bell Biv DeVoe,41,1990-01-01
Wreckx-N-Effect,0,2011-05-17
Tony! Toni! Toné!,46,1993-01-01
Soul II Soul,59,1989-01-01
Janet Jackson,52,1993-05-18
Another Bad Creation,35,1991
Guy,0,1990-11-13
Janet Jackson,38,1989-09-19
Johnny Gill,29,2002-01-01
Teddy Riley,0,2002-01-01
Janet Jackson,50,1989-09-19
Full Force,40,1989-06-28
Michael Jackson,58,1991-11-13
Bobby Brown,0,1992-01-01
Bobby Brown,11,1993-12-21
Bobby Brown,8,1993-12-21
Bobby Brown,0,1992-01-01
Bobby Brown,32,1989-10-26
Bobby Brown,0,1988-06-20
Bell Biv DeVoe,19,1990-01-01
New Edition,0,1988-06-20
Johnny Gill,13,1993-01-01
Johnny Gill,0,1990-04-17
Ralph Tresvant,8,1993-01-01
Ralph Tresvant,11,1993-01-01
Ralph Tresvant,0,1990-11-27
Ralph Tresvant,0,1990-11-27
Tevin Campbell,17,1991
Mint Condition,13,2006-01-01
CeCe Peniston,27,2001-01-01
CeCe Peniston,9,2001-01-01
Joe Public,0,2004-03-01
Portrait,23,1992-01-01
Portrait,8,1992-01-01
Portrait,13,1992-01-01
D'Angelo,8,1995-07-03
Jodeci,51,1993-12-21
112,60,1996-08-27
Shai,56,1992-01-01
Bell Biv DeVoe,28,2002-01-01
112,0,2000-01-01
112,41,1998
112,53,1998
Aaron Hall,19,2007-01-01
Aaron Hall,36,1993-01-01
After 7,35,1997-01-01
After 7,39,1997-01-01
Az Yet,47,1996-10-17
Babyface,0,2006-01-01
Babyface,61,1996-10-29
Babyface,46,1996-10-29
Babyface,28,2003-06-10
Babyface,40,1993-08-24
Babyface,0,2008-08-19
Bad Boys The Original Motion Picture Soundtrack,0,2012-10-12
Beenie Man,53,2000-01-01
Bell Biv DeVoe,29,2002-01-01
Bell Biv DeVoe,1,2005-01-01
Bell Biv DeVoe,0,2005-01-01
Blackstreet,16,1994-06-21
Blackstreet,46,2003-01-01
Blackstreet,36,2003-01-01
Blaque,41,1999-05-28
Blaque,18,1995
Bobby Brown,0,1992-01-01
Bobby Brown,22,1997-01-01
Boyz II Men,46,2003-10-07
Boyz II Men,31,2003-10-07
Boyz II Men,19,2001-10-30
Boyz II Men,0,2007-01-01
Brandy,47,1994
Brandy,45,1994
Brandy,38,1994
Brian McKnight,19,2002-11-05
Brian McKnight,14,2002-11-05
Brian McKnight,0,2000-01-01
Carl Thomas,47,2000-04-18
Carl Thomas,52,2000-04-18
Carl Thomas,52,2000-04-18
Case,50,2014-05-27
Case,52,2001-01-01
Case,55,1999-01-01
Case,58,1999-01-01
Chanté Moore,30,2004-01-01
Chico DeBarge,0,1997-11-18
Chico DeBarge,0,1997-11-18
Chico DeBarge,34,1997-11-18
Chico DeBarge,0,1997-11-18
Color Me Badd,58,1991-03-05
D'Angelo,4,1995-07-03
D'Angelo,0,1995-07-03
D'Angelo,2,1995-07-03
Dionne Farris,32,1997-03-11
Donell Jones,48,2007-09-25
Donell Jones,34,2007-09-25
Donell Jones,26,2007-09-25
Donell Jones,56,1996-06-04
Dru Hill,19,2006-03-13
Dru Hill,43,1996-01-01
Dru Hill,55,1998-01-01
Dru Hill,51,1998-01-01
Dru Hill,22,2005-01-01
En Vogue,31,2001-08-21
En Vogue,37,2001-08-21
En Vogue,43,2001-08-21
En Vogue,47,2001-08-21
En Vogue,32,2001-08-21
En Vogue,18,2001-08-21
Erykah Badu,67,1997-01-01
Erykah Badu,57,1997-01-01
Erykah Badu,59,1997-01-01
Force M.D.'s,0,2006-08-22
Foxy Brown,26,2003-01-01
Fugees,55,2003-03-25
Ginuwine,38,1999-03-16
Ginuwine,58,1999-03-16
Ginuwine,44,1999-03-16
Ginuwine,27,1999-03-16
Ginuwine,61,1996-10-08
Ginuwine,40,1996-10-08
Ginuwine,37,1996-10-08
Ginuwine,40,1996-10-08
H-Town,0,1996-02-09
Johnny Kemp,48,1979
The Whispers,53,1987
Jane Child,49,1989
Bobby Brown,46,1989-06-16
Boyz II Men,57,1991-04-30
The Jets,43,1998-01-01
New Kids On The Block,61,1990-05-31
Michael Cooper,4,1989
Pebbles,31,1990-01-01
The Whispers,9,1990-01-01
The Jacksons,14,1989-05-28
Michael Jackson,56,1991-11-13
New Kids On The Block,54,1988-09-02
Troop,26,1988-05-24
Guy,24,1988-01-01
Jeff Lorber,11,1986
Babyface,12,1986-10-07
The Whispers,22,1990-01-01
Michael Cooper,7,1989
The Boys,26,2002-01-01
Levert,13,1990-10-16
Mariah Carey,30,2001-12-04
Hi-Five,42,1992-08-10
New Edition,57,1988-01-01
Maxi Priest,48,2008-01-01
Bobby Brown,49,1988-01-01
Michael Jackson,66,1991-11-13
R. Kelly,18,1992-01-13
After 7,34,1989-01-01
Levert,18,1993
Shanice,0,1999-03-14
Mariah Carey,35,1991-09-17
The Boys,0,2009-05-29
Joe Public,7,1992
Club Nouveau,9,2011-01-01
Pebbles,42,2000-01-01
Digital Underground,0,2003-06-10
Aaron Hall,24,1992-06-30
Wreckx-N-Effect,19,1992-01-01
Prince,32,1989-06-20
Alexander O'Neal,1,2012-12-17
Jeff Lorber,33,1986
Vanilla Ice,15,1990-01-01
Brandy,66,1998-05-29
Brandy,60,1998-05-29
Brandy,56,2005-03-28
Brandy,51,1995-11-14
Brandy,50,1998-05-29
Brandy,57,2002-02-25
Tevin Campbell,38,2005-12-20
Tevin Campbell,21,2005-12-20
Tevin Campbell,46,1991
Tevin Campbell,43,1991
Tevin Campbell,36,1991
Tevin Campbell,26,1991
2Pac,66,1996-02-13
2Pac,62,1996-02-13
2Pac,58,1996-02-13
2Pac,0,1995-01-01
2Pac,6,1995-01-01
2Pac,1,1993-02-16
2Pac,8,1993-02-16
2Pac,42,2003-10-07
2Pac,26,2003-10-07
2Pac,2,1998-01-01
Ja Rule,3,2004-01-01
Ja Rule,1,2004-01-01
Ja Rule,1,2004-01-01
Ja Rule,44,2002-01-01
Ja Rule,61,2002-01-01
Ja Rule,51,2002-01-01
Ja Rule,2,2001-10-29
Ja Rule,1,2001-10-29
Ja Rule,1,2001-10-29
Ja Rule,0,2001-10-29
Ja Rule,1,2000-01-01
Lloyd,3,2007-01-01
Lloyd,1,2004-01-01
Lloyd,1,2007-01-01
Aaliyah,38,1994-05-24
Aaliyah,37,1994-05-24
Aaliyah,27,1994-05-24
Aaliyah,26,1994-05-24
Aaliyah,0,2007-01-01
Aaliyah,6,2007-01-01
Aaliyah,41,2014-02-26
Aaliyah,0,2003-02-12
Aaliyah,3,2007-01-01
Case,0,2014-05-27
Case,0,2014-05-27
Case,0,2014-05-27
Case,0,2014-05-27
Ginuwine,35,1996
Color Me Badd,19,1991-07-23
Color Me Badd,19,1991-07-23
Color Me Badd,21,1991-07-23
UGK,60,2014-03-14
UGK,51,1996-07-30
Ne-Yo,16,2006-01-01
Ne-Yo,1,2006-01-01
Ne-Yo,4,2006-01-01
Ne-Yo,2,2007-01-01
Ne-Yo,7,2007-01-01
Heavy D & The Boyz,3,1991-07-02
Heavy D & The Boyz,0,1991-07-02
Heavy D & The Boyz,0,1994-05-25
Heavy D & The Boyz,0,2000-09-12
Heavy D & The Boyz,0,1989-06-12
Heavy D & The Boyz,0,1994-05-25
Heavy D & The Boyz,0,1989-06-12
Heavy D & The Boyz,0,1994-05-25
Snoop Dogg,72,1993
Snoop Dogg,70,1993
Snoop Dogg,51,2000
Snoop Dogg,3,2002-01-01
Snoop Dogg,1,2004-01-01
Snoop Dogg,1,2006-01-01
Snoop Dogg,3,2006-01-01
Brandy,40,2005-03-28
Riff,7,1991
Riff,17,1991
Riff,21,2014-11-21
Smokey Robinson,9,1997-01-01
Wu-Tang Clan,72,1993-11-09
Wu-Tang Clan,60,2004-10-26
Wu-Tang Clan,66,1993-11-09
Wu-Tang Clan,66,1993-11-09
Wu-Tang Clan,63,1997-06-03
Wu-Tang Clan,60,1993-11-09
Montell Jordan,38,2005-01-01
Babyface,13,1996-10-29
Usher,0,2005-09-03
Ms. Lauryn Hill,16,1998-08-25
The Notorious B.I.G.,49,2004-03-09
Jodeci,0,2006-01-01
Bell Biv DeVoe,0,2005-01-01
Brian McKnight,16,2011-01-04
Ol' Dirty Bastard,0,2011-05-10
D'Angelo,2,2008-01-01
Keith Sweat,45,2004-01-13
Diddy,71,2004-03-09
Eric Benét,0,2010-08-02
Brian McKnight,45,2001-01-01
SWV,19,2001-11-06
Mary J. Blige,46,1995-11-14
TQ,53,1998-11-03
Jodeci,0,2005-06-07
Jon B.,60,1997-04-21
Jon B.,44,1995
Babyface,41,2003-06-10
Janet Jackson,56,1997-10-07
Keith Sweat,28,2004-01-13
SWV,35,2001-11-06
Montell Jordan,6,1995-04-04
Jon B.,35,1995-05-19
Keith Sweat,32,2004-01-13
Juice The Motion Picture Soundtrack,0,2012-04-05
LSG,40,1997-10-31
D'Angelo,9,2008-01-01
Dru Hill,50,1996-11-19
Salt-N-Pepa,0,2008-02-05
Changing Faces,29,2000-01-01
Montell Jordan,0,1995-04-04
Bobby Brown,19,1992-08-25
Naughty By Nature,5,2011-12-13
Blackstreet,7,2003-06-10
Mary J. Blige,0,1992-01-01
H-Town,43,2001
R. Kelly,0,1993
Blackstreet,0,2003-06-10
TLC,56,1994-11-15
Bobby Brown,56,1992-08-25
Jagged Edge,0,1997-10-21
Joe,17,1997-09-23
112,57,2005-10-04
R. Kelly,0,1993
Donell Jones,52,1999-05-29
Blackstreet,0,1996-09-09
Destiny's Child,67,1999-09-07
112,35,2001
Jagged Edge,18,2000-01-18
Dru Hill,2,1998-10-27
R. Kelly,0,1990-01-01
Blackstreet,0,1994-06-21
Aaliyah,0,2001
Next,36,1997-09-30
Foxy Brown,0,1996-01-01
Dru Hill,0,1998-10-27
LSG,36,1997-10-31
Guy,0,1990-01-01
The Notorious B.I.G.,41,2004-03-09
K-Ci & JoJo,1,1999-06-22
Foxy Brown,0,1996-01-01
Changing Faces,27,2005-04-19
Tyrese,48,1998-08-31
New Edition,0,1996-01-01
Boyz II Men,1,2008-10-20
Mýa,0,1998-01-01
LL Cool J,32,1996-01-01
Bobby Brown,21,2007-01-01
MC Hammer,38,1994-03-01
Bobby Brown,39,2014-07-25
Janet Jackson,49,1989-09-19
Soul II Soul,41,1995-05-18
Rob Base & DJ EZ Rock,56,1990-01-01
Pebbles,40,1987-01-01
Kool Moe Dee,0,1987
Timex Social Club,0,2014-10-31
Tara Kemp,33,1991
Mc Brains,15,2002-01-01
Ralph Tresvant,15,1990-01-01
Ralph Tresvant,0,2005-01-01
Guy,0,1990-01-01
Jody Watley,41,2000-01-01
Soul II Soul,34,2003-01-01
Positive K,0,2011-05-17
Jody Watley,16,2000-01-01
Bobby Brown,0,2005-01-01
Janet Jackson,48,1986-02-04
Tevin Campbell,27,2001
Full Force,0,2001-06-26
Janet Jackson,0,2009-01-01
Heavy D & The Boyz,23,1991
Guy,0,2002-01-01
Vanessa Williams,16,1988-01-01
Pebbles,24,2007-01-01
Pebbles,25,2000-01-01
Portrait,34,1992-01-01
Toni Braxton,30,1993-07-13
Father MC,37,1992-01-01
Whitney Houston,45,1990-11-04
Kid 'N Play,26,1990-03-09
Kid 'N Play,43,1988
Kool Moe Dee,19,1993-08-18
Michael Jackson,42,1987-08-31
Samuelle,23,1990-01-01
Johnny Gill,10,1997-04-16
Ralph Tresvant,47,2015-06-16
Aaron Hall,15,2007-01-01
Bell Biv DeVoe,36,2019-07-19
Today,12,1998-06-17
Wreckx-N-Effect,22,1992-01-01
Michael Jackson,51,1995-06-16
Janet Jackson,51,1986-02-04
SWV,17,2003-06-17
Heavy D & The Boyz,43,2000-01-01
R. Kelly,44,1992-01-13
Keith Sweat,26,2004-01-13
Janet Jackson,44,1986-02-04
Heavy D & The Boyz,18,2000-01-01
Gerald Levert & Eddie Levert,37,2010-08-29
Club Nouveau,30,2010-11-01
Whitney Houston,54,1990-11-04
Jodeci,36,2005-01-01
Zhané,1,1994-02-08
Club Nouveau,19,2011-01-01
Father MC,23,2011-01-01
Johnny Kemp,35,2015-06-19
Keith Sweat,36,1996
Keith Sweat,25,1996
Aaron Hall,31,1991-12-31
Changing Faces,43,1994-08-16
Dru Hill,56,2005-10-11
El DeBarge,0,2011-01-01
Johnny Gill,54,1990-01-01
Maxwell,55,1996-04-02
P.M. Dawn,0,1993-09-15
P.M. Dawn,0,1993-09-15
Troop,34,1991-03-05
Toni Braxton,43,2007-02-12
Tony! Toni! Toné!,0,1997-01-01
Intro,36,1993-03-16
Another Bad Creation,29,1991
Blackstreet,30,1994-01-01
Jodeci,0,2005-06-07
Mark Morrison,27,2015-09-04
Horace Brown,34,1996-01-01
Jeremy Irvine,58,2018-07-13
Guy,55,1990-11-13
Jodeci,60,2005-10-04
New Edition,61,1988-01-01
Tevin Campbell,66,2001
After 7,53,1989-01-01
H-Town,59,1993-01-28
Ready For The World,51,1985-01-01
Blackstreet,76,1996-09-09
Zhané,54,1994-01-01
Karyn White,54,1988-01-01
Next,64,1997-09-30
Force M.D.'s,52,1985-01-01
Kut Klose,46,1995-02-21
Michel'le,50,1989
Xscape,55,1995-07-01
LSG,52,1997-10-31
Dru Hill,57,1998-01-01
Keith Washington,45,1991-04-16
Freddie Jackson,53,1985-01-01
DeBarge,64,1985
Intro,45,1993-03-16
K-Ci & JoJo,70,1997-01-01
Ruff Endz,48,2002
Donell Jones,60,1999-05-29
Kenny Lattimore,51,1996
702,58,1999-01-01
Gerald Levert,43,2001-09-18
Atlantic Starr,59,1987-03-24
Boyz II Men,71,1991-04-30
The Tony Rich Project,53,1996-01-16
Chanté Moore,41,2000-01-01
Dave Hollister,47,2006-01-01
En Vogue,60,1997-06-17
The Deele,49,1987-01-01
Charlie Wilson,50,2016-12-16
Az Yet,49,1996-10-17
Jagged Edge,67,2001-07-03
Tracie Spencer,47,1990-01-01
Tyrese,60,2002-12-01
Miki Howard,40,1986
Surface,50,1988
Jesse Powell,49,1996-01-01
Monifah,46,1998-01-01
Kelly Price,44,1998-01-01
Alexander O'Neal,53,1987-07-29
The S.O.S Band,58,1980
Howard Hewett,39,1986-10-21
Total,61,1996-01-30
Shirley Murdock,45,1986-02-18
Tony Terry,49,1990-11-20
Somethin' For The People,44,1997-09-12
Jaheim,57,2002-11-05
Eric Benét,57,1999-02-25
Da Brat,54,1994-06-28
Another Bad Creation,40,1993-01-15
El DeBarge,42,1986-01-01
All-4-One,66,1994-01-01
Public Announcement,39,2001-01-09
Teena Marie,46,1999-10-08
Stephanie Mills,62,1995-01-01
Ginuwine,72,1999-10-08
Horace Brown,40,1996-01-01
Joe,64,2000-04-18
Montel Jordan,0,2010-07-22
Brian McKnight,71,1999-09-21
Jeffrey Osborne,57,1982-01-01
Stokley of Mint Condition,0,1998
Club Nouveau,45,1998-01-01
Doug E. Fresh,0,2011-04-28
Bobby Brown,0,1988-06-20
Karyn White,38,1988-01-01
Whitney Houston,14,2012-11-12
Keith Sweat,8,2017-08-11
New Edition,37,1988-01-01
Al B. Sure!,29,1988-04-26
Bobby Brown,36,2005-01-01
Guy,49,1988-01-01
Various Artists,28,2007-03-28
Heavy D & The Boyz,10,2002-01-01
Kwame And A New Beginning,32,1990-05-01
Father MC,10,1992-01-01
Bobby Brown,0,1988-06-20
New Edition,0,2005-01-01
Keith Sweat,53,1987
Guy,52,1988-01-01
Keith Sweat,49,1987
Guy,45,1988-01-01
SWV,36,1992-10-27
Whitney Houston,43,1987-06-02
TLC,25,1992-02-25
En Vogue,53,1992-03-24
Sade,33,1985-10-10
Janet Jackson,49,1986-02-04
TLC,25,1992-02-25
Whitney Houston,50,1985-02-14
Sade,61,1984
TLC,24,1992-02-25
Janet Jackson,43,1989-09-19
SWV,24,1992-10-27
Janet Jackson,40,1993-05-18
Jody Watley,30,1987-01-01
Karyn White,13,1991
Boyz II Men,48,2009-01-01
Janet Jackson,58,1993-05-18
Color Me Badd,19,1991-07-23
Sade,39,1985-10-10
Prince,48,1987-03-30
Sade,56,1988-10-28
Whitney Houston,80,1987-06-02
Janet Jackson,44,1986-02-04
SWV,32,1992-10-27
Jody Watley,37,1987-01-01
Prince,49,1984-06-25
Whitney Houston,63,1985-02-14
Prince,61,1984-06-25
Prince,60,1984-06-25
SWV,35,1992-10-27
Janet Jackson,52,1989-09-19
Prince,68,1982-10-27
All-4-One,17,1994-01-01
Marky Mark And The Funky Bunch,57,1991
Paula Abdul,41,1988-01-01
Janet Jackson,43,1989-09-19
SWV,27,1992-10-27
Color Me Badd,9,2016-08-19
Prince,49,1982-10-27
Janet Jackson,26,1986-02-04
Whitney Houston,63,1987-06-02
Prince,70,1984-06-25
Hi-Five,43,1990
Club Nouveau,2,2003-09-30
Babyface,40,1989-07-07
Salt-N-Pepa,3,2008-01-01
Janet Jackson,30,1989-09-19
Janet Jackson,47,1986-02-04
Prince,54,1987-03-30
SWV,53,1992-10-27
Milli Vanilli,58,2013-07-26
Monica,38,1995-06-12
Milli Vanilli,41,2007-03-01
Karyn White,17,1991
Color Me Badd,15,1991-07-23
All-4-One,45,1994-01-01
Prince,49,1987-03-30
Guy,35,1990-11-13
The Boys,35,1988-05-26
Johnny Gill,32,1990-01-01
Troop,6,1992-06-02
H-Town,18,1993-01-28
H-Town,14,1993-01-28
Father MC,9,1992-01-01
Father MC,6,1992-01-01
Jodeci,22,1991-05-28
Jodeci,28,1991-05-28
Jodeci,29,1991-05-28
Jodeci,22,1991-05-28
Jodeci,25,1991-05-28
Ready For The World,11,1988-01-01
Ready For The World,6,1988-01-01
Ready For The World,14,1986-09-30
Guy,39,1988-01-01
Babyface,39,1992-06-30
Z'looke,1,2019-05-06
Chuckii Booker,11,1992
Chuckii Booker,7,1989
Paul Laurence,4,1989
SWV,27,1992-10-27
Troop,8,1988-05-24
Bebe & Cece Winans,44,2007-01-01
Stephanie Mills,8,1989-01-01
Stephanie Mills,8,1989-01-01
Big Daddy Kane,33,1989
Riff,1,1991
Riff,10,1993-01-01
Big Bub,7,1992-10-13
Big Bub,8,1992-10-13
Big Bub,11,1992-10-13
Digital Underground,62,1990-03-26
AZ'1,5,2015-09-18
Whitney Houston,37,1992-08-24
Brand Nubian,17,1990-11-30
Brand Nubian,18,1990-11-30
Brotherhood Creed,4,2012-03-06
Brotherhood Creed,20,2012-03-06
Brotherhood Creed,5,2013-05-27
Def Jef,10,2012-01-01
Def Jef,10,2012-01-01
Def Jef,0,2012-01-01
Black Box,52,1990-04-09
Whistle,5,1990
Whistle,2,1990
Whistle,1,1990
Whistle,3,1990
Black girl,16,1994
The Deele,4,1993-01-01
The Deele,4,1993-01-01
The Deele,3,1993-01-01
The Deele,3,1993-01-01
Damian Dame,8,1991
Damian Dame,18,1991
Damian Dame,2,1991
Damian Dame,3,1991
Jon B.,28,2015-07-17
Kenny Lattimore,8,2015-07-17
Joy Enriquez,15,2015-07-17
Ruff Endz,14,2000-08-22
Montell Jordan,6,1999-11-09
Aaliyah,25,1994-08-22
Tina Moore,17,2015-07-17
Aretha Franklin,10,2015-07-17
Next,24,2010-12-17
Aaliyah,30,1994-05-24
Kelis,41,1999-01-01
Danny Boy,16,2001-05-01
Sweet Sable,37,2001
D.J. Rogers,26,2001
Kelly Price,0,2000-01-01
Raphael Saadiq,0,2002-01-01
Shola Ama,1,2013-02-18
Shola Ama,0,2012-11-16
Ginuwine,15,2016-03-11
Eric Benét,56,1999-02-25
Eric Benét,35,1996-09-24
Eric Benét,30,1996-09-24
Anthony Hamilton,57,2003-07-15
Alfonzo Hunter,37,1996-01-01
Donell Jones,36,1996-06-04
KXNG Crooked,2,2003-04-22
Horace Brown,29,1996-01-01
Mark Morrison,49,1997
Drizabone,42,1994-01-01
Nelly,14,2002-06-25
Kelis,26,2003-01-01
Faith Evans,18,1995-09-21
Mariah Carey,43,2000-04-18
Joe,52,2000-04-18
Davina,24,2015-07-17
Janet Jackson,46,1997-10-07
Blackstreet,39,2009-01-01
Musiq Soulchild,47,2000-11-14
Jodeci,50,1995-01-01
Kelis,34,2003-01-01
Zhané,27,2014-03-21
Lucy Pearl,3,2000
Lucy Pearl,1,2000
Santana,66,1999-06-15
Lucy Pearl,34,2000
Levert,15,2007-06-26
Janet Jackson,63,1997-10-07
Leela James,22,2012-07-31
Club Nouveau,1,2003-09-30
Tatyana Ali,26,2009-05-14
Next,0,2009-05-14
Toni Braxton,58,1996-04-24
Erykah Badu,4,1997-02-11
R. Kelly,70,2003
R. Kelly,43,1992-01-13
R. Kelly,61,1993-11-07
R. Kelly,34,2014-05-19
Usher,77,2004-03-23
Jennifer Lopez,2,1999
Jennifer Lopez,1,1999
Jennifer Lopez,0,1999
Jennifer Lopez,1,2002-11-20
Usher,0,2004-03-20
Jaheim,37,2002-11-05
Jaheim,15,2008-11-25
Jagged Edge,29,2003-10-07
D'Angelo,0,1995-07-03
Erykah Badu,8,1997-02-11
Erykah Badu,1,1997-02-11
Erykah Badu,2,2000-10-31
Blacknuss,26,1996
Jodeci,0,2011-01-01
Ideal,43,1999-01-01
Yvette Michele,29,1997-10-28
LL Cool J,54,1995-11-20
112,44,1998
Dru Hill,34,1996-11-19
Usher,43,2001-08-07
Usher,70,2001-08-07
Usher,1,2001
Diddy,67,2004-03-09
Whitney Houston,67,1998-11-17
Whitney Houston,69,1985-02-14
Raheem DeVaughn,35,2008-08-12
Karyn White,0,2002-04-02
Pebbles,0,2006-01-01
Shanice,4,2006-01-01
Tony! Toni! Toné!,0,1993-01-01
Zhané,29,2014-09-26
Mark Morrison,72,1996-04-22
Lighter Shade Of Brown,0,1994-01-01
Tony! Toni! Toné!,0,2007-01-01
Kris Kross,66,1992-03-17
Karyn White,29,1991
SWV,29,2014-09-26
Groove Theory,27,2014-09-26
Toni Braxton,45,1993-07-13
Bobby Brown,0,1988-06-20
Michael Jackson,51,1987-08-31
Janet Jackson,0,1995-01-01
MC Hammer,71,1990-02-20
Ralph Tresvant,0,1990-11-27
Tony! Toni! Toné!,0,1993-01-01
The Time,30,1990
Janet Jackson,0,1995-01-01
SWV,27,2014-09-26
Keith Sweat,50,2004-01-13
Xscape,24,2014-09-26
Mariah Carey,71,1995-09-26
Shai,30,2001-01-01
Jody Watley,25,2000-01-01
Toni Braxton,49,1993-07-13
Toni Braxton,43,1993-07-13
Toni Braxton,55,1993-07-13
Ralph Tresvant,0,1990-11-27
Hi-Five,38,1993-10-14
Toni Braxton,45,1996-04-24
Brian McKnight,1,1992-06-23
Boyz II Men,63,1994-01-01
Tony! Toni! Toné!,24,2007-01-01
Ralph Tresvant,0,2005-01-01
CDB,36,2010-11-08
CDB,9,2010-11-08
Toni Braxton,43,1996
Mariah Carey,73,1995-09-26
LION BABE,51,2019-03-29
Aaron Taylor,46,2018-08-24
Mathilda Homer,40,2019-02-27
Louis Baker,53,2019-05-31
Erykah Badu,41,2003-09-16
Gallant,3,2015-09-16
Blanche J,40,2017-11-23
Shay Lia,41,2019-05-24
Jerome Thomas,42,2019-02-19
Celeste,52,2019-03-22
Otis Junior,39,2019-06-04
Pip Millett,52,2018-07-06
D'Angelo,54,2014-12-15
RC & The Gritz,38,2019-03-08
Ari Lennox,58,2019-05-07
Mac Ayres,52,2019-05-31
LION BABE,47,2018-12-14
Young Franco,39,2019-05-17
Jordan Rakei,8,2019-05-21
Adriana Evans,38,2017-11-29
Aaron Taylor,53,2018-08-24
Deva Mahal,39,2019-05-16
Rahsaan Patterson,3,1997-01-01
Hablot Brown,44,2019-04-25
Brady Watt,40,2015-02-12
BJ The Chicago Kid,12,2016-02-19
Shafiq Husayn,31,2019-03-28
Bilal,3,2001-01-01
Myron,38,2003-09-01
Ari Lennox,56,2019-05-07
Keeyen Martin,38,2018-05-04
Ezra Collective,52,2019-04-03
Tony Tspoon,37,2017-12-01
Anthony Hamilton,42,2005-12-13
Sweetback,40,1996-10-15
Alison Crockett,36,2010-02-03
Summer Walker,59,2019-01-25
D'Angelo,53,2000-01-01
Snoh Aalegra,4,2019-02-18
Barney Artist,53,2018-10-03
Joanna Teters,36,2018-06-15
Joomanji,45,2013-02-01
McClenney,5,2019-02-19
Cleo Sol,46,2019-02-08
Glenn Lewis,45,2002-03-19
Nathan Britton,37,2019-02-06
NxWorries,46,2016-10-21
Jill Scott,33,2011-11-28
Sasha Keable,41,2019-04-26
Jeff Bernat,60,2019-02-14
Robert Glasper Experiment,47,2012-01-01
Erykah Badu,47,2000-10-31
Amerie,39,2002-07-30
Eric Benét,40,1999-02-25
Jamiroquai,0,1996-09-09
Kenny Lattimore,26,1998-10-20
Hil St. Soul,0,2009-10-05
Conya Doss,37,2012-01-26
Eric Roberson,35,2011-11-08
Irv Gotti,33,2002-01-01
Jill Scott,54,2000-07-18
Jill Scott,34,2000-07-18
Dwele,33,2003-01-01
Dwele,32,2003-01-01
Dwele,30,2008-06-24
Teedra Moses,1,2004-08-10
Teedra Moses,1,2004-08-10
Maxwell,40,2009-07-07
Maxwell,2,1998-06-30
Kenny Lattimore,23,1998-10-20
Eric Roberson,28,2011-11-08
Eric Roberson,26,2011-11-08
Musiq Soulchild,37,2000-11-14
Kenny Lattimore,27,1996-05-14
Raheem DeVaughn,31,2008-08-12
Raheem DeVaughn,23,2008-08-12
Raheem DeVaughn,31,2008-08-12
Raheem DeVaughn,39,2005
Mary J. Blige,45,1997-01-01
Mary J. Blige,47,1992-01-01
Alicia Keys,55,2012-11-26
Tony! Toni! Toné!,36,1996-01-01
Amel Larrieux,41,2000-02-02
Amel Larrieux,0,2004
Floetry,58,2002-01-01
Hil St. Soul,26,2012-05-22
Marcus Miller,0,1997-03-11
Kenny Lattimore,26,1997-03-11
Christina Aguilera,43,2002-07-19
Eric Benét,39,1996-09-24
Kem,32,2004-01-01
Meshell Ndegeocello,23,2007-04-24
Chaka Khan,55,1996-11-08
Ledisi,47,2007-01-01
Boney James,0,2013-01-01
Liv Warfield,0,2006-09-15
Angie Stone,23,2012-09-25
Angie Stone,35,1999-09-27
Angie Stone,45,2001-10-16
Anthony Hamilton,1,2011-12-13
Xscape,51,1998-05-01
LSG,51,1997-10-31
Estelle,0,2008-03-28
Maxwell,36,1996-04-02
Rahsaan Patterson,43,1997-01-01
Rahsaan Patterson,28,1997-01-01
Rahsaan Patterson,0,1999-01-01
Rahsaan Patterson,32,2004-10-26
Jill Scott,26,2011-08-30
Raphael Saadiq,30,2002-01-01
Raphael Saadiq,33,2002-01-01
Donell Jones,27,2007-09-25
Daley,36,2012-01-01
Mint Condition,53,1993-01-01
Mint Condition,33,2006-01-01
Mint Condition,36,2011-04-05
DJ Jazzy Jeff,0,2007-05-07
DJ Jazzy Jeff,0,2003-02-10
DJ Jazzy Jeff,0,2008
Stacy Barthe,23,2013-01-01
Mayer Hawthorne,0,2013-05-21
Maxwell,48,2001-08-14
Musiq Soulchild,36,2011-02-07
"George Tandy, Jr.",0,2013-09-01
Maxwell,36,2001-08-14
Carl Thomas,0,2007-05-30
Leon Timbo,27,2012-10-30
Eric Benét,34,2012-01-01
Debórah Bond,22,2011-07-17
Christión,41,1997-01-01
Debórah Bond,22,2011-07-17
Meshell Ndegeocello,36,1993-10-15
Jaheim,36,2002-11-05
Angel Grant,19,1998-01-01
Marwan Soulflow,28,2014-01-28
Ms. Lauryn Hill,3,1998-08-25
Dwele,37,2008-06-24
Dwele,38,2005-01-01
Justin Timberlake,0,2013-03-15
Meelah,0,2014-05-07
Beyoncé,66,2003-06-24
Ledisi,31,2007-01-01
Ledisi,31,2014-01-01
Ledisi,25,2014-01-01
Joe,34,2001-12-11
Janet Jackson,26,2008-01-01
Conya Doss,21,2014-01-01
The Roots,21,2014-05-19
Robin Thicke,36,2010-01-01
PARTYNEXTDOOR,84,2019-11-22
Summer Walker,76,2019-11-22
Jhené Aiko,76,2019-11-15
Mahalia,63,2019-04-26
PARTYNEXTDOOR,70,2019-11-21
Summer Walker,67,2018-10-19
dvsn,66,2019-10-30
Tory Lanez,56,2019-11-08
Ms. Lauryn Hill,3,2019-11-15
Teyana Taylor,69,2019-11-01
Bilal,37,2019-11-15
Russ,82,2019-10-18
Krept & Konan,58,2017-10-20
Wale,69,2019-10-11
JoJo2amazing,5,2019-12-02
Lizzo,89,2019-10-25
Mahalia,59,2019-09-04
Jacquees,50,2019-09-20
Majid Jordan,74,2019-07-24
Chris Brown,68,2019-10-04
Teyana Taylor,71,2019-08-02
Summer Walker,80,2019-10-04
H.E.R.,81,2019-09-27
Jorja Smith,80,2019-08-16
Swae Lee,75,2019-08-16
Khalid,77,2019-08-13
Summerella,47,2019-06-28
Adesha,15,2018-10-24
Bryson Tiller,74,2019-07-26
Dreamville,72,2019-07-05
KYLE,67,2019-08-23
Summer Walker,80,2019-10-04
Chris Brown,79,2019-06-08
Wale,44,2019-07-12
Normani,83,2019-08-16
JoJo2amazing,5,2019-10-29
11:11,36,2019-09-13
YK Osiris,69,2019-10-04
Minx,6,2018-07-16
Jacquees,69,2019-05-24
Ty Dolla $ign,72,2019-05-20
Dreamville,13,2019-06-12
Kiana Ledé,55,2019-08-16
PARTYNEXTDOOR,64,2017-06-02
Rick Ross,62,2019-08-15
Swae Lee,68,2019-08-15
Luh Kel,76,2019-04-05
DaniLeigh,78,2019-05-31
Jhené Aiko,55,2017-06-19
Summer Walker,69,2019-10-04
Jessie Reyez,74,2019-04-09
Maleekisking,5,2019-09-21
E-40,51,2019-07-26
Khalid,46,2018-06-15
H.E.R.,64,2017-10-20
dvsn,56,2019-07-09
Jacquees,48,2019-03-22
Mahalia,67,2019-07-03
Kehlani,63,2019-02-22
Pink Sweat$,14,2018-07-12
Ari Lennox,60,2019-05-07
SAAKB,27,2019-04-02
Wale,48,2019-10-11
SiR,70,2019-08-08
Tierra Whack,67,2019-02-19
Jhené Aiko,57,2013-01-01
Jacquees,55,2019-11-08
Theblackboyjohn,13,2018-10-12
GoldLink,48,2019-06-12
Kevin Ross,57,2019-09-27
Ty Dolla $ign,65,2017-10-27
YK Osiris,75,2019-02-08
Summer Walker,10,2019-02-10
Fantasia,29,2019-09-20
Ann Marie,64,2019-01-09
Richie Benson,9,2017-11-25
NOLAN,39,2019-06-04
DJ Bode,6,2019-06-23
Whitney Houston,73,1992-11-17
Yady,27,2019-03-27
Aquariuz,13,2019-02-07
Alex Jacke,0,2014-03-03
Club 97,0,2017-10-24
nej!las,0,2017-10-03
Rex Stax,26,2018-08-07
Deante' Hitchcock,47,2019-03-15
Ed Sheeran,84,2019-07-12
Ajebutter22,54,2018-05-18
Chris Brown,63,2019-06-20
DDG,57,2019-03-22
Busta Rhymes,56,2002-11-26
Theblackboyjohn,5,2019-08-16
Rotimi,62,2019-04-18
Robin Thicke,6,2006-01-01
Frank Ocean,55,2012-01-01
JavyDade,0,2019-01-18
SiR,63,2019-08-30
A$AP Ferg,15,2019-08-16
SiR,55,2019-08-30
FKA twigs,57,2019-09-09
Tom Misch,66,2018-04-06
Matt Quentin,58,2018-01-05
Bruno Major,57,2017-08-31
Hablot Brown,47,2017-07-17
Tohaj,47,2018-07-28
Jairus Mozee,20,2012-09-06
Tom Misch,57,2015-08-28
Quincy Mumford,53,2018-09-21
Leon Bridges,65,2018-05-04
Masego,16,2017-10-06
Bibio,39,2019-03-26
Palomo Wendel,43,2019-02-22
Sunni Colon,53,2018-08-29
Jitwam,25,2019-03-06
ESCHES,35,2019-02-01
Tertia May,3,2018-04-20
Ruck P,42,2018-07-18
Bruno Major,74,2017-08-31
Adam Neely,38,2019-04-15
Mac Ayres,48,2018-07-25
Jeff Bernat,60,2018-04-08
PREP,56,2018-11-09
Kyle Dion,45,2017-07-15
Tom Misch,67,2018-04-06
Ady Suleiman,47,2019-04-05
Q-Tip,59,1999-11-23
Bruno Major,62,2019-02-19
Tom Misch,61,2016-06-08
Ady Suleiman,40,2018-03-09
Mac Ayres,58,2018-09-05
Silo,36,2017-07-28
Heavy Mellow,40,2018-10-05
Masego,75,2018-09-07
Tom Misch,53,2016-06-28
Myles Jasnowski,20,2018-06-15
Rod Wave,50,2019-10-23
Zoology,29,2017-11-24
Tom Misch,30,2015-08-21
Melanie Faye,53,2019-02-01
Rodrigo Gouveia,17,2018-05-01
Tom Misch,54,2018-04-03
Beau Diako,39,2019-10-04
Beau Diako,40,2019-08-30
Zoology,30,2017-01-13
Christian Kuria,45,2018-12-28
Christian Kuria,33,2018-09-16
Aso,31,2018-03-13
Kevin Lavitt,24,2019-07-12
Isaiah Sharkey,28,2019-06-21
keshi,65,2019-07-16
Paulo Londra,67,2019-05-23
Mark Lettieri,23,2013-09-10
Chris Mazuera,16,2018-06-01
Anderson .Paak,58,2016-01-15
Fatai,29,2019-03-14
Isaiah Sharkey,17,2017-09-18
Masego,58,2018-09-07
Matt Quentin,49,2019-01-30
DORJ,49,2019-09-20
Tane,24,2018-04-10
Farnell Newton,12,2019-03-15
Melanie Faye,59,2019-12-20
POSTA,13,2019-04-01
Kymara,13,2020-01-17
Bastian Steven,8,2020-01-15
Jordan Rakei,12,2019-04-23
Macarena,18,2018-11-16
Common,60,1997-09-30
Phoebe Day,11,2020-01-10
Jordan Rakei,3,2018-05-10
PWR CPL,35,2019-01-29
D'Angelo,4,1995-07-03
falcxne,29,2018-04-26
Barney Artist,23,2018-09-19
Arjuna Oakes,37,2019-11-29
Olivia King,22,2019-06-28
Tom Misch,61,2018-04-06
Rachel Mazer,32,2019-03-08
Moo Latte,36,2016-02-10
Phoebe Day,19,2019-10-18
Mike Casey,35,2019-03-28
Hana,20,2019-10-25
Jordan Rakei,3,2014-08-15
Alsogood,22,2019-11-20
Mac Ayres,72,2017-08-11
Clear Mortifee,11,2017-06-23
Olivia King,21,2017-06-01
Tanaë,30,2019-05-09
Erykah Badu,0,2000-10-31
LOVER,29,2018-09-05
Erykah Badu,8,1997-02-11
Loyle Carner,54,2018-10-11
.SØN,23,2019-12-06
A Tribe Called Quest,0,1993-11-09
Janet Jackson,63,1997-10-07
Jordan Rakei,13,2014-08-15
Erykah Badu,1,2003-09-16
India.Arie,0,2002-09-24
Mal V Moo,17,2019-11-01
D'Angelo,0,2000-01-25
A Tribe Called Quest,0,1993-11-09
Common,56,1994-10-25
Joss Stone,47,2003-01-01
India.Arie,0,2002-09-24
August Wahh,33,2019-12-20
Jordan Rakei,43,2013-09-26
LOVER,20,2019-08-14
Erykah Badu,0,2008-02-26
Room Eleven,1,2006-01-01
Pete Philly & Perquisite,35,2005-04-18
Joss Stone,41,2003-01-01
Anderson .Paak,52,2016-01-15
Bastian Steven,20,2019-11-15
Alsogood,20,2019-11-20
Jamie Woon,0,2015-10-30
Room Eleven,0,2006-01-01
Arjuna Oakes,16,2019-11-29
D'Angelo,49,2014-12-15
Jakspin,16,2018-10-19
Jordan Rakei,24,2015-12-11
Macarena,12,2017-09-14
Amy Winehouse,33,2003-10-20
Hiatus Kaiyote,47,2015-05-01
Jordan Rakei,37,2016-06-03
500 Year Flood,15,2019-10-11
Jill Scott,25,2015-08-28
Tom Misch,40,2016-07-15
REMI,0,2016-08-24
Tom Misch,37,2016-07-15
Esmé,19,2019-08-09
Chloe Bodur,17,2017-11-26
Jamie Woon,9,2015-10-30
Sinead Harnett,4,2014-01-01
Hiatus Kaiyote,57,2013-07-12
Jhaye,15,2018-11-16
Macarena,12,2017-11-01
Jill Scott,34,2000-07-18
Masakoi,35,2019-08-08
Olivia King,27,2019-06-28
Lexi Todd,15,2019-07-19
Takuya Kuroda,0,2016-10-07
Chameleonize,25,2019-05-31
falcxne,22,2019-08-21
Okvsho,22,2018-07-06
Gretchen Parlato,29,2011-05-31
Emily Simbi,14,2016-07-29
The Roswell Universe,16,2018-03-14
Sinead Harnett,0,2014-01-01
Kay Slice,19,2019-11-08
Alfa Mist,0,2015-07-31
Bastian Steven,41,2019-12-15
Barney Artist,42,2016-04-29
RC & The Gritz,38,2013-11-26
Shannon Chapman,21,2019-09-27
FKJ,54,2017-03-02
The Small Circle,30,2016-12-10
Moonchild,40,2015-11-20
Georgia Anne Muldrow,35,2015-05-19
FKJ,63,2017-03-02
Hadassah,18,2019-02-14
Tom Misch,54,2016-07-15
The Internet,54,2015-06-26
Frank Ocean,57,2012-01-01
Solange,50,2016-09-30
Steve Lacy,51,2017-02-24
The Internet,67,2015-06-26
The Internet,63,2015-06-26
The Internet,52,2015-06-26
The Internet,62,2015-06-26
The Internet,46,2015-06-26
The Internet,51,2013-09-20
Daniel Caesar,59,2015-07-01
River Tiber,50,2016-06-24
Solange,27,2012
Frank Ocean,0,2016-08-20
Daniel Caesar,78,2017-08-25
Ravyn Lenae,34,2016-07-29
Amandla Stenberg,43,2017-05-11
Anderson .Paak,55,2016-01-15
Anderson .Paak,66,2016-01-15
Anderson .Paak,54,2016-01-15
Anderson .Paak,56,2016-01-15
Childish Gambino,0,2011-01-01
Daniel Caesar,71,2015-11-12
Daniel Caesar,61,2015-11-12
Daniel Caesar,49,2015-11-12
Daniel Caesar,61,2017-08-25
Everything Is Recorded,32,2017-10-20
Frank Ocean,82,2017-03-10
Frank Ocean,67,2012-01-01
Daniel Caesar,75,2016-10-21
The Internet,51,2015-06-26
Sabrina Claudio,65,2017-03-02
H.E.R.,60,2016-09-09
Frank Ocean,65,2012-01-01
Daniel Caesar,69,2017-08-25
Frank Ocean,77,2016-08-20
"Tyler, The Creator",79,2017-07-21
Kali Uchis,52,2017-05-22
Kali Uchis,54,2018-01-12
Kali Uchis,52,2015-02-04
Kali Uchis,52,2016-04-11
Frank Ocean,61,2017-04-23
Frank Ocean,70,2018-02-14
Gabriel Garzón-Montano,1,2014-11-14
Jorja Smith,54,2017-12-13
Jorja Smith,4,2016-05-23
Jorja Smith,2,2016-02-26
Kari Faux,14,2016-04-08
KAYTRANADA,43,2016-05-06
KAYTRANADA,46,2016-05-06
Kevin Abstract,58,2016-11-18
Kilo Kish,39,2014
Kilo Kish,42,2016-02-29
Kilo Kish,34,2016-02-29
Poppy Ajudha,19,2018-02-23
Poppy Ajudha,34,2017-11-24
Sampha,47,2017-02-03
Sampha,46,2017-02-03
Sampha,55,2017-02-03
Sean Leon,22,2016-04-15
Solange,66,2016-09-30
Solange,61,2016-09-30
Steve Lacy,69,2015-02-15
Steve Lacy,60,2017-02-24
Steve Lacy,47,2017-02-24
Steve Lacy,49,2017-02-24
SZA,62,2017-06-09
SZA,62,2017-06-09
SZA,63,2014-04-08
Thundercat,58,2017-02-24
Thundercat,45,2017-02-24
bLAck pARty,41,2016-10-14
Anderson .Paak,53,2016-01-15
Frank Ocean,78,2016-08-20
Kali Uchis,62,2015-02-04
Pharrell Williams,15,2014-03-03
Pharrell Williams,0,2006
Anderson .Paak,53,2016-01-15
Anderson .Paak,53,2016-01-15
Kali Uchis,70,2018-04-06
Kali Uchis,53,2018-04-06
Kali Uchis,55,2018-04-06
Kali Uchis,56,2018-04-06
Kali Uchis,55,2018-04-06
Kali Uchis,66,2018-04-06
Steve Lacy,45,2017-02-24
"Tyler, The Creator",74,2017-07-21
Cosmo Pyke,60,2017-01-30
Jorja Smith,50,2016-11-17
SBTRKT,44,2011-06-27
The Internet,32,2018-05-30
Ravyn Lenae,60,2017-12-08
Kali Uchis,60,2018-04-06
WILLOW,78,2015-01-11
Cosmo Pyke,58,2016-10-24
Jorja Smith,62,2018-06-08
Jorja Smith,57,2018-06-08
Mahalia,63,2017-07-07
Chance the Rapper,69,2016-05-27
Anderson .Paak,60,2016-01-15
GoldLink,38,2016-06-10
KAYTRANADA,58,2016-05-06
Thilo,28,2019-05-17
Cailin Russo,37,2018-07-13
Honors,21,2018-06-29
Pat Clifton,10,2018-03-30
Nick Luebke,15,2018-06-26
Gentle Bones,60,2018-06-15
Con Brio,5,2018-05-25
Qveen Herby,12,2018-04-20
Eko Zu,0,2018-04-28
Sophia Danai,24,2018-04-13
RIKA,15,2018-01-26
AMiR,0,2018-02-23
Kai Exos,10,2017-05-12
Ries Brothers,29,2017-11-10
Homaze,7,2017-12-05
Solarrio,6,2016-10-14
Landon Sears,36,2017-03-18
Zekl,27,2017-08-06
Moo Latte,29,2017-04-18
Tanaë,1,2017-10-13
Ava Raiin,5,2017-07-14
Mac Miller,10,2016-07-28
Jarreau Vandal,0,2016-04-29
Mark Ronson,46,2015-07-03
Brasstracks,28,2016-08-19
MKTO,29,2016-05-27
Jay Prince,33,2016-10-21
Hayden James,28,2016-08-19
Xavier Omär,0,2016-10-14
Triggerfinger,16,2016-03-11
Pat Lok,17,2016-07-22
Young Franco,45,2016-03-14
Ravyn Lenae,61,2016-07-29
starRo,0,2016-10-12
Ta-ku,21,2016-10-14
Disclosure,27,2015-08-10
Karma Kid,0,2014-01-27
PYRMDPLAZA,0,2016-04-25
Vic Mensa,46,2015-02-13
GoldLink,30,2016-06-10
Duckwrth,59,2016-09-23
Good Times Ahead,25,2016-10-07
Beverlay,39,2013-08-26
Zacari,45,2015-07-23
GEOTHEORY,26,2015-08-18
Mr Sanka,21,2016-08-25
(dc),28,2015-05-14
AlunaGeorge,51,2014-06-09
GoldLink,27,2016-06-10
BB Diamond,24,2015-08-21
Mustard,30,2016-03-14
Wantigga,27,2016-09-09
Rihanna,45,2016-06-01
GoldLink,0,2014-07-22
Anderson .Paak,44,2015-08-28
Mura Masa,2,2015-10-13
KAYTRANADA,66,2016-05-06
GoldLink,21,2015-04-28
Disclosure,34,2014-01-01
Jengi,23,2014-12-11
Christian Rich,0,2015-08-21
Jodie Abacus,29,2016-05-06
KAYTRANADA,47,2016-05-06
Good Times Ahead,26,2016-10-07
OFFAIAH,34,2016-09-23
Pomo,28,2014-11-14
Snacks,32,2016-07-22
KAYTRANADA,51,2016-05-06
Masego,0,2016-07-27
GoldLink,30,2016-06-10
Ariana Grande,70,2016-05-20
Mura Masa,5,2015-04-10
CHINAH,40,2016-01-08
BANKS,57,2013-08-13
Joe Hertz,61,2016-04-11
Mars Today,35,2015-10-23
Tom Misch,50,2015-08-28
KAYTRANADA,52,2016-05-06
Bondax,19,2014-11-21
Reva DeVito,45,2016-09-22
DEAN,0,2015-09-18
Barney Artist,41,2016-04-29
NxWorries,0,2016-10-21
HONNE,28,2016-10-14
Domo Genesis,59,2016-03-25
GoldLink,26,2016-06-10
Bondax,0,2014-11-21
Gallant,38,2016-04-29
Brasstracks,30,2016-08-19
Childish Gambino,15,2016-12-02
Sampha,1,2016-08-31
Mura Masa,9,2016-09-30
Bondax,36,2014-10-17
Childish Gambino,2,2016-12-02
GoldLink,56,2016-08-26
DJ Shadow,0,2016-06-24
Donny Hathaway,75,1990-04-03
Boyz II Men,56,1993-10-05
The Temptations,4,2007-01-01
Faith Evans,37,2005-01-01
Tamar Braxton,42,2013-11-11
Ashanti,11,2003-01-01
Whitney Houston,5,2003-11-18
Darlene McCoy,39,2012-01-01
Luther Vandross,28,2012-09-28
Pentatonix,14,2014-10-17
SWV,20,2012-09-28
Gladys Knight & The Pips,20,2012-09-28
The Salsoul Orchestra,1,2013-11-11
Destiny's Child,32,2001
L. Young,25,2013-12-17
Jermaine Hardsoul,28,2013-12-12
Jean Baylor,24,2011-11-22
CeeLo Green,41,2012-10-29
Ella Fitzgerald,9,1996-01-01
Eartha Kitt,58,2012-10-27
Stevie Wonder,59,1967-11-01
The O'Jays,0,1988-01-01
Lou Rawls,38,2006-01-01
The Jackson 5,28,2007-01-01
Stevie Wonder,15,2009-01-01
B.B. King,2,2001
Aretha Franklin,45,1964
Mariah Carey,90,1994-11-01
Ella Fitzgerald,11,1960
The Jackson 5,57,2009-01-01
Clarence Carter,48,1968
Chuck Berry,79,1986-01-01
Nat King Cole,1,2013-11-01
Fantasia,49,2013-10-25
Terrace Martin,23,2014-11-18
The Temptations,7,1999-01-01
The Supremes,10,1999-01-01
Marvin Gaye,12,1999-01-01
Faith Evans,26,2012-01-01
Ledisi,43,2008-01-01
Ledisi,29,2008-01-01
Ledisi,55,2008-01-01
The Drifters,28,2004-12-07
Natalie Cole,25,2004-12-07
Take 6,23,2004-12-07
Lou Rawls,23,2006-06-12
Chaka Khan,24,2005-01-01
India.Arie,30,2015-10-16
Toni Braxton,2,2009-01-01
The Whispers,25,1979
Boyz II Men,45,1993-10-05
Alexander O'Neal,26,1988-01-01
Darlene Love,73,1963
Kelly Price,20,2001-01-01
TLC,45,1993-11-08
The Whispers,30,2010-11-01
Charles Brown,46,1992-01-01
The Holiday Soul,25,2013-11-02
Pentatonix,58,2015-10-30
Stevie Wonder,48,2004-01-01
James Brown,4,2010-01-01
Ella Fitzgerald,32,2015-01-01
The Staple Singers,42,2007-01-01
India.Arie,51,2015-10-16
Kirk Franklin,38,1996
Jessie J,54,2015-11-08
The Moonglows,5,1988-01-01
Bebe & Cece Winans,33,1993-01-01
Lou Rawls,52,2004-01-01
The Supremes,1,2015-01-01
Charles Brown,7,2007-01-01
Ohio Players,0,1995
Stephanie Mills,23,1991-01-01
Mary J. Blige,51,2013-01-01
Nancy Wilson,43,2006-01-01
Nancy Wilson,43,1996-01-01
Cyrus Chestnut,35,1998
Six Minutes 'Til Sunrise,20,2015-11-23
Six Minutes 'Til Sunrise,20,2015-11-23
Sounds Of Blackness,43,2001-01-01
India.Arie,14,2001-03-27
Frank Mccomb,9,2000-08-26
Angie Stone,49,1999-09-27
Robert Glasper Experiment,52,2012-01-01
Musiq Soulchild,55,2000-11-14
Erykah Badu,2,1997-02-11
Jill Scott,27,2004-08-31
Faith Evans,31,1995
Anthony Hamilton,37,2011-12-13
Erykah Badu,25,2010-01-01
India.Arie,36,2001-01-01
Anthony Hamilton,37,2008-09-17
Tony! Toni! Toné!,11,2007-01-01
Robert Glasper Experiment,37,2012-01-01
India.Arie,53,2001-01-01
Jill Scott,43,2004-08-31
Bilal,51,2001-01-01
Musiq Soulchild,38,2000-01-01
Meshell Ndegeocello,45,1999-08-13
Monica,67,2003
Brian McKnight,41,2002-11-05
Jill Scott,42,2004-08-31
Jill Scott,25,2004-08-31
Robert Glasper Experiment,41,2012-01-01
Jeff Bradshaw,18,2003-10-14
Brandy,45,1994
D'Angelo,2,1995-07-03
Amel Larrieux,48,2004-01-20
D'Angelo,62,1995-07-03
Hiatus Kaiyote,54,2015-05-01
Jaheim,21,2008-11-25
Jordan Rakei,39,2016-06-03
David Sanborn,26,2005-01-01
Anthony Hamilton,57,2003-07-15
Musiq Soulchild,36,2003-01-01
ERIMAJ,0,2012-08-21
Jon B.,60,1997-04-21
Corinne Bailey Rae,63,2006-01-01
Corinne Bailey Rae,75,2006-01-01
Corinne Bailey Rae,48,2006-01-01
Kelela,24,2015-04-06
Mint Condition,51,1996-01-01
Common,46,2002-01-01
Mint Condition,44,2017-11-17
Maxwell,43,1998-06-30
Carl Thomas,47,2000-04-18
Carl Thomas,52,2000-04-18
Carl Thomas,52,2000-04-18
Esperanza Spalding,35,2008-01-01
Esperanza Spalding,54,2008-01-01
Esperanza Spalding,32,2008-01-01
Esperanza Spalding,44,2008-01-01
Goapele,54,2002-02-12
Faith Evans,57,1995
Faith Evans,58,1995
Floetry,45,2002-01-01
Fantasia,54,2004-11-22
John Legend,18,2004
Jaheim,50,2001-03-13
Gods Property,26,1997
Groove Theory,63,1995-07-25
Groove Theory,36,1995-07-25
The RH Factor,0,2003-01-01
The RH Factor,31,2003-01-01
The RH Factor,31,2003-01-01
Dru Hill,9,2005-01-01
Donell Jones,47,2000
Smokie Norful,50,2002-01-01
Amel Larrieux,27,2000-02-02
Amel Larrieux,13,1999
Kindred The Family Soul,40,2005-09-20
SWV,62,1992-10-27
Musiq Soulchild,51,2002-01-01
Kem,53,2004-01-01
Kem,52,2003
Lalah Hathaway,48,2015-10-30
Maxwell,50,1999-01-01
Donell Jones,41,2002-06-04
Mint Condition,39,1999-10-22
Dionne Farris,32,1997-03-11
Refugee Camp All-Stars,42,1997-03-11
Maxwell,35,1997-03-11
Groove Theory,26,1997-03-11
Frank Mccomb,10,2000-08-26
Frank Mccomb,5,2000-08-26
Frank Mccomb,7,2000-08-26
Frank Mccomb,14,2000-08-26
Lucy Pearl,52,2000
Yaw,45,2008-12-01
Erykah Badu,62,2000-10-31
Erykah Badu,50,2000-10-31
Sebastian Mikael,51,2019-04-05
Ari Lennox,65,2019-05-07
Lucky Daye,65,2019-05-24
Free Nationals,60,2018-10-10
Masego,0,2019-07-05
SZA,72,2017-06-09
SiR,64,2017-01-23
Xavier Omär,64,2018-07-27
dvsn,61,2016-03-27
dvsn,65,2017-10-13
Ari Lennox,56,2016-10-21
Jhené Aiko,74,2017-09-22
dvsn,56,2017-10-13
dvsn,63,2016-03-27
SZA,77,2017-06-09
The Internet,58,2018-07-20
SZA,69,2017-06-09
BJ The Chicago Kid,49,2017-02-13
Khalid,82,2017-04-27
Teyana Taylor,70,2018-06-23
Daniel Caesar,73,2018-10-16
Miguel,71,2017-12-01
Ari Lennox,62,2016-10-21
Leven Kali,52,2018-12-07
Kali Uchis,71,2018-04-06
Ari Lennox,53,2016-10-21
Ravyn Lenae,48,2018-02-09
The Internet,59,2018-07-20
Solange,66,2019-03-01
GoldLink,70,2017-03-24
Solange,65,2019-03-01
Ella Mai,57,2018-10-12
Brent Faiyaz,64,2018-10-19
Ari Lennox,48,2016-10-21
Jorja Smith,51,2018-12-07
Daniel Caesar,69,2019-06-28
Daniel Caesar,65,2017-08-25
Daniel Caesar,61,2017-08-25
Ari Lennox,67,2019-05-07
Ari Lennox,69,2019-05-07
McClenney,49,2019-02-19
McClenney,37,2019-03-28
Summer Walker,68,2018-10-19
Teyana Taylor,58,2018-11-02
Ari Lennox,21,2019-05-07
Y'Akoto,21,2014-08-22
Bo Saris,1,2014-01-01
Curtis Harding,0,2014-11-17
Marlena Shaw,3,2014-06-17
Sharon Jones,24,2008-10-20
Lady,0,2013-03-05
Kendra Morris,0,2014-01-27
Hannah Williams,6,2012-06-09
Ruby Velle & The Soulphonics,0,2012-09-04
Kendra Morris,0,2014-01-27
Kendra Morris,8,2014-10-01
Kendra Morris,15,2013-10-01
Kendra Morris,32,2013-10-01
Kendra Morris,16,2014-10-01
Kendra Morris,15,2014-10-01
The Excelsiors,0,2014-09-08
Lee Fields & The Expressions,25,2012-03-13
Lee Fields & The Expressions,48,2014-06-02
Gary Clark Jr.,9,2015-09-04
Giovanca,0,2013-09-20
Lee Fields & The Expressions,26,2014-06-02
Lack Of Afro,48,2014-03-03
Lisa Shaw,33,2009-03-10
K-OS,29,2007-07-17
Noora Noor,3,2009-03-16
Erykah Badu,1,1997-02-11
Jim James,0,2013-01-01
Lee Fields & The Expressions,50,2009-06-02
The Heavy,8,2009-10-05
Mark Ronson,1,2014-11-23
Surahn,0,2012-11-26
Angie Stone,62,2001-10-16
Jamiroquai,9,2001-09-03
Leela James,37,2009-03-24
Jamiroquai,5,1996-09-09
Jamiroquai,45,1999-06-08
Nikka Costa,0,2008-01-01
Incognito,16,2014-05-13
Joss Stone,36,2011-01-01
Crazy P,6,2015-05-11
Diane Birch,0,2011-01-11
Huon Kind,20,2014-10-17
Pompeya,0,2011
Curtis Harding,40,2015-01-19
Socialites,28,2012-10-01
Alessia Cara,2,2015-04-30
Devonté Hynes,1,2015-10-30
Ms. Lauryn Hill,34,2015-07-10
Jill Scott,49,2015-07-24
Amy Winehouse,58,2011-01-01
Incognito,20,2006-01-01
SAYGRACE,25,2015-07-10
Kendra Morris,8,2014-10-01
Kendra Morris,5,2014-10-01
Myron & E,0,2013-07-01
Selah Sue,0,2012-11-02
Alice Smith,0,2013-03-19
Selah Sue,25,2015-03-27
Alicia Keys,21,2001-06-05
Alice Smith,21,2006
Lee Fields & The Expressions,14,2011-11-22
Cree Summer,16,1999-04-20
Raphael Saadiq,34,2011-03-25
Ledisi,16,2014-01-01
Raphael Saadiq,38,2008-09-12
Myron & E,0,2013-07-01
The Dynamics,0,2007
D'Nell,0,2011-02-14
Neneh Cherry,58,1996-01-01
Fat Freddy's Drop,0,2013-06-24
Dojo Cuts,48,2012-04-16
Robert Glasper,52,2012-01-01
Y'Akoto,20,2014-08-22
Y'Akoto,17,2011-08-19
Kellylee Evans,0,2010-02-23
Kellylee Evans,4,2006-01-01
Leela James,43,2005
Handsome Boy Modeling School,2,2004-09-01
AM & Shawn Lee,35,2015-06-16
Cross My Heart Hope To Die,0,2013-04-02
The Bamboos,6,2012-01-01
Christian Gregory,0,2014-08-19
Sharon Jones & The Dap-Kings,28,2005
Cookin' On 3 Burners,4,2009
Jazmine Sullivan,27,2015-07-10
Duffy,50,2008
Stee Downes,0,2008-10-20
Alice Russell,8,2008-11-17
Kylie Auldist,9,2012
Nicola Conte,12,2014-04-16
Nicola Conte,22,2014-04-16
The Black Keys,40,2010-10-18
LEISURE,4,2015-05-01
Danger Mouse,37,2011-05-16
Papooz,1,2015-06-22
Joss Stone,33,2015-07-31
Joss Stone,25,2015-07-31
Timothy Bloom,20,2014-10-13
Jill Scott,42,2015-07-24
Musiq Soulchild,43,2011-05-03
Musiq Soulchild,23,2011-05-03
Musiq Soulchild,31,2008-11-24
Musiq Soulchild,35,2000-01-01
Musiq Soulchild,57,2000-01-01
Musiq Soulchild,33,2000-01-01
Maze,0,2009-08-25
India.Arie,39,2002-09-24
India.Arie,35,2002-09-24
India.Arie,27,2002-09-24
India.Arie,46,2002-09-24
India.Arie,48,2002-09-24
India.Arie,27,2002-09-24
Erykah Badu,56,2010-03-30
Erykah Badu,47,2010-03-30
Erykah Badu,49,1997-02-11
Erykah Badu,35,1997-02-11
Erykah Badu,30,1997-02-11
Erykah Badu,0,2008-02-26
Erykah Badu,53,2000-10-31
Ms. Lauryn Hill,1,1998-08-25
Ms. Lauryn Hill,3,1998-08-25
Ms. Lauryn Hill,1,1998-08-25
Ms. Lauryn Hill,40,2002-05-07
Alice Smith,0,2013-03-19
Ms. Lauryn Hill,7,1998-08-25
Ms. Lauryn Hill,0,1998-08-25
Ms. Lauryn Hill,1,1998-08-25
Maxwell,0,1998-06-30
Maxwell,38,1996-04-02
Maxwell,55,1996-04-02
Maxwell,65,1996-04-02
Maxwell,36,1996-04-02
John Legend,57,2008-10-27
John Legend,46,2008-10-27
John Legend,46,2008-10-27
John Legend,0,2004-10-26
John Legend,0,2004-10-26
John Legend,0,2008-10-28
John Legend,0,2008-10-28
John Legend,0,2008-10-28
John Legend,0,2008-10-28
John Legend,0,2008-10-28
John Legend,0,2008-10-28
John Legend,30,2010-09-17
Algebra Blessett,0,2008-02-26
Algebra Blessett,0,2008-02-26
Algebra Blessett,0,2008-02-26
Algebra Blessett,0,2008-02-26
Raheem DeVaughn,30,2010-02-26
Raheem DeVaughn,47,2005
Raheem DeVaughn,21,2005
Raheem DeVaughn,9,2010-04-23
Raheem DeVaughn,5,2008-08-25
OutKast,1,2003-09-23
D'Angelo,2,2008-01-01
D'Angelo,4,2008-01-01
D'Angelo,1,2008-01-01
D'Angelo,4,2008-01-01
D'Angelo,3,2008-01-01
D'Angelo,0,2008-01-01
D'Angelo,8,2008-01-01
D'Angelo,3,2008-01-01
D'Angelo,2,2008-01-01
D'Angelo,0,1995-07-03
D'Angelo,0,1995-07-03
Raphael Saadiq,47,2002-01-01
Raphael Saadiq,50,2002-01-01
Raphael Saadiq,34,2002-01-01
Jill Scott,53,2011-06-21
Lupe Fiasco,17,2007-01-30
Chris Botti,17,2007-01-30
Common,15,2007-01-30
Darius Rucker,10,2007-01-30
Mos Def,16,2007-01-30
Jill Scott,25,2007-09-25
Jill Scott,36,2007-09-25
Jill Scott,33,2007-09-25
Jill Scott,26,2004-08-31
Jill Scott,53,2004-08-31
Jill Scott,25,2004-08-31
Jill Scott,31,2004-08-31
Jill Scott,42,2000-07-18
Anthony Hamilton,16,2007-04-03
Anthony Hamilton,47,2003-07-15
Brandy,33,1994
Fantasia,36,2010-08-20
Wayne Brady,25,2008-01-01
Chrisette Michele,28,2007-01-01
Ledisi,0,2009-08-25
Ledisi,32,2007-01-01
Jalen Santoy,66,2016-07-07
Loyle Carner,60,2017-01-20
Mac Miller,67,2016-09-16
blackwave.,53,2017-10-09
blackwave.,30,2017-05-12
Summers Sons,31,2018-08-06
Nick Murphy / Chet Faker,61,2014-04-14
Mac Miller,75,2016-09-16
Funky DL,0,2011-03-21
SoulChef,46,2010-11-17
Academics,31,2009-02-16
blackwave.,38,2017-05-12
Mickey Cho,36,2013-03-31
Gorillaz,52,2002-02-28
Caleb Belkin,62,2017-07-16
Amy Winehouse,5,2015-10-30
Coops,48,2014-06-02
OutKast,60,1998-09-29
Felly,3,2014-05-04
Trinix,1,2015-10-19
One Self,50,2005
Erykah Badu,67,1997-01-01
Loyle Carner,65,2017-01-20
Atmosphere,56,2008-04-22
The Mouse Outfit,29,2015-03-12
Gabri V,13,2019-12-30
Granata,43,2016-05-21
Animate Objects,16,2008-01-01
blackwave.,37,2018-02-23
J. Cole,78,2014-12-09
Dizzy Wright,37,2017-04-17
Marcus D,32,2016-09-06
Seth Sentry,17,2008
blackwave.,49,2018-10-12
Guru's Jazzmatazz,44,2000-01-01
Gas Lab,17,2017-03-08
Saba,70,2016-10-27
The Mouse Outfit,46,2013-05-20
J. Cole,2,2016-12-09
Mac Miller,76,2018-08-03
Abstract Orchestra,45,2018-02-23
Coops,43,2018-04-27
Ehennuhsen,32,2018-08-16
Mac Miller,77,2015-09-18
Manwolves,53,2016-08-06
OutKast,3,2003-09-23
FKJ,56,2017-03-02
ArtOfficial,31,2011-11-05
Rejjie Snow,39,2017-05-10
Nick Murphy / Chet Faker,57,2012-03-09
Prume,21,2016-05-06
Dafuniks,44,2009-07-19
blackwave.,40,2018-06-08
Erykah Badu,59,1997-01-01
Anti Lilly,49,2017-08-21
D'Angelo,59,1995-07-03
Amy Winehouse,73,2006-01-01
Anti-Lilly & Phoniks,46,2014-04-24
The Globetroddas,0,2013-03-01
Tom Misch,65,2015-08-28
Anti-Lilly & Phoniks,45,2014-04-24
Exact Change Project,26,2012-09-18
Darrell Cole,36,2017-06-09
FKJ,54,2014-07-21
A Tribe Called Quest,0,1999-10-26
King Geedorah,51,2003-06-17
2nd Exit,0,2016-05-27
Peebs The Prophet,32,2015-04-08
RJD2,52,2013-10-08
James Lewis,9,2017-09-28
OutKast,77,2000-10-31
Guts,41,2014-09-08
3582,39,2003-10-06
Cultivo,20,2019-12-06
Awon,42,2015-10-26
Felly,0,2014-05-04
Chuuwee,54,2014-03-01
Afu-Ra,44,2000-10-24
Pete Rock & C.L. Smooth,60,1992-05-26
Jam Baxter,42,2012-07-09
Mac Miller,62,2016-09-16
2xxx!,45,2017-11-28
The Mouse Outfit,47,2013-05-20
J. Cole,56,2013-06-14
9th Wonder,24,2011-09-27
Audible Mainframe,0,2013-11-10
blackwave.,41,2017-05-12
The Four Owls,44,2011-12-05
The Mouse Outfit,46,2013-05-20
Granata,36,2016-07-06
Ehennuhsen,17,2019-04-19
Fliptrix,45,2012-12-12
Jazz Liberatorz,46,2008-01-21
Phony Ppl,64,2015-01-13
Berhana,65,2016-07-21
Isaiah Sharkey,32,2017-09-18
Yung Bae,48,2014-07-18
Yung Bae,50,2014-07-18
Yung Bae,43,2014-07-18
Yung Bae,40,2016-08-04
Yung Bae,38,2017-02-24
Yung Bae,46,2017-02-24
Yung Bae,51,2017-11-27
Macross 82-99,40,2015-10-21
Macross 82-99,41,2015-10-21
Macross 82-99,52,2015-10-21
Macross 82-99,49,2015-10-21
Macross 82-99,40,2015-10-21
Macross 82-99,36,2017-03-10
Macross 82-99,31,2017-03-10
Macross 82-99,47,2017-03-10
Macross 82-99,28,2018-02-14
Macross 82-99,30,2018-02-14
Night Tempo,22,2017-04-20
Night Tempo,19,2017-04-20
Night Tempo,29,2017-04-20
Night Tempo,26,2017-04-20
Night Tempo,20,2017-04-20
Night Tempo,22,2017-04-20
Night Tempo,21,2017-04-20
Night Tempo,16,2017-04-20
Night Tempo,30,2017-04-20
Night Tempo,22,2017-04-20
Night Tempo,21,2017-04-20
Night Tempo,38,2017-11-03
Night Tempo,30,2018-09-28
Night Tempo,30,2017-07-02
Night Tempo,23,2018-05-20
Future Girlfriend 音楽,0,2016-02-08
Future Girlfriend 音楽,0,2016-02-08
Future Girlfriend 音楽,0,2016-02-08
1986 Omega Tribe,33,1986-07-23
1986 Omega Tribe,45,1986-07-23
1986 Omega Tribe,33,1986-07-23
1986 Omega Tribe,18,1987-02-04
1986 Omega Tribe,25,1987-02-04
1986 Omega Tribe,29,1987-02-04
1986 Omega Tribe,37,1987-02-04
1986 Omega Tribe,33,1987-02-04
1986 Omega Tribe,24,1987-02-04
LUCKY TAPES,32,2016-07-06
LUCKY TAPES,44,2016-07-06
LUCKY TAPES,38,2017-09-06
LemKuuja,0,2018-06-30
LemKuuja,0,2018-06-30
LemKuuja,0,2018-06-30
LemKuuja,0,2018-06-30
LemKuuja,0,2018-06-30
LemKuuja,0,2018-06-30
LemKuuja,0,2018-06-30
LemKuuja,0,2018-06-30
T-SQUARE,0,2015-07-08
GHOST DATA,0,2017-04-18
Pink Martini,30,2011-10-07
Mondo Grosso,39,2017-06-06
Mondo Grosso,39,2017-06-06
Mondo Grosso,30,2017-06-06
Mondo Grosso,35,2017-06-06
Kyu Sakamoto,51,2010-01-01
Kimiko Kasai,37,1979
Kimiko Kasai,20,1979
Junko Ohashi,27,1993
Junko Ohashi,37,1993
Junko Ohashi,25,1993
Junko Ohashi,47,1998
Junko Ohashi,30,1998
Junko Ohashi,40,1998
Junko Ohashi,36,2003-01-01
Tomoko Aran,38,1983
Tomoko Aran,39,1983
Tomoko Aran,23,1983
Tomoko Aran,30,1983
Taeko Onuki,22,2013-05-22
Taeko Onuki,25,2010-04-14
Ginji Ito,9,2010
オメガトライブ,28,2011-05-18
オメガトライブ,35,1985-12-11
オメガトライブ,26,1984-03-21
オメガトライブ,32,1984-12-21
オメガトライブ,40,1983-09-21
オメガトライブ,37,1983-09-21
オメガトライブ,35,1985-07-01
オメガトライブ,45,1985-07-01
Wink,0,1989-12-01
Wink,43,1995
Wink,31,1990-07-11
Kiyotaka Sugiyama,40,1984-03-21
Beckett,37,2016-12-24
So Arakawa,26,2016-09-21
Minako Honda,22,2011-10-21
Akira Terao,32,1981-04-05
リアムMAZE1981,50,2018-05-02
Yubin,17,2018-06-05
Miki J,0,2017-10-09
Yukihiro Takahashi,0,2009-03-18
Masayoshi Takanaka,24,1985
Syd,44,2017-02-03
Mamamoo,46,2016-02-26
H.E.R.,49,2016-09-09
Noname,61,2016-08-12
Daniel Caesar,58,2017-08-25
Kojey Radical,30,2017-09-01
Lianne La Havas,45,2015-07-31
Brent Faiyaz,49,2016-09-20
Jhené Aiko,0,2017-09-22
JID,0,2017-03-10
Ari Lennox,0,2016-10-21
Ari Lennox,0,2016-10-21
Brent Faiyaz,52,2017-10-13
Charlotte Dos Santos,2,2017-06-21
Kali Uchis,0,2017-08-25
IAMDDB,0,2016-12-23
Jaz Karis,39,2017-10-18
Jorja Smith,2,2017-06-05
Hiatus Kaiyote,47,2015-05-01
Amy Winehouse,12,2006-01-01
Ms. Lauryn Hill,14,1998-08-25
The Internet,45,2015-06-26
Moonchild,49,2012-04-27
Moonchild,50,2017-05-26
Elli Ingram,0,2017-09-15
Elli Ingram,0,2017-09-15
Anderson .Paak,45,2016-01-15
IAMDDB,0,2016-12-23
Adele,57,2008-01-28
Erykah Badu,15,2008-03-03
Lianne La Havas,46,2015-07-31
Childish Gambino,1,2016-12-02
River Tiber,0,2017-07-28
Charlotte Day Wilson,0,2017-07-28
Charlotte Day Wilson,51,2017-11-15
BADBADNOTGOOD,38,2017-07-26
A l l i e,23,2017-07-21
Rihanna,1,2016-01-28
Childish Gambino,1,2016-12-02
J. Cole,1,2016-12-09
Esperanza Spalding,3,2008-01-01
Frank Ocean,58,2012-01-01
J. Cole,61,2014-12-09
Miguel,48,2017-12-01
LEISURE,2,2016-10-21
Yazmin Lacey,31,2017-06-16
Yazmin Lacey,40,2017-06-16
Faye Meana,16,2017-03-04
OSHUN,44,2015-04-22
Jorja Smith,55,2017-09-08
Joyce Wrice,46,2016-11-15
Unknown Mortal Orchestra,64,2015-05-26
Rihanna,0,2016-01-28
Koji.,43,2017-11-26
Nai Palm,54,2017-10-20
MALIA,21,2017-12-19
Frank Ocean,74,2016-08-20
Frank Ocean,68,2012-01-01
Moonchild,31,2017-05-26
Kadhja Bonet,34,2016-02-12
Jorja Smith,4,2016-11-17
bLAck pARty,61,2016-10-14
Kadhja Bonet,45,2015-07-21
Kadhja Bonet,35,2016-10-21
"Saturn, Alexander",4,2017-12-07
Faye Meana,17,2017-03-04
Cosmo Pyke,55,2017-02-24
FKJ,66,2017-03-02
Burna Boy,53,2018-01-26
Qendresa,14,2017-10-16
Jorja Smith,3,2018-02-09
OSHUN,26,2017-11-03
Jamila Woods,49,2017-08-15
Jamila Woods,39,2017-08-15
Jamila Woods,49,2017-08-15
Amy Winehouse,62,2011-01-01
Musiq Soulchild,47,2000-11-14
Ms. Lauryn Hill,6,1998-08-25
Yazmin Lacey,46,2018-03-16
Nicole Chambers,0,2018-01-26
Simi,36,2017-08-11
OSHUN,43,2018-04-06
Kali Uchis,50,2018-04-06
Drake,57,2016-05-06
Freddie Gibbs,26,2014-06-03
Janelle Monáe,47,2018-04-27
Nathy Peluso,52,2018-04-06
Kali Uchis,53,2018-04-06
Sunny Hawkins,4,2007
Sean C. Johnson,17,2012-04-03
Jamie Jones,0,2005-06-28
Adrianne Archie,7,2006-01-01
Jamie Jones,0,2005-06-28
Jamie Jones,0,2005-06-28
Jamie Jones,0,2005-06-28
Rawsrvnt,0,2011-03-01
Adrianne Archie,4,2009-09-29
Adrianne Archie,8,2006-01-01
Adrianne Archie,5,2006-01-01
Adrianne Archie,10,2006-01-01
Adrianne Archie,2,2009-09-29
Adrianne Archie,3,2009-09-29
Sean C. Johnson,25,2012-04-03
Sean C. Johnson,19,2009-07-17
Sean C. Johnson,17,2009-07-17
Sean C. Johnson,21,2012-04-03
Sean C. Johnson,14,2009-07-17
Sean C. Johnson,13,2009-07-17
Lisa McClendon,0,2006-10-10
Da' T.R.U.T.H.,3,2011-02-09
J.R.,3,2011-02-09
Sunny Hawkins,5,2007
Sunny Hawkins,5,2007
Sunny Hawkins,4,2007
Lisa McClendon,0,2002-05-21
Sandra Stephens,2,2009-03-31
Isaac Carree,0,2013-06-25
Claude Deuce,4,2009-02-03
Claude Deuce,3,2009-07-14
Claude Deuce,2,2009-07-14
Christon Gray,29,2011-07-10
Christon Gray,11,2011-07-10
Antonio Neal,3,2006-01-01
Antonio Neal,4,2005-01-01
Soul (Mo Henderson's Group),3,2006-01-01
Antonio Neal,3,2006-01-01
Antonio Neal,6,2006-01-01
Canton Jones,8,2005
Lavie,1,2013-06-21
Lavie,1,2013-06-21
Sean C. Johnson,17,2012-04-03
Sean C. Johnson,18,2012-04-03
Dave Hollister,5,2006-06-27
Green Tea,0,2008-09-24
Green Tea,1,2008-09-24
Green Tea,0,2008-09-24
PJ Morton,12,2006-03-22
Kiyamma,2,2009-12-12
Chris Lewis,0,2010-08-24
Green Tea,1,2012-05-08
Green Tea,1,2012-05-08
Green Tea,0,2012-05-08
Green Tea,1,2006-01-09
Green Tea,0,2006-01-09
Angie Stone,5,2010-10-25
Tye Tribbett,24,2004-06-08
Jamie Jones,0,2005-06-28
Jamie Jones,0,2005-06-28
Jamie Jones,0,2005-06-28
Travis Greene,28,2012-06-05
Anthony Hamilton,9,2010-10-25
Tunnel Rats,1,2001-01-01
Daniel Johnson,10,2011-04-04
Daniel Johnson,8,2011-04-04
Daniel Johnson,9,2011-04-04
Daniel Johnson,8,2011-04-04
Daniel Johnson,3,2011-04-04
Daniel Johnson,4,2011-04-04
Debra Killings,8,2003-07-17
Debra Killings,7,2003-07-17
Debra Killings,3,2008-01-01
Debra Killings,4,2008-01-01
Debra Killings,5,2003-07-17
Debra Killings,3,2003-07-17
Deonna Martin,1,2007-12-18
Deonna Martin,0,2007-12-18
Deonna Martin,1,2007-12-18
Deonna Martin,0,2007-12-18
Mahogany Jones,1,2014-02-04
Dave Hollister,14,2006-06-27
J.R.,5,2005-11-15
J.R.,6,2005-11-15
J.R.,5,2005-11-15
Cynthia Jones,4,2011-08-29
Cynthia Jones,9,2011-08-29
Cynthia Jones,4,2011-08-29
Cynthia Jones,4,2011-08-29
Cynthia Jones,3,2008-04-29
Cynthia Jones,1,2008-04-29
Lisa McClendon,0,2003
Lisa McClendon,0,2003
Lisa McClendon,0,2003
Lisa McClendon,0,2003
Lisa McClendon,0,2003
Lisa McClendon,0,2009-04-28
Lisa McClendon,0,2009-04-28
Lisa McClendon,0,2009-04-28
Lisa McClendon,0,2009-04-28
Durand Jones & The Indications,55,2018-03-16
Childish Gambino,5,2016-11-17
Amy Winehouse,65,2007-01-01
Mos Def,55,1999-10-12
Mayer Hawthorne,51,2009
Rex Orange County,79,2017-03-22
Remy Shand,34,2002
Ms. Lauryn Hill,16,1998-08-25
Robin Thicke,38,2008-01-01
Slakah The Beatchild,0,2008-09-22
John Legend,54,2010-09-17
Jordan Rakei,4,2014-08-15
John Legend,8,2006-12-19
Calvin Richardson,15,2003-01-01
Mayer Hawthorne,56,2011-01-01
Angie Stone,10,2005-06-21
Ms. Lauryn Hill,0,1998-08-25
Aloe Blacc,36,2014-01-01
India.Arie,60,2001-01-01
John Legend,5,2006-12-19
Erykah Badu,51,2000-10-31
John Legend,9,2004
Erykah Badu,39,2010-01-01
Fugees,74,1996-02-13
John Legend,1,2004
Jordan Rakei,1,2014-08-15
John Legend,63,2012-04-06
Dwele,45,2003-01-01
Amy Winehouse,24,2003-10-20
FKJ,1,2014-07-21
Lucy Pearl,51,2000
BJ The Chicago Kid,64,2016-02-19
Amy Winehouse,63,2015-10-30
Yarah Bravo,1,2014-04-30
Ffion,0,2017-06-22
Moonchild,0,2017-03-21
D'Angelo,42,2000-01-01
Fatima,41,2014
Sinead Harnett,54,2014-01-01
Alabama Shakes,9,2015-04-21
Lianne La Havas,55,2015-08-07
Amy Winehouse,73,2006-01-01
Leon Bridges,56,2018-03-13
Little Dragon,0,2008-02-23
Rex Orange County,80,2017-10-11
Jessie J,51,2018-05-25
Sade,37,2011-04-29
Jhené Aiko,54,2018-02-28
Still Woozy,45,2017-11-05
Jessie Reyez,71,2017-04-21
John Legend,85,2013-08-30
THEY.,59,2018-11-01
Amy Winehouse,51,2006-01-01
Van Hunt,26,2004-01-01
Robin Thicke,52,2015-06-29
Leon Bridges,56,2018-07-25
John Legend,52,2016-12-02
Thirdstory,48,2018-03-09
Doris,36,2015-02-23
Durand Jones & The Indications,39,2018-05-11
Mac Miller,74,2016-09-16
Noisettes,56,2009-01-01
Choker,62,2018-08-03
Dijon,67,2018-04-19
G-Eazy,57,2017-12-15
Macy Gray,71,1999-07-03
Sonder,63,2016-10-25
Anderson .Paak,14,2019-04-04
Lauren Daigle,59,2019-02-20
Stan Taylor,38,2019-01-04
Maxwell,14,2017-05-23
Jamie Woon,0,2015-08-11
Quadron,35,2013-05-31
Duffy,36,2008-01-01
Angie Stone,25,2005-06-21
Adele,56,2011-01-19
Anthony Hamilton,25,2005-06-20
Quadron,39,2013-05-31
Maxwell,0,2007-12-19
Musiq Soulchild,50,2002-01-01
Alessia Cara,1,2015-05-01
India.Arie,20,2001-03-27
Erykah Badu,29,1997
Adele,7,2008-01-28
Jill Scott,52,2000-07-18
Maxwell,58,2009-07-07
Rahsaan Patterson,0,1999-01-01
Robin Thicke,0,2006-01-01
Musiq Soulchild,54,2000-01-01
Anthony Hamilton,42,2003-07-15
Angie Stone,34,2001-10-16
Rahsaan Patterson,0,1999-01-01
Melanie Fiona,19,2010-01-01
Nikka Costa,40,2001-01-01
Ms. Lauryn Hill,0,1998-08-25
India.Arie,25,2001-03-27
Duffy,8,2008
Maxwell,34,1996-04-02
Robin Thicke,0,2008-01-01
Adele,66,2011-01-19
Amy Winehouse,0,2006
Corinne Bailey Rae,39,2010-01-01
Anthony Hamilton,41,2003-07-15
Urias,20,2017-09-26
Maxwell,0,2001
Nikka Costa,38,2001-01-01
Anthony Hamilton,44,2006-08-08
Maxwell,57,2001-08-14
India.Arie,18,2006-06-27
Jhené Aiko,40,2013-01-01
Robin Thicke,0,2009-01-01
Anthony Hamilton,30,2011-12-13
Floetry,1,2002-10-01
Glenn Lewis,12,2002-05-21
Leela James,46,2005
Sweetback,24,2004-02-03
Aloe Blacc,7,2010-02-11
Musiq Soulchild,45,2008-11-24
Allen Stone,0,2012-06-26
Allen Stone,0,2012-06-26
Erykah Badu,1,2000-10-31
Andra Day,21,2015-05-26
James Blake,1,2013-01-01
The Weeknd,3,2015-08-28
Kacy Hill,0,2015-08-28
Nao,49,2015-10-22
dvsn,1,2015-12-24
Louis Mattrs,2,2015-09-21
Syleena Johnson,18,2005-09-26
Choklate,25,2006-03-21
Jeremy Passion,0,2011-12-13
Gizmo,31,2012-10-02
PJ Morton,30,2013-01-01
Anthony Hamilton,58,2011-12-13
JMSN,19,2014-12-09
Jamie Woon,52,2015-10-30
Sinead Harnett,62,2016-07-28
Niia,37,2017-05-05
Such,26,2019-01-18
The Greg Mayo Band,18,2014-12-13
Elvin Bishop,60,1975-01-01
Lee Fields,44,2013-01-15
Sharon Jones & The Dap-Kings,9,2017-11-17
William Bell,50,2007-01-01
Childish Gambino,18,2016-12-02
Carrie Underwood,61,2018-09-14
Kelly Clarkson,47,2017-10-27
Michael Kiwanuka,61,2016-07-15
Sturgill Simpson,50,2016-04-15
Brandi Carlile,34,2011-05-03
James Brown,56,1991
Otis Redding,37,1992-11-06
Haley Reinhart,28,2018-09-14
Ray LaMontagne,65,2004-08-15
Beth Hart,42,2015-04-03
Chris Stapleton,77,2015-05-04
Lucie Silvas,21,2018-08-24
Donny Hathaway,50,2005-01-01
Leon Bridges,46,2015-06-15
Ms. Lauryn Hill,67,1998-08-25
Anderson East,45,2015-07-10
Michael Kiwanuka,29,2012-01-01
Kendra Morris,12,2013-10-01
JD McPherson,16,2013-09-17
En Vogue,60,1997-06-17
Fitz and The Tantrums,28,2010-08-24
Sam & Dave,1,1995
Etta James,15,1960
O.V. Wright,29,1992-01-01
Percy Sledge,66,1966
She & Him,35,2013-05-07
Them Two,25,2006-01-31
Foy Vance,35,2016-05-13
Amos Lee,36,2016-09-19
The Black Keys,46,2010-05-18
Duffy,0,2008
Cat Power,60,2006-01-24
Frank Ocean,51,2014-03-10
Prince,26,2014-09-26
Michael Kiwanuka,71,2017-02-24
Zoë Kravitz,48,2017-03-31
James Brown,51,1991
Gemma Ray,11,2010-11-24
Sam Cooke,0,2003
Leon Bridges,67,2015-06-15
Ronnie Dunn,35,2016-11-11
Luther Ingram,47,2008-04-22
Della Humphrey,24,1967-01-01
Lizz Wright,40,2005-01-01
The Black Keys,50,2010-05-18
Aretha Franklin,54,1967-03-10
Wilson Pickett,24,1992
Etta James,0,2011-01-01
Charles Bradley,39,2016-04-01
Michael Bublé,47,2013-04-11
Norah Jones,59,2009-11-17
Edward Sharpe & The Magnetic Zeros,43,2016-04-15
One Eskimo,36,2009
David Gray,45,2019-03-08
Various Artists,5,2015-12-07
Wilder Woods,37,2019-08-09
Sandra Lynn,42,2019-09-13
Chris Stapleton,66,2015-05-04
Maren Morris,0,2016-06-03
Hozier,52,2014-03-09
Shannon LaBrie,35,2019-10-11
Cory Chisel and the Wandering Sons,10,2009-09-29
Joss Stone,0,2012-01-01
Tanya Montana Coe,0,2015-10-26
Bill Withers,47,2013-08-20
Anderson East,26,2019-05-03
Maggie Rose,35,2018-09-21
Amos Lee,53,2005-01-01
Chris Stapleton,51,2018-04-06
Lucie Silvas,23,2018-08-24
The Shirelles,35,2013-01-01
Ponderosa Twins Plus One,40,2013-07-09
Sam Cooke,0,2003
The Five Satins,48,1987-09-24
Seinabo Sey,0,2014-01-01
Bill Withers,76,1971-05-01
Bishop Briggs,60,2017-04-14
JRY,59,2017-02-10
Death Cab for Cutie,33,2005-01-01
Shannon LaBrie,6,2013
Christina Aguilera,57,2018-06-15
One Eskimo,29,2009
Kelly Clarkson,46,2017-10-27
Eric Church,56,2018-10-05
Clarence Reid,16,2007-11-20
Shannon LaBrie,5,2013
Van Morrison,69,1970-02
Lhasa De Sela,0,2009-09-15
Caleb Hawley,34,2014-01-28
Esther Phillips,47,2005-07-26
The Heavy,31,2012-08-17
Max Jury,1,2016-06-03
She & Him,46,2008-03-18
Wendy Rene,47,2005-02-08
Naeleck,43,2013-09-16
Le Castle Vania,46,2015-10-23
Tiësto,10,2018-08-24
Naeleck,50,2016-12-26
Fukkk Offf,33,2019-07-12
Wolfgang Gartner,36,2018-11-02
3LAU,51,2018-11-30
SOVTH,25,2019-12-13
Bassjackers,38,2019-11-22
RICCI,59,2019-12-27
Awnix & Toobaï,30,2019-11-08
Breathe Carolina,53,2019-06-21
Naeleck,37,2020-01-10
Chris Burke,30,2019-12-31
Divite,42,2019-12-12
Jacob Tillberg,52,2019-09-13
Kevlah,38,2019-11-06
GLDN,53,2019-09-06
Wolvero,32,2019-12-06
Bombs Away,39,2016-03-04
F.O.O.L,36,2019-04-01
Friz,28,2019-12-17
Martin Garrix,64,2018-08-17
Avenza,52,2019-10-11
Brooks,60,2019-07-26
Calvin Harris,8,2018-10-12
Nørd,25,2019-10-25
Shawn Mendes,75,2018-09-27
Lana Del Rey,54,2013-02-01
Stone Forte,23,2019-12-06
Fukkk Offf,52,2018-10-05
DJ Mykal,24,2017-12-25
Teal Sky,21,2019-12-28
Sesco,24,2019-04-26
Tove Lo,69,2014-09-24
Kid Cudi,74,2012-01-01
Naeleck,25,2016-12-26
Calvin Harris,66,2018-07-13
Flume,52,2017-04-07
Naeleck,49,2019-03-15
Depdramez,30,2018-10-31
Marshmello,62,2018-03-23
Naeleck,24,2018-10-31
Robert Falcon,48,2020-01-03
Lykke Li,72,2011-10-10
NoiseMakers,27,2017-12-25
Ryllz,42,2019-11-22
The Chainsmokers,64,2016-05-27
MØ,58,2018-08-08
Naeleck,24,2014-12-22
Top $helf,27,2020-01-10
Julia Michaels,64,2017-05-05
ARMNHMR,48,2019-11-22
Asking Alexandria,51,2019-12-02
Sesco,25,2019-04-26
Carbon Kevlar,30,2017-12-25
Fukkk Offf,26,2018-10-05
Teo Moss,25,2014-06-23
Tony Romera,25,2019-03-01
Zuma.,27,2019-10-30
The Keymakers,32,2019-12-04
Black Tiger Sex Machine,26,2015-01-13
Don Diablo,51,2020-01-17
Martin Garrix,75,2019-12-27
Alok,79,2019-11-22
Mike Williams,49,2020-01-17
Gaullin,69,2019-11-01
Madison Mars,59,2019-12-06
DubVision,61,2019-09-20
Zedd,50,2020-01-03
Tritonal,50,2020-01-17
Marnik,57,2020-01-03
Armin van Buuren,43,2019-12-06
LIZOT,48,2020-01-03
Pharien,45,2020-01-10
Mike Candys,35,2019-12-13
Ryos,44,2020-01-10
Tritonal,57,2019-09-27
Jonas Blue,67,2019-11-15
Hardwell,63,2019-11-22
Joe Stone,41,2019-12-13
Lucas & Steve,59,2019-11-29
Audien,53,2019-11-08
Olly James,39,2020-01-10
Max Styler,43,2020-01-17
RetroVision,56,2019-12-12
Disco Fries,36,2019-10-25
Mesto,66,2019-11-29
Ed Sheeran,67,2019-07-11
Ken Takano,21,2020-01-17
R3HAB,55,2019-12-12
Thomas Gold,44,2019-11-06
The Him,57,2019-11-08
Thomas Gold,39,2020-01-17
Sultan + Shepard,55,2019-09-06
Oliver Heldens,62,2020-01-10
VAVO,29,2020-01-10
Galantis,46,2019-11-22
GATTÜSO,58,2019-12-19
Deekey,46,2019-08-23
ARTY,57,2019-09-06
Dimitri Vegas & Like Mike,71,2019-11-15
Martin Garrix,58,2019-12-20
Sick Individuals,49,2020-01-08
Tujamo,69,2019-09-13
R3HAB,72,2019-10-25
Sick Individuals,57,2019-09-06
Audien,53,2019-09-06
Marc Benjamin,58,2019-12-20
Au/Ra,44,2019-12-06
Jay Hardway,41,2019-11-01
Drenchill,45,2019-12-20
Martin Garrix,69,2019-12-31
Stadiumx,46,2019-11-15
M-22,35,2019-12-20
Blasterjaxx,53,2019-11-08
ARTY,53,2019-10-04
Gorgon City,50,2019-11-01
Disco Fries,39,2019-11-15
Keanu Silva,62,2019-10-04
Manse,50,2019-10-25
Trilane,45,2019-09-27
Landis,57,2019-09-13
Ummet Ozcan,52,2019-10-25
David Guetta,72,2019-11-21
Landis,57,2019-10-03
DubVision,55,2019-12-13
Martin Garrix,72,2019-08-16
KAAZE,53,2019-12-06
Flux Pavilion,41,2019-07-31
Habstrakt,51,2019-06-06
Jauz,55,2019-06-07
Deathpact,37,2018-09-21
NGHTMRE,57,2019-09-24
JOYRYDE,57,2019-08-23
QUIX,46,2019-03-01
Jauz,44,2019-08-16
Valentino Khan,50,2019-01-16
TYNAN,42,2019-06-17
JOYRYDE,62,2019-02-22
Toby Green,53,2019-06-07
Habstrakt,50,2019-08-26
Moksi,1,2019-06-28
RL Grime,48,2018-12-14
Cesqeaux,36,2019-06-04
LOOPERS,38,2019-05-23
Skrillex,58,2019-07-19
NGHTMRE,50,2019-07-26
The Bloody Beetroots,51,2019-08-09
Magnificence,47,2019-05-24
TV Noise,50,2019-02-27
Matroda,35,2019-03-22
Yellow Claw,47,2019-03-08
Destructo,57,2019-05-17
Dr. Fresch,51,2019-01-25
TV Noise,38,2019-02-01
Blanke,34,2019-02-08
Ghastly,46,2019-07-12
ATRIP,34,2019-04-05
ricky retro,51,2018-11-15
Zeds Dead,49,2019-09-10
Rezz,49,2018-12-14
Habstrakt,43,2019-07-25
Malaa,56,2019-05-17
Curbi,47,2019-05-24
Axel Boy,35,2019-03-22
Matroda,38,2019-05-24
Brooke Evers,55,2019-03-06
SLATIN,38,2019-02-08
Haus of Panda,34,2018-12-14
DISTO,50,2019-06-21
The Bloody Beetroots,35,2019-06-21
Brooke Evers,57,2019-06-28
Sikdope,54,2019-04-19
Wax Motif,46,2019-01-16
Moksi,34,2019-03-15
The Bloody Beetroots,34,2019-06-21
Chocolate Puma,40,2019-04-05
JOYRYDE,57,2018-10-19
Wolfgang Gartner,37,2019-02-15
BROHUG,44,2019-04-12
The Bloody Beetroots,35,2019-06-21
Firebeatz,49,2019-05-03
DJ Snake,51,2019-07-25
Boombox Cartel,46,2019-09-19
Nonsens,39,2018-05-04
ShockOne,43,2019-06-27
Groove Delight,0,2018-11-15
DJ Snake,63,2019-07-25
Good Times Ahead,9,2019-08-20
Cityzen,35,2019-05-17
The Bloody Beetroots,37,2019-06-21
Matroda,39,2019-08-30
Carta,40,2019-02-18
Victor Tellagio,37,2019-03-08
Albin Myers,41,2019-03-01
Wolfgang Gartner,39,2019-05-03
Born Dirty,32,2019-05-10
YounG (KO),30,2019-06-13
Habstrakt,51,2018-05-25
Matroda,28,2019-03-22
Oliver Twizt,39,2019-06-14
QUIX,31,2019-03-29
Kindrid,37,2019-04-12
Ephwurd,14,2018-12-14
Matroda,28,2019-03-22
Brooke Evers,33,2019-04-12
Tony Romera,35,2019-02-08
Pegboard Nerds,36,2019-09-30
The Bloody Beetroots,33,2019-06-21
Matroda,33,2019-05-24
Borgore,37,2019-09-27
Feed Me,36,2019-02-22
Tokyo Machine,52,2019-02-28
Alenn,31,2019-05-15
Matroda,40,2019-06-21
Axel Boy,31,2019-02-06
Noizu,30,2017-09-29
BROHUG,39,2019-02-01
Two Figures,28,2018-06-25
No Mana,36,2019-01-22
GRAVEDGR,48,2019-06-21
Showtek,9,2019-10-25
Shaun Frank,30,2018-12-07
Tommie Sunshine,46,2018-10-05
Haus of Panda,53,2019-05-17
WHIPPED CREAM,40,2018-12-07
Curbi,32,2018-12-10
Pegboard Nerds,50,2019-07-11
Lane 8,52,2020-01-10
jamesjamesjames,38,2019-12-27
Swardy,34,2019-12-11
Trinix,36,2020-01-17
Anaesthesia,20,2020-01-10
Amtrac,58,2020-01-03
Nhyx,11,2020-01-17
Maha Quest,42,2018-06-01
MR TOUT LE MONDE,36,2019-12-27
Parra for Cuva,55,2018-11-22
Brijs,33,2015-09-04
Nhyx,38,2019-12-13
Haisten,18,2020-01-10
Jamie xx,65,2015-06-01
KAYTRANADA,64,2019-12-13
QQUN,43,2019-02-08
Lane 8,65,2020-01-10
NLSN,48,2020-01-10
Niva,30,2019-06-28
Model Man,53,2019-07-29
Lane 8,64,2019-12-31
doVicente,32,2020-01-03
Bearson,53,2018-09-07
Triomphe,36,2019-12-20
Kamp!,35,2012-11-23
Kid Francescoli,46,2019-12-10
Mar Vei,51,2019-03-22
Niwel,22,2019-12-17
Lane 8,58,2018-01-19
BAYNK,54,2019-11-26
Catching Flies,52,2019-10-16
2 Man Embassy,45,2019-12-04
Emrod,49,2017-03-10
Clément Leroux,52,2019-06-14
BAYNK,36,2019-05-22
Summer Heart,50,2012-04-25
Pas Sages,34,2018-01-26
doVicente,24,2019-11-29
TEEMID,51,2019-05-31
Tycho,60,2014-03-18
OTR,49,2018-09-26
MR TOUT LE MONDE,28,2019-11-01
Lvne,33,2019-11-19
Sole Sole,45,2019-11-22
Adon,58,2019-11-22
Catching Flies,37,2019-11-27
Petit Biscuit,57,2015-05-18
Kid Francescoli,67,2017-03-03
Prigida,23,2019-09-27
Triomphe,30,2019-11-15
Diskay,51,2019-09-20
Lonely in the Rain,31,2019-11-08
ATTLAS,43,2016-06-24
Ben Esser,41,2019-09-12
iamalex,32,2019-05-02
Triomphe,36,2019-05-10
Forester,33,2019-09-06
Elderbrook,61,2018-11-27
Swardy,39,2018-07-27
Catnip Cloud,32,2018-01-02
PLÜM,51,2019-10-25
Roosevelt,40,2019-09-27
The Blaze,62,2018-09-07
DJ Counselling,21,2019-10-25
Emerson Leif,42,2019-10-15
MR TOUT LE MONDE,44,2019-09-13
Jonas Langer,33,2019-07-04
MXMS,47,2019-02-20
Notre Dame,31,2019-06-21
Les Gordon,53,2019-10-11
Emrod,40,2017-04-14
Møme,55,2018-11-23
Madson Project.,23,2018-09-13
Triomphe,44,2019-09-20
Pools,40,2019-01-21
Lonely in the Rain,52,2019-09-06
Swardy,46,2019-09-06
Matter Of Tact,32,2019-04-05
Tycho,42,2018-12-14
Triomphe,27,2019-08-02
Model Man,35,2019-09-17
Triomphe,33,2019-06-21
Catching Flies,39,2019-07-05
Lonely in the Rain,27,2019-06-21
Tim Dup,39,2018-07-13
Mazoulew,31,2019-03-20
Lonely in the Rain,43,2019-07-26
Roosevelt,54,2019-03-01
PLÜM,35,2019-08-16
Lonely in the Rain,29,2018-12-21
Kiasmos,62,2017-10-06
Petit Biscuit,47,2016-05-13
ford.,37,2018-11-16
filous,49,2018-10-05
Devault,52,2018-11-02
Lonely in the Rain,57,2019-03-08
Raphael Treza,41,2018-01-12
Lonely in the Rain,38,2018-11-02
Patrice,38,2017-05-05
Flavien Berger,51,2018-09-28
Dave Knud,47,2019-07-05
PARTY SHIRT,45,2019-08-22
GLDN,59,2019-04-19
"LAST 60""",44,2019-05-10
Liquid Soul,41,2018-03-08
Melih Aydogan,33,2015-08-20
Oscar and the Wolf,52,2015-11-20
Vidojean X Oliver Loenn,37,2019-12-13
Jonny Joel,34,2019-12-16
NR:TN,28,2019-06-14
DeVante,36,2019-09-19
Sep,43,2019-11-27
ARIA,41,2019-04-19
Green Lake Project,37,2019-12-13
GIGEE,39,2019-10-11
Alfred Beck,41,2019-12-13
Jonny Joel,28,2019-12-16
Ravek,36,2019-11-12
RQntz,41,2019-06-28
Furia,41,2019-09-09
Hotway,33,2018-11-12
Koos,37,2019-11-15
Spieltape,31,2019-09-27
Spieltape,37,2019-09-27
Allegra,40,2019-11-08
GöW,42,2019-11-15
Pastiche,29,2019-11-29
Carl Cox,58,2017-08-18
Jonny Joel,19,2020-01-11
ROMBE4T,2,2020-01-17
Hotway,28,2019-05-03
Austin Pettit,30,2019-12-17
Lewis Monbarn,29,2019-11-01
Corx,49,2020-01-03
Bildjan,38,2019-04-27
Olivier C,32,2019-11-26
Xavier White,39,2019-11-22
Kramder,28,2019-12-06
RICCI,54,2019-10-18
Austin Pettit,29,2019-12-13
Audax,44,2019-10-04
JSTEF,41,2019-12-06
Kyle Kinch,21,2019-12-27
Audax,44,2019-11-06
Peter Luts,31,2019-11-18
Bronx Cheer,25,2019-11-29
Dan McKie,36,2019-12-13
VINNE,42,2019-01-18
K.E.E.N.E.,29,2019-11-29
Jøase,29,2020-01-07
Coast,27,2018-07-16
Yose,24,2020-01-03
CastNowski,34,2019-12-20
Jay Hill,26,2019-12-27
Fin & Stanley,27,2019-10-31
DSN,33,2019-12-20
Alex Herrera,15,2020-01-17
MEDUZA,91,2019-10-11
SOSANDLOW,15,2020-01-10
Bob Gordon,44,2019-11-18
Palm Vision,18,2019-04-23
The Groove Project,28,2019-12-28
Matt Reynolds,17,2018-12-08
Faucon,33,2019-10-20
13-Side,25,2019-12-20
K.E.E.N.E.,32,2019-12-06
VINNE,43,2019-11-15
Lauren Mia,37,2019-09-02
Fatesky,33,2019-11-29
Karamar,29,2019-10-31
PRINSH,28,2019-09-06
Cabela and Schmitt,28,2019-10-01
Audax,43,2019-03-22
Kramder,31,2019-11-15
Zerotonine,30,2019-11-01
Claptone,65,2013-11-26
Dave Knud,27,2017-11-24
Dave Knud,35,2019-06-05
Avi Ness,24,2014-06-23
Avinash Kalra,20,2019-05-29
Audax,40,2019-06-14
The Janitor,30,2019-11-01
INVŌKER,27,2018-12-06
Angelov,51,2019-10-11
Sonny Fodera,41,2019-01-18
Moja xx,24,2019-06-17
Efrén Atienza,27,2019-08-21
Rene Ablaze,39,2020-01-03
Jonny Joel,27,2019-07-12
Levyticus,30,2019-01-31
Efrén Atienza,27,2019-06-30
Weltmusik,24,2019-12-16
Kramder,26,2019-05-31
Hell Driver,34,2019-10-25
Roberto Capuano,0,2019-10-28
Metodi Hristov,32,2019-10-25
Harry Doe,30,2019-11-01
Armin van Buuren,51,2019-10-25
David Guetta,68,2019-07-26
Mike Candys,59,2019-10-18
Paul Kalkbrenner,65,2019-07-26
Niall Horan,65,2019-11-07
Klaas,67,2018-11-02
Falling Decibyls,38,2019-12-27
SAINt JHN,88,2019-10-09
Bakermat,54,2019-07-26
Sevenn,47,2019-06-14
Regard,69,2019-11-01
Jerome,77,2019-05-10
Mike Candys,58,2019-11-29
TELYKast,53,2019-12-09
MEDUZA,77,2019-06-07
Riton,86,2019-09-13
Timmy Trumpet,69,2019-10-31
Olympis,67,2019-11-01
Kush Kush,65,2019-09-13
David Guetta,62,2019-08-30
ilasan,33,2020-01-10
Alok,61,2019-06-28
Laurent Wolf,40,2019-11-08
Lucho,40,2019-12-16
Lucas & Steve,51,2019-08-16
MATTN,58,2019-05-10
VIZE,50,2019-05-17
Mike Williams,67,2019-08-30
Desaparecidos,44,2019-06-21
Naeleck,24,2014-12-22
Steff da Campo,56,2019-07-15
Mike Candys,60,2019-09-13
Major Lazer,84,2019-09-11
Tom Noize,23,2018-12-22
Love Harder,70,2019-07-26
Chris Burke,37,2019-08-16
Avicii,70,2019-08-23
Faul & Wad Ad,10,2019-08-30
Stream,50,2019-10-25
Max M,45,2019-12-03
Yves V,69,2019-06-28
Sam Feldt,72,2019-09-12
DJ Snake,63,2019-08-09
Max M,47,2019-12-03
Sandeville,54,2019-06-28
Chico Rose,75,2019-08-30
Jonas Blue,67,2019-07-19
LUM!X,71,2019-08-16
Sage Charmaine,21,2019-12-13
Tujamo,62,2019-02-22
NERVO,64,2019-11-01
Dayvi,83,2018-12-28
KSHMR,66,2019-08-05
Martin Garrix,83,2019-10-31
Electrohol,28,2019-12-31
Rammor,41,2020-01-10
Nell Widmer,25,2019-12-06
Zuso,29,2019-07-21
VIVID,39,2019-12-20
The Second I,30,2019-12-02
C'SAR,16,2020-01-10
Mynox,25,2019-12-27
Dusty Buddha Child,5,2014-08-11
Luis DH,32,2019-11-22
Seven Lights,32,2018-08-24
Kev.,21,2018-09-21
Roberto Marín Muñoz,24,2020-01-03
Scriss,24,2019-12-20
Kev.,32,2019-04-26
Digital Chorus,31,2019-11-29
DIA,28,2019-12-09
Acidic Base,39,2019-12-16
KINGDØMS,41,2020-01-20
Roberto Marín Muñoz,40,2019-12-13
En-Ten,30,2019-11-10
Luke Helmond,42,2019-12-13
Creendo,33,2019-08-09
Roberto Marín Muñoz,36,2019-11-22
Curtis Lowe,41,2019-07-25
Solarrio,43,2019-11-20
Rex Stax,22,2018-05-25
Wolfgang Lohr,42,2020-01-10
Madam Misfit,23,2020-01-17
Klischée,36,2019-09-13
The Swinghoppers,44,2020-01-03
Pisk,30,2019-11-29
Glenn Gatsby,41,2019-12-27
Riff Kitten,35,2019-12-06
!deladap,38,2019-11-22
Emma Clair,34,2019-12-20
Tape Five,42,2019-10-25
Maskarade,49,2018-11-23
Phos Toni,37,2019-12-17
Wolfgang Lohr,40,2019-12-13
Minimatic,24,2019-11-14
Parov Stelar,42,2019-07-12
Kumiho,33,2019-10-17
Varrick Frost,32,2019-12-13
Glenn Gatsby,38,2019-11-22
Jamie Berry,17,2019-08-16
Emma Clair,32,2019-11-08
Caravan Palace,31,2015-10-16
Wolfgang Lohr,39,2019-10-18
Jive Me,23,2019-04-26
Phos Toni,33,2019-09-20
Taco,23,2019-05-03
Phos Toni,25,2019-08-02
The Swing Bot,49,2019-07-05
Free Shots,35,2019-09-13
11 Acorn Lane,30,2019-06-20
Kitten & The Hip,21,2019-04-12
The Electric Swing Circus,29,2019-06-12
Annella,44,2019-03-25
Tune In Crew,35,2019-08-09
DJ ZsuZsu,27,2018-08-24
Balduin,21,2019-07-26
Free Shots,26,2019-05-14
!deladap,20,2019-03-29
Parov Stelar,59,2012-04-20
Balduin,37,2016-05-20
Phos Toni,36,2017-02-21
DJ Mibor,20,2019-05-24
Caravan Palace,48,2017-05-26
Jamie Berry,54,2012-11-01
Swingrowers,42,2014-06-24
Biboulakis,40,2014-02-17
Alex Larke,29,2017-06-22
Glenn Gatsby,28,2019-04-12
The Swing Bot,43,2019-05-17
Jesse Rose,44,2012-07-08
Right Said Fred,31,2018-03-16
Dirty Honkers,44,2010
Caravan Palace,51,2008-10-20
Klischée,45,2018-08-03
Teminite,44,2019-03-01
Caro Emerald,38,2018-02-08
Kormac,48,2010-04-26
11 Acorn Lane,22,2014-10-14
Phos Toni,26,2017-04-04
Swingrowers,30,2014-08-14
Parov Stelar,46,2019-03-01
Caravan Palace,33,2019-02-08
11 Acorn Lane,42,2019-03-20
The Swing Bot,31,2019-03-15
Bart & Baker,20,2014-09-22
Balduin,25,2019-02-22
Ginkgoa,23,2019-02-15
Alice Francis,40,2014-01-16
!deladap,5,2019-01-18
Ninjula,22,2019-02-25
DJ Mibor,26,2017-09-01
Lyre Le Temps,52,2013-11-11
Elle & The Pocket Belles,28,2015-03-11
Jamie Berry,53,2014-03-29
Parov Stelar,43,2015-05-01
The Electric Swing Circus,37,2016-11-23
Swing Republic,50,2012-03-11
Gramophonedzie,47,2010-01-01
Dirty Honkers,44,2019-02-22
Bart & Baker,46,2013-03-25
Odd Chap,45,2018-10-05
Minimatic,49,2015-03-19
Mr. Scruff,42,1999-06-01
[dunkelbunt],47,2009-06-26
The Electric Swing Circus,37,2018-11-06
Varrick Frost,41,2018-11-01
Pisk,43,2017-06-16
Fred A. Staire,31,2017-12-01
LVDS,26,2019-10-25
Odd Chap,32,2019-03-01
Parov Stelar,63,2012-04-20
Skeewiff,38,2013-03-03
Wolfgang Lohr,35,2018-11-02
Swing Republic,40,2018-01-12
Swingrowers,33,2018-02-09
Ashley Slater,20,2018-06-29
Jamie Berry,54,2016-05-17
!deladap,25,2012
Greenskeepers,22,2013-12-23
Luke & The Belleville Orchestra,20,2019-09-10
Robert Edwards,35,2019-03-11
Parov Stelar,39,2013-01-01
Kormac,39,2007-03-27
Benny Berigan,41,2009-06-22
Nekta,44,2009-10-16
AlgoRythmik,43,2011-08-31
Sound Nomaden,37,2011-10-07
Odd Chap,45,2019-06-28
Lyre Le Temps,46,2010-05-17
Shazalakazoo,41,2011-06-17
Tape Five,49,2012-09-07
DJ Mibor,43,2019-04-05
Parov Stelar,56,2013-01-01
Mr. Scruff,53,1999
Waldeck,51,2016-08-12
The Electric Swing Circus,44,2018-11-06
DJ Mibor,39,2019-03-08
Pisk,42,2018-07-27
Annella,44,2018-05-09
Minimatic,40,2018-11-02
Proleter,43,2018-07-02
Wolfgang Lohr,42,2018-04-06
Odd Chap,39,2018-04-04
Parov Stelar,50,2018-07-27
Proleter,47,2018-04-24
Wolfgang Lohr,41,2018-09-07
Gramatik,55,2009-12-09
Dune Rain,38,2018-01-12
Waldeck,49,2018-04-13
Swingrowers,46,2018-02-23
Odd Chap,38,2018-03-28
Wolfgang Lohr,40,2018-07-06
Klischée,45,2017-10-06
11 Acorn Lane,40,2018-03-05
Bart & Baker,40,2018-03-16
Tape Five,38,2018-01-12
DJ Mibor,37,2018-02-23
Odd Chap,39,2018-03-04
Jamie Berry,39,2017-12-15
Carola Jasmins,37,2017-09-15
Proleter,43,2018-07-02
Dj Farrapo,37,2017-10-20
Bart & Baker,37,2017-10-20
Annella,39,2018-02-28
Caro Emerald,1,2016-06-10
Proleter,38,2017-05-19
Annella,45,2017-09-15
The Electric Swing Circus,50,2017-01-16
Wolfgang Lohr,40,2017-06-30
Caravan Palace,2,2017-05-26
Swingrowers,2,2017-06-09
The Young Punx,36,2017-09-15
Bart & Baker,36,2017-05-05
Jenova Collective,1,2017-09-15
Proleter,56,2011-11-22
Dirty Honkers,38,2016-09-23
Phos Toni,36,2017-03-29
OdjBox,41,2016-08-12
Parov Stelar,38,2016-09-09
DJ Mibor,35,2016-11-28
Bart & Baker,37,2017-02-24
Kid Kasino,38,2016-10-28
Lyre Le Temps,36,2016-07-18
Klischée,40,2016-10-07
Caravan Palace,2,2015-10-16
Luca Lento,1,2010-04-12
Paloma Faith,58,2009-09-24
Dutty Moonshine,37,2012-08-05
Gabin,48,2002-10-22
Tape Five,39,2016-06-03
Analogik,4,2009-01-29
Swingrowers,0,2014
Swing Republic,1,2015-01-26
Scott Bradlee's Postmodern Jukebox,54,2015-07-30
Jenova Collective,35,2014-02-17
11 Acorn Lane,43,2016-02-26
Wolfgang Lohr,35,2016-03-24
K.D.S,0,2016-08-19
Klaypex,42,2014-08-12
Bart & Baker,39,2013-03-25
Dimie Cat,41,2010
Kormac,1,2012-06-18
Julian Jordan,59,2019-11-15
Martin Garrix,56,2018-12-14
SWACQ,50,2019-08-23
Martin Garrix,49,2018-10-19
Julian Jordan,50,2019-05-10
Seth Hills,48,2019-12-20
Julian Jordan,46,2018-10-05
LOOPERS,45,2019-08-21
Blinders,48,2018-09-28
Dyro,48,2019-06-07
LOOPERS,44,2019-04-19
TV Noise,42,2019-06-28
Blinders,42,2019-03-08
TV Noise,41,2019-05-03
Julian Jordan,48,2019-09-12
TV Noise,42,2019-11-06
Bart B More,39,2019-06-06
TV Noise,39,2018-12-07
Dyro,38,2019-09-27
TV Noise,39,2019-02-01
Seth Hills,39,2019-05-17
Dyro,39,2019-07-19
Dyro,37,2018-11-30
Seth Hills,38,2019-04-11
Dyro,38,2019-08-16
LOOPERS,37,2019-01-18
Magnificence,37,2018-09-07
LOOPERS,34,2019-11-08
TV Noise,34,2018-04-27
Seth Hills,35,2019-01-25
Julian Jordan,35,2018-11-16
Blinders,35,2019-05-24
Julian Jordan,37,2019-03-07
Bart B More,33,2019-07-11
TV Noise,33,2019-08-22
LOOPERS,32,2018-07-20
Seth Hills,31,2019-09-25
LOOPERS,34,2018-09-21
TV Noise,29,2018-06-29
Dyro,32,2018-06-01
TV Noise,30,2019-02-01
LOOPERS,31,2017-09-22
TV Noise,29,2018-08-17
CMC$,28,2018-05-25
LOOPERS,31,2018-11-09
Crime Zcene,27,2019-09-19
SLVR,27,2018-10-05
Jaycen A'mour,44,2018-05-18
Valentino Khan,53,2019-05-10
DJ Snake,62,2019-07-25
Shift K3Y,36,2019-06-07
Kaskade,50,2019-05-10
Ghastly,40,2019-11-13
Jauz,49,2019-12-06
BROHUG,41,2019-12-06
Saint Punk,37,2019-12-06
Botnek,29,2019-12-05
Zeds Dead,48,2019-12-04
SQWAD,40,2019-11-29
LOUD ABOUT US!,21,2019-11-28
Diskord,22,2019-11-29
Axel Boy,33,2019-11-29
deadmau5,57,2019-11-29
Wax Motif,47,2019-11-22
Golf Clap,40,2019-11-22
Ibranovski,32,2019-11-22
Habstrakt,49,2019-11-28
JOYRYDE,58,2019-10-04
Rezz,56,2019-12-03
Bellecour,38,2019-11-04
Skrillex,70,2019-08-29
Duke & Jones,43,2019-12-06
Bassjackers,47,2019-11-22
Botnek,34,2019-11-21
Blanke,53,2019-12-06
Charlie Who?,27,2019-12-06
ALLEGRØ,45,2019-12-13
MK,72,2019-11-15
Wahlstedt,53,2019-11-22
Sterkøl,50,2019-11-01
Sigala,76,2019-11-01
Lucas Estrada,49,2019-10-25
AJ Mitchell,70,2019-10-25
Erlandsson,48,2019-10-11
Ludvigsson,49,2019-09-27
Dimitri Vegas & Like Mike,63,2019-10-04
Tobtok,60,2019-10-11
Herve Pagez,43,2019-10-11
James Arthur,56,2019-09-13
Famba,50,2019-08-09
Pelago,55,2019-08-09
Ericé,39,2019-08-23
Tom Ferry,47,2019-08-09
Martin Garrix,71,2019-07-18
Ina Wroldsen,61,2019-07-19
Kygo,66,2019-07-05
Theresa Rex,41,2019-08-30
Vic Roz,26,2019-07-26
RudeLies,34,2019-07-19
Martin Garrix,10,2019-06-21
KVSH,69,2019-07-12
Enzo Ingrosso,58,2019-06-21
Hogland,66,2019-06-07
Sigala,75,2019-05-24
Wave Wave,29,2019-06-28
Ericé,39,2019-06-21
TooManyLeftHands,49,2019-06-21
Avicii,80,2019-06-06
Kygo,67,2019-05-30
Sick Individuals,24,2019-06-14
Dualities,60,2019-05-31
Foxa,33,2019-05-17
Wahlstedt,52,2019-05-17
Sick Individuals,43,2019-05-03
Kygo,63,2019-04-12
Martin Garrix,68,2019-03-31
Sean Finn,61,2019-03-08
John De Sohn,48,2019-03-22
VASSY,40,2019-03-15
Kygo,71,2019-02-14
Martin Garrix,52,2018-12-07
TooManyLeftHands,38,2018-11-30
John De Sohn,65,2018-11-09
Martin Garrix,68,2018-09-14
Cat Dealers,63,2018-09-14
MK,72,2018-09-07
K-391,31,2018-07-06
Armin van Buuren,63,2018-05-18
Martin Garrix,77,2018-07-29
Kovan,32,2018-08-17
VASSY,25,2018-07-20
TooManyLeftHands,23,2018-08-10
Myon,0,2018-06-22
John De Sohn,27,2018-06-15
Sean Finn,51,2018-07-06
Kygo,50,2018-05-11
John De Sohn,50,2018-04-06
Erlandsson,36,2018-04-20
Guy Gabriel,14,2018-03-16
Pete Kingsman,38,2018-02-23
Kygo,43,2018-02-14
Erlandsson,21,2018-02-09
Hogland,41,2018-02-02
Roger Martin,43,2018-01-12
Kygo,43,2018-02-14
Alan Walker,73,2017-10-27
MK,69,2017-09-01
Martin Garrix,62,2017-10-20
SJUR,40,2017-12-01
Hogland,58,2017-11-03
Alan Walker,75,2017-09-15
P!nk,57,2017-09-15
Marshmello,58,2017-10-13
Martin Garrix,59,2017-08-25
Dimitri Vegas & Like Mike,66,2017-07-28
Martin Garrix,47,2017-08-18
Alan Walker,38,2017-06-23
The Chainsmokers,34,2017-08-04
John De Sohn,55,2017-06-09
Lost Kings,22,2017-08-11
Kygo,48,2017-06-30
Jayceeoh,0,2017-06-09
Chloé Gisele,0,2017-08-11
Sigala,68,2017-06-09
Sick Individuals,0,2017-07-14
Hogland,2,2017-06-09
Miley Cyrus,1,2017-06-08
Manse,0,2017-06-23
Vanic,46,2017-06-02
Martin Jensen,36,2017-06-23
LittleKings,14,2017-06-23
Bakermat,53,2017-06-02
Sidney Samson,0,2014-01-10
Martin Garrix,0,2013-10-05
Julian Jordan,0,2013-01-07
Dimitri Vegas & Like Mike,1,2014-05-05
Dimitri Vegas & Like Mike,35,2013-07-15
Tiësto,9,2015-04-03
Martin Garrix,1,2013-12-16
Dimitri Vegas & Like Mike,31,2013-11-22
Martin Garrix,3,2014-10-27
Afrojack,2,2014-09-08
DVBBS,0,2015-03-16
Henry Fong,0,2015-03-02
Martin Garrix,2,2014-03-17
Martin Garrix,1,2014-03-07
Sander van Doorn,0,2014-09-29
DVBBS,1,2014-12-08
DVBBS,0,2015-05-25
KSHMR,0,2014-10-06
Sander van Doorn,0,2015-03-02
Martin Garrix,2,2015-07-27
Martin Garrix,10,2014-02-03
Martin Garrix,5,2015-02-23
Jay Hardway,0,2015-07-10
Florian Picasso,0,2015-07-20
MAKJ,0,2014-08-04
DVBBS,0,2015-08-17
Bassjackers,0,2014-04-28
Martin Garrix,2,2015-11-02
Sander van Doorn,0,2014-09-29
Jay Hardway,2,2015-11-13
The Weeknd,2,2015-11-06
DubVision,0,2014-08-11
Dillon Francis,39,2014-10-22
Martin Garrix,2,2015-12-31
Major Lazer,0,2015-09-04
Vicetone,40,2014-10-31
Maor Levi,11,2014-10-20
Martin Garrix,4,2016-03-11
Mike Williams,0,2016-03-11
MOTi,0,2016-03-18
FTampa,13,2016-04-01
AREA21,4,2016-04-08
Alan Walker,6,2016-04-29
Mike Williams,0,2016-05-16
Martin Garrix,2,2016-05-27
Sex Room,13,2016-06-03
Martin Garrix,2,2016-06-13
Alpharock,0,2015-06-26
Merk & Kremont,0,2016-06-17
Martin Garrix,80,2016-07-29
Justin Mylo,0,2016-07-29
DallasK,25,2016-07-29
Tiësto,4,2016-08-05
DubVision,26,2016-08-05
DubVision,8,2016-07-01
Bassjackers,0,2015-06-08
Firebeatz,0,2015-01-12
Florian Picasso,0,2016-08-29
Bassjackers,0,2016-06-20
Jay Hardway,0,2016-09-19
Lookas,41,2016-09-16
Martin Garrix,49,2016-10-15
Martin Garrix,54,2016-10-16
Martin Garrix,51,2016-10-17
Martin Garrix,49,2016-10-20
Bingo Players,0,2011
Eva Simons,0,2016-10-28
Jay Hardway,0,2016-10-28
Brooks,0,2016-08-29
Swedish House Mafia,52,2012-01-01
IZECOLD,54,2016-11-15
Swedish House Mafia,77,2012-09-14
Our Psych,39,2016-05-10
Sikdope,0,2017-02-06
Martin Garrix,8,2013-10-08
Martin Garrix,38,2016-10-19
Martin Garrix,0,2013-03-18
Jay Hardway,0,2017-03-13
Ostblockschlampen,0,2016-02-05
Martin Garrix,51,2017-03-17
Bassjackers,0,2017-03-20
Sikdope,28,2017-03-16
Martin Garrix,31,2017-03-24
Martin Garrix,60,2017-04-07
Brooks,0,2016-01-29
7UBO,0,2017-06-07
AREA21,55,2017-06-23
Throttle,0,2016-11-18
Lucas & Steve,1,2017-07-03
Dualmind,0,2017-04-12
Dualmind,0,2017-11-08
Jay Eskar,0,2017-10-03
Toby Green,0,2017-07-18
LOOPERS,16,2017-07-06
Firebeatz,0,2017-08-11
Madison Mars,1,2017-09-01
Mike Williams,1,2017-09-04
Jay Hardway,0,2017-09-04
Martin Garrix,42,2017-08-18
Lucas & Steve,0,2017-09-22
Leontine,50,2019-12-27
AronChupa,61,2019-11-22
Skylike,63,2019-09-06
The Chainsmokers,58,2016-05-27
K-391,41,2018-07-06
Alan Walker,63,2019-06-25
Dimitri Vegas & Like Mike,37,2019-04-19
Badpojken,41,2019-06-28
Wahlstedt,49,2019-05-17
Oliver Heldens,37,2019-02-01
John De Sohn,41,2018-06-15
El Profesor,59,2018-04-13
Dimitri Vegas & Like Mike,66,2018-07-20
Vicetone,49,2016-09-16
AronChupa,63,2018-05-04
Alan Walker,49,2017-12-01
The Chainsmokers,52,2016-01-01
Tungevaag,52,2016-09-09
Sigala,51,2018-05-18
Calvin Harris,2,2016-06-17
Martin Garrix,59,2016-11-11
Dimitri Vegas & Like Mike,40,2017-10-06
Tungevaag,56,2015-11-27
Martin Garrix,59,2018-10-19
Wahlstedt,34,2019-05-17
Alan Walker,42,2017-03-03
Badpojken,47,2017-06-02
The Chainsmokers,56,2017-04-28
Tungevaag,45,2017-06-09
Wahlstedt,45,2019-05-17
Alan Walker,2,2016-04-29
Hogland,50,2018-06-01
Marnik,60,2019-04-12
FRENSHIP,46,2016-11-11
TooManyLeftHands,36,2017-05-05
Deorro,48,2014-03-10
Charlie Who?,34,2016-11-25
Bodybangers,37,2017-05-26
Midnight Kids,46,2019-01-25
Martin Garrix,40,2017-12-29
Roger Melo,37,2017-06-16
Martin Garrix,56,2018-10-19
Wahlstedt,1,2016-05-20
Martin Garrix,52,2016-10-28
Vicetone,36,2015-02-17
Erlandsson,34,2017-12-15
Jaded,1,2017
Martin Garrix,57,2018-04-20
Krewella,50,2016-05-20
Hogland,1,2017-07-21
Dimitri Vegas & Like Mike,56,2017-10-25
Sia,67,2016-10-21
Nicola Fasano,54,2016-06-10
Showtek,25,2014-04-28
Martin Jensen,37,2016-03-04
The Chainsmokers,41,2016-12-23
SMACK,49,2019-12-09
Notion,62,2019-11-01
Raven & Kreyn,31,2019-08-12
Carta,25,2019-10-11
Pickle,58,2019-11-29
Cityzen,36,2019-11-22
Matroda,47,2019-12-20
Brandon Reeve,24,2019-08-26
Antoine Delvig,31,2019-12-06
HI-LO,43,2019-06-28
Oomloud,46,2019-10-14
JØRD,45,2019-11-29
Tom Staar,33,2019-09-09
Juyen Sebulba,34,2020-01-13
Nause,41,2019-09-30
Pickle,54,2019-04-08
SLVR,34,2019-12-16
Sunstars,31,2019-09-13
Chocolate Puma,29,2019-05-17
Reebs,29,2020-01-06
LOthief,38,2019-07-01
Dubdogz,58,2019-11-22
Shift K3Y,43,2019-11-29
Raven & Kreyn,35,2019-09-16
Wallaby,42,2019-11-22
Damien N-Drix,31,2019-12-09
Zookëper,48,2019-09-13
Rich DietZ,27,2019-11-15
Hook N Sling,32,2019-09-06
Glass Petals,39,2019-10-25
Rich DietZ,17,2019-09-06
WILL K,33,2019-08-19
Shaun Frank,41,2019-11-08
Sophie Francis,48,2019-10-04
Tujamo,60,2019-11-29
Mariana BO,28,2020-01-17
Deniz Koyu,36,2019-03-11
Swanky Tunes,43,2019-11-15
bad nelson,22,2019-10-04
GRECO (NYC),26,2019-12-20
Moguai,28,2018-07-23
illusionize,58,2019-10-18
HUGEL,50,2019-12-20
Madison Mars,43,2019-07-08
Raven & Kreyn,32,2019-06-28
MOSKA,39,2019-11-15
King Arthur,29,2019-09-30
Curbi,37,2019-04-01
Nonsens,44,2019-10-18
Breathe Carolina,41,2019-03-15
RetroVision,58,2019-05-17
Notion,0,2018-09-28
Moguai,31,2019-07-01
Aryue,36,2019-12-16
Bassjackers,41,2019-02-11
Hasse de Moor,41,2019-01-04
Khrebto,0,2018-12-07
Habstrakt,37,2019-03-15
Chocolate Puma,53,2020-01-10
Adam Beyer,50,2019-09-23
Dwin,51,2017-09-11
MEDUZA,88,2019-02-01
ZHU,61,2019-10-25
Riton,58,2018-05-18
CamelPhat,68,2019-11-08
Kungs,59,2019-11-29
CamelPhat,69,2018-11-16
Emmit Fenn,53,2019-03-28
Gaullin,35,2018-08-16
Dynoro,3,2017-11-15
Loosid,32,2016-12-23
Duke Dumont,28,2019-09-20
Depeche Mode,34,2011-05-30
Riton,53,2016-01-22
Au/Ra,46,2018-07-28
Disciples,42,2016-08-12
Rudimental,45,2017-12-08
Round Table Knights,58,2011-02-27
Ninetoes,1,2013-08-19
Route 94,16,2017-06-09
CamelPhat,21,2017-09-22
Malaa,0,2015-08-20
Loge21,0,2016-05-03
FISHER,67,2017-06-30
FISHER,70,2017-11-10
Tchami,32,2018-04-04
Format:B,47,2015-11-13
Robin Schulz,0,2018-06-07
Harry Romero,28,2018-05-18
FISHER,60,2018-03-02
Dillon Nathaniel,33,2017-04-17
HI-LO,40,2017-12-01
FISHER,14,2018-07-13
HI-LO,33,2015-12-18
Madeaux,28,2018-03-23
Autoerotique,44,2018-07-16
Eyes Everywhere,20,2018-06-08
CamelPhat,36,2018-07-27
OFFAIAH,38,2018-08-03
Housequake,3,2015-09-25
The Smen,26,2018-06-15
PAWSA,60,2017-12-22
Victor Ruiz,26,2018-07-27
RICCI,0,2017-04-19
Jordan Burns,0,2017-07-28
PAWSA,44,2017-11-17
Patrick Topping,48,2017-11-03
Vangelis Kostoxenakis,0,2016-05-02
Tchami,28,2018-05-17
Drunken Kong,3,2017-10-09
Claptone,48,2017-03-13
LOthief,0,2017-06-01
Rafa Barrios,48,2015-07-06
Weiss (UK),51,2018-09-07
Tuff London,23,2018-07-13
Visage Music,28,2017-05-22
Josh Butler,24,2018-06-08
Josh Butler,26,2018-06-08
Kyle Watson,0,2017-03-24
Super Flu,44,2014-05-08
Noir,34,2013-04-22
Jaw,1,2011
Patrice Bäumel,50,2018-10-26
Veerus,35,2014-02-10
Pig&Dan,19,2015-02-20
Visage Music,28,2018-09-17
Luuk Van Dijk,18,2018-07-20
Koen Groeneveld,29,2018-10-12
PAX,31,2018-08-20
Danny Howard,11,2018-04-13
Armand Van Helden,13,2018-04-09
Idris Elba,1,2018-08-24
Tchami,44,2015-02-10
Patrick Topping,39,2014-04-28
Gregory Porter,63,2015-07-17
Dennis Cruz,34,2017-11-10
Mark Knight,18,2016-04-08
Shiba San,41,2014-11-17
Mat.Joe,40,2017-11-13
Patrick Topping,49,2014-04-28
Breaking Beattz,32,2017-08-21
Adriatique,46,2018-03-09
Dateless,45,2017-09-25
Jack Back,66,2018-08-31
A-Trak,0,2018-09-14
CLiQ,34,2018-07-13
Vintage Culture,47,2018-10-19
Rebūke,62,2018-12-07
Incognet,36,2018-12-07
Ferreck Dawn,43,2018-11-23
Billy Kenny,41,2014-08-04
Veerus,4,2017-09-15
Volkoder,45,2018-09-21
Dozer,42,2019-01-14
Ben Remember,32,2019-01-11
Latmun,0,2016-10-28
Dimitri Vangelis & Wyman,1,2014-04-21
Blasterjaxx,41,2014-01-06
Contiez,47,2013-05-13
Filip Jenven,38,2014-03-14
David Guetta,64,2014-04-06
DJ Snake,72,2013-12-18
Hardwell,13,2014-04-21
Martin Garrix,5,2013-10-08
Stadiumx,0,2014-03-10
Tiësto,5,2013-12-13
New World Sound,0,2014-04-28
New World Sound,0,2013-07-05
Will Sparks,34,2014-02-14
TJR,0,2014-03-03
Timmy Trumpet,28,2014-04-10
Dimitri Vegas & Like Mike,0,2013-06-11
W&W,47,2014-02-24
Armin van Buuren,16,2014-03-10
Laidback Luke,0,2014-05-06
David Guetta,40,2012-12-07
Major Lazer,1,2013-03-15
R3HAB,1,2014-03-24
Denzal Park,0,2013-03-08
3LAU,0,2014-05-12
Martin Garrix,2,2014-03-10
DubVision,0,2014-02-07
John Christian,12,2013-11-11
DJ C Club,0,2014-05-06
PH Electro,0,2014-03-28
Blasterjaxx,1,2014-04-21
East & Young,30,2014-02-28
Sandro Silva,0,2014-02-10
TJR,0,2013-01-01
TJR,0,2014-05-19
Showtek,0,2014-04-07
TJR,32,2013-01-01
Shermanology,0,2014-03-17
Blasterjaxx,0,2014-02-17
Röyksopp,36,2014-04-28
Diplo,1,2013-10-15
SEREBRO,0,2013-06-14
Cedric Gervais,9,2012-01-01
Sunnery James & Ryan Marciano,0,2014-05-05
New World Sound,0,2012-11-05
New World Sound,0,2013-04-29
DVBBS,3,2014-04-28
Showtek,1,2013-11-13
Afrojack,0,2011-05-16
Quintino,0,2013-08-19
TST,0,2014-05-19
Laidback Luke,0,2014-03-18
Moguai,0,2014-05-26
Firebeatz,0,2014-06-02
MOTi,0,2013-03-08
Steve Aoki,0,2013-02-05
DVBBS,0,2013-12-23
Contiez,13,2012-05-15
J-Trick,23,2012-06-18
Chuckie,28,2012-11-26
Bassjackers,0,2014-03-28
Armin van Buuren,41,2014-03-28
Sidney Samson,0,2014-05-26
DJ Bam Bam,0,2013-05-07
Ahzee,42,2014-02-22
DJ Kuba,7,2014-03-17
Wolfpack,21,2014-05-19
Yves V,0,2013-11-29
Quintino,0,2013-09-23
Sandro Silva,12,2013-12-06
Zomboy,0,2014-05-19
MAKJ,42,2014-03-17
Yellow Claw,0,2014-02-10
Cosmic Gate,13,2014-01-06
Firebeatz,0,2014-06-02
Galantis,20,2014-05-26
Far East Movement,0,2014-01-01
Deorro,0,2014-02-21
Tiësto,39,2014-06-06
Quintino,0,2014-05-30
Scooter,38,2014-05-23
R3HAB,0,2013-07-15
Deorro,41,2014-06-23
David Guetta,20,2014-06-30
Muttonheads,0,2013-01-01
Firebeatz,0,2014-07-05
Ummet Ozcan,0,2014-07-14
Mike Hawkins,0,2014-02-17
Sidney Housen,7,2014-07-04
Husman,5,2014-05-19
Armin van Buuren,45,2013-05-03
Michael Mind Project,40,2014-03-28
Sidney Housen,4,2014-02-17
David Guetta,54,2014-06-30
Syndicate Of L.A.W.,0,2014-06-09
Afrojack,0,2014-01-01
Hard Rock Sofa,0,2013-05-31
Jerome,47,2019-10-30
Dua Lipa,47,2019-12-18
Beeskov,34,2019-01-11
Betta Lemme,39,2019-06-07
Curbi,58,2019-10-04
DJ Den,26,2019-12-20
Beeskov,28,2019-08-09
Chris Night,36,2019-10-11
Laidback Luke,58,2019-10-11
CARSTN,47,2019-09-20
Steve Angello,51,2019-08-30
Chris Lorenzo,42,2019-07-12
Dastic,1,2019-07-12
eSQUIRE,36,2019-10-04
Fabio Vela,26,2019-05-17
Tiësto,56,2019-08-02
Copycattz,40,2019-09-06
WILL K,39,2019-07-05
Rich James,34,2019-11-08
Beeskov,34,2019-10-07
Duke Dumont,68,2019-08-09
EDX,48,2019-08-16
David Puentez,48,2019-10-11
Alok,61,2019-08-30
Sevenn,60,2019-06-14
VIZE,72,2019-05-03
M-22,68,2019-06-14
Milk for Two,47,2019-04-12
HUGEL,46,2019-08-09
Mike La Funk,31,2019-07-01
CALVO,60,2019-04-12
Bart B More,38,2019-06-14
GAMPER & DADONI,72,2019-03-29
Sigala,16,2019-07-05
AKA AKA,36,2019-05-17
DallasK,62,2019-09-06
EDX,54,2019-09-27
C-BooL,55,2019-09-13
Beeskov,31,2019-04-26
Laidback Luke,63,2019-04-26
Calvin Harris,58,2019-04-05
Kaskade,36,2019-05-10
Paulo & Verde,39,2019-06-14
Ben Rainey,29,2019-08-02
Don Diablo,72,2019-09-05
Martin Mix,37,2019-09-27
Alizzmatic,22,2018-05-01
Alizzmatic,18,2018-05-01
Alizzmatic,21,2018-05-01
Alizzmatic,16,2018-05-01
Alizzmatic,21,2018-05-01
Alizzmatic,18,2018-05-01
Croma,21,2016-11-24
Semser,19,2019-01-02
Croma,21,2016-04-12
AWASAKI,22,2018-11-12
AWASAKI,22,2018-11-12
Martin Numan,20,2018-03-19
Martin Numan,18,2018-03-19
Martin Numan,19,2018-03-19
Martin Numan,16,2018-03-19
Martin Numan,19,2018-03-19
Martin Numan,18,2018-03-19
Martin Numan,20,2018-03-19
Semser,14,2018-03-05
Semser,19,2018-03-05
Semser,14,2018-03-05
Semser,14,2018-03-05
Semser,15,2018-03-05
Semser,18,2018-04-27
Semser,17,2018-04-27
Semser,14,2018-04-27
Semser,15,2018-04-27
Semser,16,2018-04-27
Semser,16,2018-04-27
Semser,16,2018-07-25
Semser,14,2018-07-25
Semser,16,2018-07-25
Semser,14,2018-07-25
Semser,15,2018-07-25
Semser,15,2018-07-25
Semser,17,2018-07-25
Tetengo,16,2018-06-21
Tetengo,14,2018-06-21
Tetengo,18,2018-06-21
Tetengo,16,2018-06-21
Tetengo,13,2018-06-21
Tetengo,16,2018-06-21
Tetengo,13,2018-06-21
Tetengo,15,2018-06-21
Tetengo,16,2018-06-21
Rob Stepwart,17,2018-11-27
Rob Stepwart,14,2018-11-27
Rob Stepwart,14,2018-11-27
Rob Stepwart,13,2018-11-27
Rob Stepwart,13,2018-11-27
Rob Stepwart,13,2018-11-27
Rob Stepwart,15,2018-11-27
Rob Stepwart,14,2018-11-27
Rob Stepwart,14,2018-11-27
Rob Stepwart,14,2018-11-27
Rob Stepwart,15,2018-11-27
Rob Stepwart,15,2018-11-27
Rob Stepwart,13,2018-11-27
Rob Stepwart,15,2018-11-27
Rob Stepwart,13,2018-11-27
Rob Stepwart,15,2018-11-27
Rob Stepwart,13,2018-11-27
Rob Stepwart,13,2018-11-27
Rob Stepwart,13,2018-11-27
Rob Stepwart,15,2018-11-27
Croma,21,2018-12-30
Chris Goldarg,17,2019-01-27
Chris Goldarg,18,2019-01-27
Chris Goldarg,16,2019-01-27
Chris Goldarg,16,2019-01-27
Chris Goldarg,14,2019-01-27
Chris Goldarg,17,2019-01-27
Chris Goldarg,15,2019-01-27
Chris Goldarg,15,2019-01-27
Chris Goldarg,17,2019-01-27
Chris Goldarg,19,2019-01-27
Sovieti,0,2019-02-01
Dj Electrocimatic,19,2019-03-10
Dj Electrocimatic,19,2019-03-10
Dj Electrocimatic,18,2019-03-10
Dj Electrocimatic,17,2019-03-10
Dj Electrocimatic,17,2019-03-10
Dj Electrocimatic,20,2019-03-10
Tetengo,17,2019-03-27
Tetengo,14,2019-03-27
Tetengo,19,2019-03-27
Tetengo,20,2019-03-27
Daemus Moon,20,2019-04-28
Daemus Moon,19,2019-04-28
Daemus Moon,16,2019-04-28
Daemus Moon,15,2019-04-28
Daemus Moon,17,2019-04-28
Daemus Moon,19,2019-04-28
Daemus Moon,19,2019-04-28
Almanij,22,2019-05-17
Almanij,22,2019-05-17
Buzz&Fuxx,22,2019-05-24
Buzz&Fuxx,22,2019-05-24
Kalerous,15,2019-06-09
Kalerous,14,2019-06-09
Lucky Luke,55,2017-11-28
Lucky Luke,62,2017-09-18
Lucky Luke,16,2018-01-31
Infinity Ink,48,2012-12-07
Dynoro,66,2018-01-17
Ed Marquis,64,2017-04-28
Miscris,54,2017-12-13
Lucky Luke,46,2017-10-15
KVSH,66,2017-03-13
Gaullin,51,2017-10-12
Miscris,49,2017-11-07
Dwin,59,2017-09-04
Lucky Luke,49,2017-01-15
Dwin,59,2018-02-03
Dirty Rush & Gregor Es,3,2017-11-17
Holl & Rush,1,2017-09-11
Rompasso,1,2017-08-16
Chocolate Puma,47,2017-02-17
David Guetta,72,2018-02-22
Rune RK,60,2014-10-27
Gaullin,65,2018-02-07
Our Psych,1,2017-01-30
Lucky Luke,60,2018-04-06
Dwin,53,2018-01-07
Cat Dealers,52,2017-07-19
TRFN,57,2018-05-17
Kaan Pars,37,2018-01-14
Pep & Rash,0,2017-06-12
Tchami,57,2015-03-17
Two Figures,39,2017-02-24
Merk & Kremont,4,2017-12-29
Dynoro,84,2018-06-08
Toby Green,2,2017-07-18
Toby Green,47,2016-05-16
Dynoro,50,2017-02-24
DR. KUCHO!,57,2005
Martin Vide,52,2018-03-30
Bougenvilla,0,2017-04-03
Lucas & Steve,55,2017-07-03
Uplink,28,2017-03-24
Jonas Aden,1,2016-03-23
Gaullin,43,2017-12-05
LTGTR,45,2017-03-30
Linas Music,42,2017-11-30
Gaullin,39,2018-03-14
Dwin,48,2018-03-29
Jack Wins,0,2017-10-23
Aneesh Chengappa,0,2017-09-28
Gaullin,5,2018-06-16
Kaan Pars,41,2018-05-17
Dirty Rush & Gregor Es,36,2016-08-19
Paige,0,2018-06-15
Vato Gonzalez,40,2018-07-13
Zonderling,2,2018-07-06
Firebeatz,28,2018-06-01
Chester Young,0,2018-05-04
VIZE,68,2018-06-15
Angelika Vee,54,2017-06-02
Vice,30,2016-01-15
Dillon Reed,46,2018-03-14
Kaan Pars,33,2018-02-02
Lucky Luke,56,2018-07-12
Falco,32,2018-04-10
Lucky Luke,55,2018-06-07
LTGTR,41,2018-05-14
Gaullin,57,2018-05-09
Nu Aspect,45,2017-03-03
Liu,36,2018-08-24
Luke ST,37,2018-09-05
Manuel Costa,32,2018-09-28
Lucky Luke,62,2018-09-21
Mike Candys,54,2018-09-28
Aivarask,39,2018-05-10
Dubdogz,55,2018-11-16
TRFN,47,2018-10-10
Hot Light,49,2016-10-26
Dirty Rush & Gregor Es,1,2018-11-16
Kaan Pars,47,2018-03-03
Lucky Luke,45,2018-08-01
Lucky Luke,59,2018-08-06
Kaan Pars,48,2018-06-09
Croatia Squad,41,2016-10-17
Tom Novy,62,2017-07-28
The First Station,0,2018-04-06
Sam Collins,46,2015-06-19
Kaan Pars,38,2018-01-20
Marshmello,58,2018-04-06
Ilkay Sencan,54,2018-07-06
Kaan Pars,33,2018-11-29
CØDE,43,2018-02-14
Sofi Tukker,25,2018-08-10
Dubdogz,60,2016-10-10
TRFN,56,2018-12-28
LIUFO,0,2018-12-26
Deepmaniak,24,2015-12-15
SLORAX,44,2018-12-21
Erd1,46,2019-01-08
Hardwell,58,2019-10-18
David Guetta,72,2018-02-22
Ryos,44,2020-01-10
Sick Individuals,49,2020-01-08
NDR8,34,2020-01-10
KAAZE,47,2019-12-25
Hardwell,63,2019-11-22
ARMNHMR,38,2020-01-17
KAAZE,45,2019-12-13
Blackcode,39,2019-12-18
Sick Individuals,53,2019-12-06
Corx,21,2020-01-10
KAAZE,51,2019-11-01
Sandro Silva,31,2019-12-04
KAAZE,53,2019-12-06
BonRen,24,2020-01-10
RMCM,34,2019-12-11
Maddix,42,2019-11-29
Olly James,38,2019-11-20
Tim Hox,37,2019-12-13
Jimmy Clash,37,2019-11-27
Saint Punk,37,2019-12-06
Jaz Dhami,45,2019-12-06
Sammy Boyle,31,2019-11-29
MR.BLACK,38,2019-11-15
Dada Life,38,2019-11-08
Hardwell,67,2018-08-17
Maddix,32,2019-12-13
Rob & Jack,55,2019-10-11
Marc Joef,34,2019-11-15
Wyko,24,2019-11-08
Maddix,39,2019-09-20
Teamworx,32,2019-10-30
Crossnaders,37,2019-11-13
KAAZE,32,2019-12-10
Reggio,30,2019-10-09
Ryos,40,2019-10-16
Maski & Banga,28,2019-11-22
D3FAI,24,2019-10-11
KAAZE,42,2019-10-04
BROMYGO,26,2019-11-08
Dannic,53,2019-08-23
Olly James,43,2019-08-21
Justin Prime,26,2019-08-23
Curbi,47,2019-11-15
Luca Testa,30,2019-08-14
Hardwell,57,2018-07-13
Matisse & Sadko,50,2019-09-13
RetroVision,53,2019-09-27
SWACQ,44,2019-07-03
Thomas Gold,39,2019-07-26
Sick Individuals,48,2019-07-05
Dave Garnier,23,2019-10-25
MR.BLACK,28,2019-07-17
Daffy Muffin,29,2019-06-12
Julian Jordan,32,2019-08-14
Carta,29,2019-09-13
Futuristic Polar Bears,36,2019-10-18
MR.BLACK,46,2019-06-07
PURARI,38,2019-06-05
Jones & Brock,32,2019-08-30
Kill The Buzz,38,2019-05-29
Swanky Tunes,33,2019-09-20
KSHMR,61,2019-05-24
Syzz,27,2019-05-22
KAAZE,33,2019-05-17
Rob & Jack,32,2019-05-15
Jack & James,40,2019-05-10
Justin Prime,30,2019-05-01
Thomas Gold,31,2019-04-17
Funk Machine,25,2019-04-12
SaberZ,30,2019-04-10
Ryos,33,2019-02-20
KAAZE,39,2019-04-05
Sick Individuals,55,2019-03-29
Sick Individuals,49,2019-03-15
KRISM,32,2019-02-22
Dave Mak,20,2019-02-22
Swede Dreams,20,2019-02-08
VITIZE,31,2019-02-01
Kevu,21,2019-02-01
H2HB,17,2019-01-25
KaZo,15,2019-01-18
Jaycen A'mour,38,2019-01-11
Widemode,36,2019-01-04
NAEMS,19,2018-12-14
Winning Team,22,2018-12-14
NAEMS,18,2018-12-07
Latwer,17,2018-11-30
RudeLies,19,2018-11-30
FineRefined,16,2018-11-23
Krimsonn,17,2018-11-16
Castion,17,2018-11-16
Artin,19,2018-11-02
SpinRox,18,2018-10-26
Tom Crusher,17,2018-10-19
MADDOW,17,2018-10-19
Andrew Belize,18,2018-10-12
LoaX,19,2018-10-12
Stormerz,29,2018-10-05
Hardwell,58,2018-01-22
Carnage,48,2015-10-30
Andrew Sound,30,2019-12-06
Afrojack,40,2014-08-27
Seth Hills,29,2018-12-10
W&W,62,2019-05-17
Dimitri Vegas & Like Mike,55,2017-06-02
Timmy Trumpet,61,2018-09-28
Dimitri Vegas & Like Mike,66,2018-07-20
Maddix,46,2018-11-09
Tiësto,65,2015-09-14
Rune RK,60,2014-10-27
Sansixto,20,2018-03-16
Kura,25,2017-06-26
Dr Phunk,45,2019-01-25
Bassjackers,38,2015-02-16
MR.BLACK,25,2019-01-30
VINAI,47,2015-08-03
R3SPAWN,34,2019-07-19
Funk Machine,35,2019-04-12
Quintino,38,2014-10-13
R3HAB,57,2014-08-15
Tujamo,69,2016-04-01
Firebeatz,54,2014-09-05
Steve Aoki,66,2018-03-23
Matt Watkins,23,2018-03-16
Ummet Ozcan,44,2014-11-21
Bassjackers,49,2014-10-31
R3HAB,58,2015-11-06
DVBBS,57,2014-12-08
Borgeous,41,2014-12-08
Steven Vegas,21,2018-11-12
Awaker,20,2019-11-22
Thyse,16,2019-11-15
The Golden Army,23,2019-11-15
Crowd,28,2019-11-08
Bigenesis,26,2019-11-08
Hellblasterz,20,2019-11-01
Agus Zack,35,2019-10-25
Bounce Inc.,27,2019-10-18
Shadw,21,2019-10-04
CAMO,15,2019-10-04
Joey Antonelli,23,2019-09-27
Jenil,19,2019-09-20
Marnage,27,2019-09-13
Oliver Wade,19,2019-09-13
Kevu,22,2019-09-06
Zinko,16,2019-08-23
NO-ONE,20,2019-08-09
Oskah,15,2019-08-02
Kevu,16,2019-08-02
Sebastian Mateo,21,2019-07-12
L3N,19,2019-07-12
Bora,12,2019-07-05
Siks,11,2019-07-05
LMNTRX,16,2019-07-05
PØP CULTUR,18,2019-06-28
Stayer,18,2019-06-21
Boothed,17,2019-06-21
Mutiny,11,2019-06-14
Deekey,22,2019-06-14
Sebastian Mateo,13,2019-06-07
NAEMS,23,2019-06-07
MRKIZ,11,2019-05-31
Siks,22,2019-05-31
TBR,19,2019-04-12
LMNTRX,12,2019-04-05
Jack & James,20,2019-04-05
W&W,23,2016-10-31
Dimitri Vegas & Like Mike,45,2015-05-04
Hardwell,43,2016-04-11
Dimitri Vegas & Like Mike,58,2014-07-01
Dimitri Vegas & Like Mike,40,2016-02-29
W&W,0,2015-09-07
W&W,34,2015-11-20
W&W,36,2014-05-05
Headhunterz,18,2014-11-11
Dimitri Vegas & Like Mike,2,2015-02-13
"Dimitri Vegas, Moguai & Like Mike",31,2015-02-01
Dimitri Vegas & Like Mike,2,2013-10-14
Dimitri Vegas & Like Mike,0,2013-09-16
Armin van Buuren,26,2016-01-18
W&W,36,2015-06-15
W&W,9,2014-09-23
W&W,41,2014-02-24
W&W,46,2013-06-03
Armin van Buuren,33,2013-05-03
W&W,36,2013-03-29
Armin van Buuren,23,2013-03-11
W&W,28,2012-12-17
W&W,29,2012-08-06
Hardwell,53,2015-09-14
W&W,56,2016-07-11
Hardwell,46,2016-03-04
Hardwell,34,2014-08-08
Martin Garrix,66,2015-03-17
Martin Garrix,5,2015-02-23
Martin Garrix,2,2016-05-27
Martin Garrix,50,2015-12-11
Martin Garrix,2,2015-07-27
Martin Garrix,4,2015-07-27
Martin Garrix,3,2014-10-27
Sander van Doorn,37,2014-10-19
Martin Garrix,42,2014-07-01
Martin Garrix,36,2014-07-01
Martin Garrix,0,2013-03-18
Julian Jordan,0,2012-11-12
Martin Garrix,0,2013-01-01
Blasterjaxx,0,2016-10-03
Tiësto,65,2015-04-03
KSHMR,5,2016-04-08
KSHMR,2,2015-12-25
KSHMR,0,2015-06-29
R3HAB,2,2014-12-29
KSHMR,25,2014-10-06
KSHMR,2,2015-09-11
KSHMR,0,2016-11-18
KSHMR,0,2014-03-10
KSHMR,0,2015-02-09
Showtek,1,2014-01-13
Showtek,47,2016-08-12
David Guetta,51,2014-11-24
Major Lazer,51,2016-09-30
David Guetta,59,2014-01-27
DVBBS,0,2015-03-16
Carnage,45,2015-07-10
Bass Modulators,25,2016-10-10
The Chainsmokers,58,2016-05-27
Axwell /\ Ingrosso,36,2015-08-28
Sander van Doorn,49,2014-07-01
Headhunterz,1,2016-06-27
R3HAB,1,2015-11-27
KSHMR,0,2016-12-26
Tiësto,11,2015-09-14
Headhunterz,23,2015-03-27
Headhunterz,1,2015-06-08
DVBBS,3,2014-04-28
Dzeko & Torres,13,2015-09-22
Yellow Claw,0,2014-12-15
Hardwell,22,2015-07-31
W&W,51,2016-04-03
Bassjackers,0,2016-03-25
Headhunterz,2,2016-05-09
Dimitri Vegas & Like Mike,46,2016-06-10
W&W,44,2016-10-31
Hardwell,20,2015-01-09
Hardwell,17,2015-12-04
Sidney Samson & Martin Garrix,0,2013-03-05
Afrojack,1,2014-08-27
Martin Garrix,2,2014-03-10
Showtek,0,2013-09-02
Bassjackers,37,2015-11-06
Dbstf,0,2015-04-20
JDG,0,2015-08-17
Jay Hardway,0,2015-07-10
Calvin Harris,48,2015-03-16
Martin Garrix,30,2013-01-01
Bassjackers,1,2014-10-31
DVBBS,1,2014-12-08
R3HAB,31,2014-04-07
Deorro,63,2014-10-14
Deorro,0,2014-05-27
New World Sound,0,2013-11-29
Andrew Rayel,31,2016-08-11
twoloud,0,2015-05-04
Rick Mitchells,16,2016-08-01
Wildstylez,22,2015-05-25
W&W,46,2015-06-29
Colin Cooper,18,2019-09-13
Topic,36,2019-04-12
Colin Cooper,41,2019-07-19
Martin Garrix,68,2019-03-31
Seth Hills,38,2019-04-11
Julian Jordan,37,2019-03-07
TV Noise,38,2019-02-01
Curbi,37,2019-04-01
Martin Garrix,52,2018-12-07
David Guetta,76,2019-02-08
Jewelz & Sparks,35,2019-04-05
Don Diablo,57,2019-03-29
Armin van Buuren,45,2019-04-05
Armin van Buuren,51,2019-03-15
W&W,39,2019-03-25
NOTD,21,2019-03-08
Da Hool,44,2019-03-29
BROHUG,39,2019-02-01
Tchami,54,2019-03-25
twoloud,34,2016-06-24
Tiësto,44,2019-03-29
Tiësto,1,2019-04-05
Holl & Rush,0,2019-03-29
Gryffin,38,2017-07-21
Moguai,13,2017-08-18
Jonas Aden,3,2019-02-01
Zedd,49,2019-03-22
Hardwell,38,2019-03-08
Dog Blood,1,2019-03-29
Merk & Kremont,50,2019-04-05
Jay Hardway,45,2019-04-08
Mike Cervello,34,2019-04-01
RudeLies,31,2019-03-29
Calvin Harris,63,2019-04-05
Fedde Le Grand,64,2019-02-08
TV Noise,50,2019-02-27
Blinders,42,2019-03-08
Laidback Luke,29,2019-01-11
Alok,61,2019-02-01
Bassjackers,48,2019-03-18
twoloud,31,2019-03-22
Manse,44,2019-03-20
Chico Rose,16,2019-03-22
DubVision,9,2019-04-05
Lucas & Steve,62,2019-03-18
Deniz Koyu,36,2019-03-11
Garmiani,45,2019-03-11
Salvatore Ganacci,48,2019-03-29
Tujamo,62,2019-02-22
Jordan Jay,40,2019-02-08
Tiësto,13,2018-10-26
MEDUZA,91,2019-10-11
YNKKX,17,2019-06-21
Lost Chameleon,19,2019-04-26
Brodi,14,2019-05-03
Avicii,70,2019-08-23
Deep Chills,40,2019-07-05
Martin Garrix,69,2019-12-31
Jay Fox,34,2018-12-21
K-391,78,2019-08-30
Desert Minds,22,2019-04-19
Pete Kingsman,23,2019-04-05
Brodi,14,2019-02-22
Ingenia,29,2016-07-07
Bespoke Dude,30,2019-03-08
Nate VanDeusen,29,2019-05-03
Alesso,69,2019-09-06
NERVO,60,2020-01-03
The Him,49,2019-03-01
Chris Viviano,34,2018-11-09
Nate VanDeusen,37,2019-03-22
Pete Kingsman,30,2018-12-14
Pards,28,2019-05-03
Cat Dealers,57,2020-01-10
Ingenia,12,2014-09-17
Deep Chills,24,2018-11-02
FIXL,47,2020-01-10
The Him,51,2018-03-16
Duke Dumont,54,2020-01-17
The Him,56,2017-11-24
Martin Garrix,77,2018-07-29
Armin van Buuren,65,2019-07-12
Kygo,66,2019-07-05
Aaron Smith,84,2014-11-07
Deep Chills,37,2018-09-21
Dubdogz,58,2019-11-22
Groove Delight,62,2019-09-27
The Him,44,2018-08-03
STLN,33,2020-01-10
Sofia Carson,52,2019-12-13
Ed Sheeran,66,2019-07-11
Zara Larsson,70,2019-07-05
Pete Kingsman,29,2018-10-12
Lewis Capaldi,70,2019-09-27
Kehele Keff,39,2019-11-08
Daniel Diazz,9,2015-10-23
Pete Kingsman,32,2018-07-20
Ingenia,15,2015-09-30
Blasterjaxx,52,2019-12-13
Quintino,47,2019-10-11
Dimitri Vangelis & Wyman,62,2019-06-14
Ummet Ozcan,52,2019-10-25
Olly James,39,2020-01-10
Tiësto,46,2019-03-22
Marnik,57,2020-01-03
Galantis,46,2019-11-22
Quintino,49,2019-04-22
Yves V,39,2019-12-09
Tujamo,69,2019-09-13
Zedd,50,2020-01-03
Blasterjaxx,53,2019-11-08
Lucas & Steve,59,2019-11-29
Wasback,30,2019-11-22
Marc Benjamin,35,2020-01-13
Justin Mylo,41,2019-08-16
Dimitri Vegas & Like Mike,64,2019-09-13
Tujamo,60,2019-11-29
Kura,59,2019-06-10
ANG,31,2019-09-27
Hardwell,57,2019-07-19
Bassjackers,47,2019-11-22
bad nelson,22,2019-10-04
Averdeck,33,2019-11-22
Bassjackers,42,2019-09-30
Quintino,23,2019-10-07
Magnificence,58,2019-10-25
Stoltenhoff,34,2019-08-05
Blasterjaxx,42,2019-06-21
Kura,33,2019-09-02
Bassjackers,50,2019-07-22
Blasterjaxx,39,2019-06-28
John Christian,52,2019-05-03
Tommie Sunshine,55,2019-07-26
Blasterjaxx,53,2019-06-14
Antoine Delvig,31,2019-12-06
Kevu,34,2019-08-30
Jasted,32,2019-10-25
Blasterjaxx,59,2019-04-19
Ummet Ozcan,47,2019-08-30
Olly James,42,2019-07-12
MGM,22,2019-07-15
Blasterjaxx,31,2019-03-22
Jay Hardway,43,2019-06-03
Alok,56,2019-08-09
Trobi,36,2019-05-27
Tiësto,60,2019-03-15
Jay Hardway,41,2019-02-08
Dimitri Vegas & Like Mike,57,2015-02-13
R3HAB,0,2014-12-29
Borgore,55,2014-04-28
Ummet Ozcan,46,2014-04-14
Firebeatz,47,2015-05-22
Dimitri Vegas & Like Mike,55,2013-03-19
DVBBS,59,2013-09-02
Bassjackers,56,2015-04-28
R3HAB,0,2014-08-15
Dimitri Vegas & Like Mike,2,2017-06-02
Borgeous,42,2014-09-08
DVBBS,44,2015-08-17
Jay Hardway,51,2015-11-13
R3HAB,50,2015-06-12
Quintino,0,2014-10-13
Laidback Luke,45,2013-07-26
DVBBS,44,2015-03-16
VINAI,36,2015-05-04
DJ Isaac,0,2015-08-31
Quintino,44,2016-01-01
Bassjackers,58,2016-08-19
Blasterjaxx,41,2015-12-11
Tony Junior,0,2016-07-11
Blasterjaxx,40,2014-02-17
Ibranovski,31,2014-02-03
Alvaro,0,2015-04-13
Tony Junior,31,2015-07-06
twoloud,48,2015-10-09
Firebeatz,31,2015-01-12
twoloud,40,2014-04-28
twoloud,35,2015-05-04
Headhunterz,39,2015-12-14
Dimitri Vegas & Like Mike,56,2017-10-25
W&W,44,2016-07-11
W&W,51,2018-04-09
W&W,51,2015-03-16
Dimitri Vegas & Like Mike,45,2015-05-08
Ummet Ozcan,45,2018-03-19
Bassjackers,29,2016-06-10
Blasterjaxx,0,2015-07-17
Hardwell,5,2017-09-22
Hardwell,58,2012-05-18
Blasterjaxx,3,2017-11-13
Blasterjaxx,41,2018-01-15
Blasterjaxx,22,2016-09-19
Hardwell,24,2016-08-29
Sick Individuals,19,2016-04-08
Dbstf,27,2016-04-07
TWIIG,21,2017-07-06
TWIIG,25,2016-12-12
TWIIG,23,2016-06-13
Maurice West,55,2018-02-26
Maurice West,27,2017-02-06
Kenneth G,18,2016-01-29
Maestro Harrell,28,2016-04-11
KSHMR,46,2017-07-21
Dzeko & Torres,0,2015-02-16
Julian Jordan,10,2016-04-18
DVBBS,36,2014-10-03
Joey Dale,35,2017-03-27
Hardwell,37,2015-01-23
Hardwell,30,2015-01-23
Hardwell,26,2015-01-23
Hardwell,29,2015-01-23
Sash!,5,2016-02-05
Pitchback,23,2016-06-17
Pitchback,10,2016-10-24
VINAI,34,2016-04-01
TWIIG,26,2017-03-13
Maestro Harrell,32,2015-10-26
Blasterjaxx,43,2016-04-08
NWYR,38,2017-06-12
R3HAB,52,2015-11-27
Blasterjaxx,42,2016-11-21
Bassjackers,0,2017-12-08
Blasterjaxx,38,2016-12-30
Kill The Buzz,30,2017-01-02
Garmiani,1,2016-02-19
Martin Garrix,43,2015-02-13
Afrojack,37,2014-10-20
Martin Garrix,38,2013-12-16
Martin Garrix,53,2014-03-10
DVBBS,43,2014-03-31
Borgeous,38,2014-11-07
J Balvin,34,2017-11-10
Steve Aoki,5,2018-03-23
Sultan + Shepard,1,2019-08-30
Regard,8,2019-11-22
The Chainsmokers,85,2019-12-06
Regard,94,2019-07-26
Loud Luxury,30,2019-10-04
Lost Frequencies,49,2019-10-04
The Black Eyed Peas,63,2019-12-20
Sam Feldt,70,2020-01-10
Don Diablo,51,2019-11-28
Armin van Buuren,8,2020-01-17
Nea,63,2020-01-10
Alan Walker,85,2019-12-27
Famba,35,2019-08-30
Martin Garrix,83,2019-10-31
R3HAB,70,2019-11-15
Madeon,60,2019-11-15
Armin van Buuren,38,2019-10-25
Sigala,57,2019-12-13
Franky Wah,58,2019-12-06
Rence,43,2019-11-22
Midnight Kids,54,2019-12-10
Brando,40,2020-01-10
Amtrac,58,2020-01-03
Lost Kings,45,2019-10-25
Josef Salvat,36,2019-12-12
Addal,57,2019-11-08
Sigala,76,2019-11-01
Franky Wah,42,2019-11-22
AZTX,30,2019-12-06
CamelPhat,68,2019-11-08
Amtrac,46,2019-12-13
Digital Farm Animals,36,2019-11-01
Meghan Trainor,43,2019-11-22
Cosmo's Midnight,58,2019-11-22
Dom Dolla,45,2019-11-15
Gaullin,69,2019-11-01
The Chainsmokers,66,2019-11-08
BTS,66,2019-11-01
SAINt JHN,88,2019-10-09
Starley,27,2019-11-15
"Tyler, The Creator",57,2019-10-04
AJ Mitchell,70,2019-10-25
Tom Walker,45,2019-10-03
Captain Cuts,30,2019-10-11
Kygo,87,2019-06-28
Pabllo Vittar,53,2019-10-31
Labrinth,37,2019-10-11
CamelPhat,66,2019-06-04
Céline Dion,39,2019-06-28
French Braids,16,2019-10-18
P!nk,52,2019-10-11
Dimitri Vegas & Like Mike,63,2019-10-04
GASHI,63,2019-08-28
Hardwell,15,2019-10-04
Gesaffelstein,43,2019-10-04
Anti Up,46,2018-06-29
Marshmello,66,2019-08-09
Ryan Shepherd,29,2019-08-30
Hellberg,52,2019-08-23
laye,32,2018-07-27
Famba,36,2019-06-07
Loud Luxury,53,2019-03-29
Nath Jennings,17,2020-01-17
Olympis,36,2020-01-17
Medon,54,2019-12-27
BONIK,34,2020-01-10
Theis EZ,35,2020-01-10
Hallasen,40,2019-12-27
Bisken,46,2019-10-25
Mike Emilio,52,2017-02-23
Helion,46,2019-12-13
J-ZAID,24,2019-12-20
Michael Blunt,49,2019-11-15
Vikström,36,2019-06-07
Hallasen,33,2020-01-03
Kaan Pars,47,2019-12-27
Martin Hygard,15,2019-12-17
Medon,46,2019-12-20
Trevor Omoto,50,2020-01-03
Paul Kold,45,2019-12-27
Mike L,32,2019-12-13
Dirty Palm,52,2019-12-13
TRFN,48,2019-12-13
Alfons,42,2019-10-31
Vhask,21,2019-12-13
Helion,33,2019-11-08
W&W,62,2019-11-11
Olympis,67,2019-11-01
Mike Gudmann,31,2019-12-06
Max Fail,44,2019-12-06
Sugar,30,2019-11-15
BIMONTE,36,2019-11-22
Olympis,44,2019-12-06
Roldan Law,24,2019-12-06
Mike Gudmann,28,2019-11-22
L1ND,23,2019-12-06
Contiez,30,2019-12-06
Dark Culture,18,2019-12-06
DeejaVu,21,2019-11-22
IBIA,33,2019-11-19
EMADUS,40,2019-11-22
DeejaVu,20,2019-11-29
Dewo,38,2019-11-08
Olympis,44,2019-11-29
Marnik,66,2019-11-15
Felix Jaehn,79,2019-11-22
NERVO,64,2019-11-01
Fella,47,2019-11-14
Hugh Graham,20,2019-11-19
Mike Gudmann,27,2019-10-11
who.am.i,37,2019-11-06
Treyy G,29,2019-11-22
Jerome,77,2019-05-10
Contiez,28,2019-11-15
Martin Mix,31,2019-11-07
Martin Fritzon,22,2019-11-15
LUM!X,77,2019-04-19
KSHMR,51,2019-10-28
Vikström,20,2019-10-11
Deorro,49,2017-03-03
R3HAB,50,2019-10-18
Showtek,39,2019-11-08
Hallasen,35,2019-10-11
The Cousins,36,2019-11-08
Rushin',36,2019-10-04
Mike Gudmann,25,2019-11-01
Hugh Graham,22,2019-10-30
Helion,28,2019-10-18
Bayza,24,2019-10-25
Vettafaen,21,2019-10-25
KSHMR,62,2019-10-11
Andwell,20,2019-10-18
Nath Jennings,25,2019-10-11
Theis EZ,22,2019-10-11
Vinsand,18,2019-10-25
Christian Wedvik,31,2019-10-04
Vikström,21,2019-10-18
MARKZ,27,2019-10-18
Helion,29,2019-10-04
HBz,34,2019-10-04
Adryx-G,28,2019-09-27
Woof Logik,32,2019-09-26
K3L,29,2019-10-04
Fremmed,32,2019-10-09
Alfons,38,2019-10-04
Helion,40,2019-09-27
Impulz,23,2019-09-27
Azerkd,18,2019-09-27
Theis EZ,42,2019-09-20
Nonni,19,2019-09-27
EADWINE,18,2019-09-27
Vikström,30,2019-09-20
Helion,44,2019-09-06
Vikström,23,2019-09-06
Adryx-G,40,2019-09-20
Vikström,24,2019-09-13
Edvin & Tim,35,2019-09-12
A Billion Robots,34,2019-09-13
Mike Gudmann,38,2019-09-06
R3HAB,62,2019-08-02
Alfons,44,2019-07-19
Bill Conti,4,2006-12-12
Eminem,83,2002-05-26
Cypress Hill,60,2000-04-25
Godsmack,52,2007-01-01
JAY-Z,9,2011-08-08
2 Chainz,59,2013-01-01
Fall Out Boy,68,2013-01-01
Drake,2,2009-01-01
Fort Minor,51,2005-10-04
LL Cool J,42,1996-01-01
Papa Roach,0,2012-10-02
Boys Noize,0,2012-10-05
DJ Khaled,62,2010-02-03
Kendrick Lamar,67,2012
Linkin Park,69,2003-03-24
Meek Mill,65,2011-05-23
Tyga,47,2012-01-01
Trick Daddy,65,2004-10-26
Kanye West,75,2013-01-01
Pusha T,0,2014-03-14
Jayden Vega,38,2020-01-10
Djumpers,15,2019-12-02
Justin Hau,15,2019-11-30
Knife Party,49,2019-11-01
MACHADO,17,2019-11-25
Sandro Silva,43,2019-11-25
Subliminals,21,2019-11-29
Bassjackers,36,2019-11-22
OverLine,16,2019-11-17
Wolfpack,41,2019-11-15
Gaspar,14,2019-11-20
VSNS,29,2019-11-19
TBR,25,2019-11-22
Jetty Rachers,24,2019-11-01
VINO,20,2019-11-15
BreakdeX,10,2019-10-30
Firetek,28,2019-11-08
Sequenza,40,2019-05-10
SIZE-S,11,2019-10-20
Pantac,21,2019-11-08
SHKHR,9,2019-11-01
Kaotix,16,2019-09-16
Sunministers,7,2019-09-27
Thyse,7,2019-10-07
SMH,9,2019-10-07
Emre Cizmeci,14,2019-10-15
NAEMS,18,2019-10-11
Luke Bond,36,2019-10-04
YudaSibu,11,2019-09-30
SaberZ,30,2019-10-11
M3:LO,9,2019-10-18
THRML,12,2019-10-18
Loreno Mayer,17,2019-10-04
Ragunde,18,2019-10-11
SOROUSH YARAHMADI,9,2019-10-07
Maurice West,38,2019-10-03
Skarleth,14,2019-08-02
Shadw,9,2019-08-26
NIVIRO,11,2019-08-23
Dimitri Vegas & Like Mike,49,2019-08-30
Itsmylife,9,2019-08-01
NAEMS,13,2019-08-09
Jenil,10,2019-08-23
Dimitri Vegas & Like Mike,58,2019-08-30
Sharp Man,9,2019-08-27
TBR,18,2019-08-08
Bullistik,24,2019-12-06
Michael June,13,2019-12-20
Hardwell,58,2018-06-22
Hardwell,54,2016-10-14
Alpharock,0,2015-06-26
Tiësto,0,2016-03-28
Tiësto,2,2015-12-28
R3HAB,3,2015-11-06
EDEN,42,2015-10-12
Florence + The Machine,0,2015-11-27
Hardwell,10,2016-01-05
The Chainsmokers,3,2016-04-15
Headhunterz,13,2016-03-04
Disco Fries,43,2016-02-26
Disco Killerz,28,2016-05-09
Steve Aoki,33,2015-05-11
Armin van Buuren,23,2015-06-19
Quintino,0,2015-07-03
Avicii,0,2015-07-10
Blasterjaxx,40,2015-01-16
Manse,31,2015-06-19
Dotan,0,2015-05-18
Kaskade,0,2014-11-03
Zedd,0,2015-06-16
Hardwell,0,2015-01-09
Sander van Doorn,0,2014-09-22
Tom Swoon,0,2014-09-22
MOTi,0,2014-12-01
Dimitri Vangelis & Wyman,1,2014-04-21
Afrojack,0,2014-01-01
twoloud,0,2014-09-29
Michael Brun,0,2014-09-15
Dimitri Vegas & Like Mike,0,2014-09-15
MOTi,0,2014-09-22
Mysto & Pizzi,9,2014-01-05
Galantis,44,2014-02-18
Sandro Silva,27,2014-08-04
Martin Garrix,0,2014-10-27
DVBBS,0,2014-10-03
DubVision,0,2014-10-06
Maor Levi,0,2014-10-06
Ziggy,0,2014-01-13
KSHMR,0,2014-10-06
Chardy,6,2014-05-22
Rank 1,0,2014-09-22
Dillon Francis,10,2014-11-10
Rune RK,3,2014-10-27
Axwell /\ Ingrosso,4,2015-01-20
Thomas Gold,31,2014-10-20
John Dahlbäck,0,2014-10-20
New World Punx,0,2014-10-13
Quintino,0,2014-10-13
Charli XCX,26,2014-10-10
Jenaux,8,2014-11-03
Kid Kenobi,13,2014-10-06
Mark Sixma,11,2014-12-01
Borgeous,0,2014-12-08
Ummet Ozcan,0,2014-11-10
Joachim Garraud,0,2014-12-02
Nugnes,0,2014-07-30
Blasterjaxx,30,2013
Third Party,0,2014-05-27
Bassjackers,22,2014-06-27
Sander van Doorn,0,2014-02-10
Alesso,10,2014-09-15
Porter Robinson,0,2014-07-15
Hardwell,29,2013-11-15
Hardwell,22,2014-07-21
Tiësto,0,2014-06-06
Galavant,19,2014-06-09
MAKJ,0,2014-08-04
Congorock,0,2014-01-20
Kosinus,11,2013-09-06
Deorro,41,2014-06-23
Hard Rock Sofa,0,2013-12-09
Ton! Dyson,4,2013-10-28
Dyro,14,2014-07-28
Dimitri Vegas & Like Mike,19,2014-08-04
Armin van Buuren,27,2014-04-14
Arston,0,2014-08-25
Armin van Buuren,24,2014-06-27
Hardwell,23,2014-06-27
R3HAB,0,2014-07-11
Armin van Buuren,17,2013-05-03
Dimitri Vegas & Like Mike,0,2014-05-05
Dimitri Vegas & Like Mike,25,2014-03-16
Swanky Tunes,0,2014-04-21
Firebeatz,1,2014-09-05
Nugnes,0,2014-07-26
Tiësto,0,2013-11-04
Tom Swoon,6,2013-08-06
Steve Aoki,0,2013-10-15
Steve Angello,0,2013-08-26
Starkillers,0,2013-07-29
John Christian,24,2013-11-11
David Guetta,36,2014-07-21
DVBBS,0,2014-01-27
Linkin Park,0,2014-01-21
Klaas,62,2020-01-03
Yves V,66,2020-01-03
Perfect Pitch,13,2020-01-17
Scooter,46,2019-12-20
Mad Crow,39,2019-11-15
Topic,75,2019-12-19
Thomas Gold,38,2019-12-11
Dimitri Vegas & Like Mike,71,2019-11-15
Marc Korn,39,2019-11-29
Newclaess,45,2019-12-20
Micast,43,2019-11-08
Regard,69,2019-11-01
Giorno,35,2019-12-13
Nicky Starr,41,2019-12-06
Armin van Buuren,52,2019-11-22
Monaco Trash Machine,40,2019-12-13
R3HAB,72,2019-10-25
Riton,86,2019-09-13
Gestört aber GeiL,44,2019-11-01
Semitoo,39,2019-11-01
Chris Night,36,2019-10-11
ZHU,61,2019-10-25
Steve Modana,46,2019-10-25
Global Deejays,41,2019-11-22
Tiësto,82,2019-09-20
Mr. Da-Nos,46,2019-11-22
Klaas,63,2019-10-04
Jonas Blue,42,2019-09-27
Giorgio Gee,35,2019-11-01
Felix & Dean,39,2019-11-01
Drenchill,63,2019-08-23
Eastblock Bitches,36,2019-10-25
Perfect Pitch,45,2019-08-23
VIZE,72,2019-05-03
Mashmex,36,2019-11-08
Flip Capella,34,2019-12-06
Arnold Palmer,38,2019-10-04
Felix Jaehn,67,2019-09-27
MEDUZA,77,2019-06-07
Topic,51,2019-09-20
Jonth,36,2019-09-20
Felix Jaehn,59,2019-08-23
Die Atzen,61,2019-07-26
KENO,34,2019-11-08
Klaas,50,2019-10-25
LUM!X,71,2019-08-16
Paul van Dyk,54,2019-09-16
Timmy Trumpet,69,2019-10-31
Neelix,56,2019-09-27
ZIGGY X,37,2019-10-11
Rocco,31,2019-09-27
Richard Durand,47,2019-09-20
Tiësto,56,2019-08-02
Chavano,43,2019-08-09
Da Tweekaz,50,2019-09-06
Avicii,68,2019-06-14
Scooter,65,2019-05-31
Cosmic Gate,29,2019-08-16
Klaas,53,2019-09-20
Harris & Ford,65,2019-05-03
Giorno,38,2019-08-16
Neelix,54,2019-07-05
Talla 2XLC,39,2019-06-14
Sound Of Legend,46,2019-05-17
Steve 80,37,2019-05-24
Showtek,8,2019-04-05
Sonera,33,2019-08-23
Rocco,37,2019-02-15
Drenchill,67,2018-11-09
Ultra Shock,20,2018-08-10
Future Trance United,11,2018-03-30
Swedish House Mafia,77,2012-09-14
DJs@Work,25,2002
general base,33,1995-08-07
Avicii,22,2011-01-01
Darude,57,1999
Jenil,36,2017-01-15
Jenil,36,2019-04-26
Jenil,34,2019-08-30
Chriilz,33,2019-06-21
Jenil,28,2019-08-16
Jenil,20,2019-07-03
LaCrème,20,2019-01-28
Tommy Mc,16,2020-01-10
Beat Dragons,34,2019-09-13
Catlea,41,2019-11-15
Catlea,35,2019-06-05
Roderic H,33,2020-01-10
Indigo Blue,19,2017-09-05
Indigo Blue,18,2017-07-27
Mama Cleo,27,2019-05-23
Tess Posner,37,2020-01-10
The Kemist,34,2019-12-06
ALESSIA RAISI,35,2019-11-01
YVR,26,2019-04-26
the engy,36,2019-10-30
Dallas,40,2019-12-20
Flylitegemini,29,2019-05-01
Cabela and Schmitt,33,2019-12-14
Carly and Martina,45,2019-12-13
Jake Kaiser,27,2019-12-19
The Gallerys,26,2019-11-22
RMA,42,2019-10-23
Landon Forbes,50,2019-12-13
Asher Knight,42,2019-10-04
Hellcutter,26,2019-11-15
Cabela and Schmitt,42,2017-10-06
CastNowski,34,2019-12-20
Joules,27,2019-11-22
Spectral Knight,22,2019-12-23
Oreez,18,2019-11-16
Nelson Leeroy,22,2020-01-10
Alex Zind,52,2019-12-20
Cabela and Schmitt,44,2019-12-28
Hourstone,35,2020-01-03
SNADS,35,2019-12-16
Chris Callovar,15,2019-08-09
Løyd,29,2019-10-25
Jordan Matthew,31,2019-08-02
Greenish,17,2019-09-20
Greenish,13,2019-09-20
Greenish,13,2019-09-20
Greenish,15,2019-09-20
Pat Michaels,33,2019-10-18
Kenza Blanka,29,2020-01-04
L E O,15,2019-05-19
Stefan Bors,39,2020-01-03
Wyko,34,2020-01-03
Firetek,37,2019-12-20
NAEMS,27,2019-12-13
Timmy Trumpet,65,2019-11-22
ZEROFREQ,19,2019-11-29
Agus Zack,9,2019-09-22
Thomas Gold,37,2019-11-29
Maydro,26,2019-11-29
RKSN,4,2019-11-29
W&W,59,2019-11-11
SaberZ,39,2019-10-21
Besomorph,31,2019-10-11
NIVIRO,47,2019-10-31
Cytrax,18,2019-10-25
Wasback,26,2019-10-11
Sebastian Park,30,2019-11-08
Marc Benjamin,38,2019-11-04
DRIIIFT,7,2019-09-30
Tom & Jame,53,2019-10-24
Hanzy,26,2019-10-18
NOTD,46,2019-10-25
Rony Rex,46,2019-05-17
Mike Candys,59,2019-10-18
Deniz Koyu,37,2019-10-25
Steff da Campo,50,2019-09-27
Curbi,58,2019-10-04
Armando,30,2019-10-11
Luis Rodriguez,9,2019-09-09
Dave Mak,18,2019-09-16
Jessie J,35,2011-01-01
Jessie J,24,2011-01-01
Jessie J,55,2011-01-01
Jessie J,39,2011-01-01
Jessie J,40,2011-01-01
Jessie J,37,2014-10-14
Justin Bieber,36,2013-01-01
Martin Garrix,0,2013-07-06
Deorro,54,2017-03-31
Hardwell,38,2018-10-12
Showtek,41,2013-12-20
Bassjackers,1,2016-08-19
Deorro,68,2017-03-31
Watermät,13,2015-04-27
Avicii,66,2012-01-01
R3HAB,57,2014-12-29
CALVO,55,2016-12-02
KSHMR,55,2018-11-02
Blasterjaxx,62,2017-11-13
Martin Garrix,76,2019-02-21
Bassjackers,41,2019-02-11
Swedish House Mafia,60,2010-01-01
Nicky Romero,65,2018-09-28
Sebastian Ingrosso,57,2013-01-01
Galantis,74,2015-06-05
Swedish House Mafia,67,2011-05-13
Tim Berg,0,2010-10-24
David Guetta,60,2014-11-21
Florence + The Machine,64,2011
Calvin Harris,79,2014-10-31
Axwell /\ Ingrosso,71,2017-07-28
Nicky Romero,4,2012-01-01
Dimitri Vegas & Like Mike,0,2014-05-05
DVBBS,34,2013-09-07
Zonderling,3,2017-01-27
Avicii,25,2013-01-01
Avicii,27,2017-08-10
Starjack,45,2018-12-10
Løyd,29,2019-10-25
Fuzo,1,2020-01-17
NEFFEX,44,2017-02-15
Razihel,0,2014-08-01
Aero Chord,0,2017-01-16
Geoxor,46,2016-11-17
Mustard,61,2015-11-20
Far East Movement,0,2016-10-14
Zara Larsson,61,2016-10-07
De Vet Du,1,2014-01-01
Pegboard Nerds,0,2016-10-05
20syl,2,2014-06-16
DJ Snake,0,2015-10-16
Martin Garrix,80,2016-07-29
Dillon Francis,49,2016-05-06
Jauz,53,2016-07-08
Electro-Light,40,2016-07-02
Elliphant,41,2014-04-01
Arman Cekin,44,2016-05-18
Marshmello,20,2016-05-13
R3HAB,1,2016-04-29
Rihanna,2,2016-03-18
League of Legends,2,2016-01-14
Good Times Ahead,56,2015-11-30
Flo Rida,49,2015-01-21
Tungevaag,56,2015-11-27
Deorro,37,2015-12-18
Deorro,18,2015-12-18
Deorro,21,2015-12-18
Vigiland,3,2015-11-13
Keys N Krates,0,2015-12-11
Marshmello,0,2015-10-24
Bassjackers,0,2015-11-06
Dillon Francis,0,2014-10-27
W&W,31,2015-08-28
Deorro,55,2015-08-14
Party Favor,0,2014-10-07
Party Favor,0,2015-07-17
KSHMR,0,2015-07-24
Aero Chord,0,2015-08-03
Yogi,54,2015-07-06
Dillon Francis,20,2015-07-17
Aero Chord,0,2015-05-18
Razihel,2,2015-06-22
Steve Aoki,59,2014-09-29
Jack Ü,54,2015-06-16
Alpharock,0,2015-06-26
Dillon Francis,33,2015-06-29
Pegboard Nerds,1,2015-06-15
Bassjackers,0,2015-06-08
Yellow Claw,0,2015-03-30
Vigiland,10,2015-06-05
Vigiland,39,2015-04-28
Calvin Harris,33,2015-05-26
Julian Calor,4,2015-04-13
Julian Calor,18,2015-04-13
Wahlstedt,0,2013-11-20
Tomsize,14,2014-12-08
Rihanna,1,2015-05-04
Rihanna,0,2015-05-03
Razihel,0,2015-04-22
Julian Calor,12,2015-04-13
Blasterjaxx,0,2015-04-27
JAGGS,11,2015-03-31
Borgeous,0,2015-04-27
Excision,0,2015-03-23
Sam 'O Neall,6,2015-04-24
K Theory,21,2015-03-10
De Vet Du,1,2015-04-23
Nicky Romero,9,2013-06-03
Felix,37,2015-03-30
Dirty Rush,18,2015-03-23
Tiësto,9,2015-04-03
Borgore,0,2014-01-28
Lady Bee,51,2014-05-23
Major Lazer,38,2013-11-17
Headhunterz,20,2015-03-09
Garmiani,0,2015-03-02
Galantis,27,2015-03-16
Tiësto,0,2014-01-01
Coone,0,2015-03-02
Blasterjaxx,33,2015-03-09
Julian Calor,13,2015-03-09
Timmy Trumpet,49,2015-02-19
Alvita,0,2015-03-02
Bingo Players,1,2012-08-06
Dannic,19,2015-03-06
Dannic,8,2015-03-06
Karma Fields,0,2015-03-02
Bro Safari,38,2014-03-18
Timmy Trumpet,31,2014-09-19
Bassjackers,0,2015-03-02
Kongsted,3,2013
Bro Safari,0,2013-05-31
Various Artists,0,2015-01-26
Knife Party,42,2013-05-06
Hardwell,49,2019-01-04
Wolfpack,24,2019-01-04
MOTi,61,2019-01-04
Graham Bell,33,2019-01-04
Cuebrick,44,2019-01-04
Ryos,46,2019-01-09
Ran-D,51,2019-01-11
Tritonal,40,2019-01-11
Dimitri Vegas & Like Mike,69,2019-01-11
KAAZE,47,2019-01-11
John Christian,0,2019-01-11
MAKJ,35,2019-01-11
Midtown Jack,6,2019-01-11
Vigel,17,2019-01-11
WildVibes,30,2019-01-11
Deniz Koyu,40,2019-01-14
ANG,34,2019-01-14
Alexander Popov,27,2019-01-11
DubVision,44,2019-01-18
Matisse & Sadko,62,2019-01-18
Tujamo,0,2019-01-18
VINAI,43,2019-01-18
Radiology,29,2019-01-18
Jac & Harri,24,2019-01-18
Metrush,9,2019-01-18
Div Eadie,10,2019-01-18
Arcando,13,2019-01-18
Blackcode,17,2019-01-18
Sander van Doorn,37,2019-01-21
ARTY,63,2019-01-25
Reggio,33,2019-01-25
Funkstar De Luxe,51,2019-01-18
Jeff Retro,0,2019-01-21
Kill The Buzz,32,2019-01-11
Ummet Ozcan,37,2019-01-28
Tim Gordon,10,2019-01-26
Karasso,1,2019-01-18
Cuebrick,34,2019-01-28
Maddix,30,2019-02-01
OUTRAGE,5,2018-12-26
NWYR,47,2019-02-04
Paris Blohm,43,2019-02-06
Dada Life,15,2019-02-08
Radiology,36,2019-02-04
Steve Aoki,33,2019-02-15
Nicky Romero,57,2019-02-15
Justin Prime,40,2019-02-15
Swanky Tunes,53,2019-02-18
Planet Perfecto Knights,48,2019-02-18
KAAZE,63,2019-02-22
Vicetone,46,2019-02-22
Riggi & Piros,12,2019-02-22
ANG,42,2019-02-22
Manse,32,2019-02-22
Dada Life,14,2019-02-08
OUTRAGE,12,2019-01-25
Hardwell,39,2019-02-22
Armin van Buuren,44,2019-02-22
David Guetta,64,2019-02-07
Quizzow,14,2019-02-22
Olly James,32,2019-02-25
Dimitri Vangelis & Wyman,27,2019-03-01
KSHMR,66,2019-03-01
Morgan Page,34,2019-03-01
Wolfpack,9,2019-02-01
Ummet Ozcan,58,2019-03-04
Regi,0,2019-03-01
Deorro,14,2019-03-08
Nicky Romero,2,2019-03-08
Third Party,24,2019-03-08
Sander van Doorn,34,2019-03-04
Audien,59,2019-03-08
Tritonal,36,2019-03-08
Kura,24,2019-03-08
Futuristic Polar Bears,18,2019-03-08
DubVision,36,2019-03-08
Will Sparks,58,2019-03-04
Dada Life,10,2019-02-08
Hardwell,21,2019-03-08
APEK,30,2018-12-07
Skytech,35,2019-03-08
Clean Bandit,65,2019-03-08
MAD M.A.C.,16,2019-03-08
Kevu,12,2019-03-11
Showtek,56,2019-03-15
Thomas Gold,9,2019-03-15
D'Angello & Francis,38,2019-03-15
D.O.D,8,2019-02-16
Steve Aoki,24,2019-02-15
Third Party,52,2019-03-15
Sondr,43,2016-03-28
Mike Perry,73,2016-04-15
ZAYN,78,2016-03-25
Pierce Fulton,49,2015-05-16
The Knocks,43,2015-07-31
Disco Fries,35,2015-08-17
Norde,26,2015-09-25
Jenaux,34,2016-04-28
Calvin Harris,79,2016-04-29
Rihanna,2,2016-03-18
Jens O.,36,2016-01-01
Rain Man,2,2016-03-04
G-Eazy,47,2016-03-18
Bingo Players,0,2014-06-17
Era Istrefi,3,2016-03-07
John De Sohn,21,2016-08-12
FÄIS,2,2016-02-26
Cheat Codes,56,2016-03-07
Matoma,50,2016-04-15
Last Night On Earth,0,2016-03-25
Rebecca & Fiona,0,2016-02-15
ODESZA,13,2015-11-13
Marcus Mouya,20,2016-02-12
Milwin,0,2015-11-27
Madison Mars,2,2016-01-25
Michael Aasen,0,2016-02-15
John De Sohn,13,2015-12-31
Bakermat,60,2016-02-05
ZAYN,48,2016-03-10
Galantis,72,2016-04-01
Nathan Grisdale,39,2014-10-27
Australia United,0,2015-11-20
Maxess,20,2016-03-04
Mahan Moin,0,2015-12-01
RedMoon,0,2015-04-14
Alessia Cara,64,2015-11-13
Vigiland,10,2016-03-04
Contiez,47,2013-05-13
CLMD,33,2016-03-11
X Ambassadors,49,2015-08-28
Jack Ü,54,2015-06-16
The Chainsmokers,57,2015-09-18
Campsite Dream,39,2016-01-29
Feenixpawl,0,2015-07-17
MSTR ROGERS,24,2016-01-22
The Chainsmokers,81,2016-02-05
John Dahlbäck,23,2016-01-29
Benny Benassi,29,2016-01-22
Daniel Adams-Ray,1,2015-09-30
Albin Myers,0,2015-09-25
Hellberg,38,2015-10-09
Urban Cone,0,2015-04-24
Kav Verhouzer,37,2015-12-11
TooManyLeftHands,23,2015-12-18
Mike Posner,0,2015-12-18
Borgeous,0,2015-12-16
Dimitri Vegas & Like Mike,1,2014-05-05
Steve James,0,2015-11-30
Darius & Finlay,33,2010-03-01
Avicii,9,2010-07-19
Flo Rida,59,2011-08-29
Avicii,12,2012-01-01
Sophie Ellis-Bextor,7,2012-02-13
La+ch,40,2014-08-01
ILOVEMAKONNEN,64,2014-09-01
SomeKindaWonderful,23,2015-07-03
BYNON,24,2015-10-23
Disclosure,2,2015-11-16
John Dahlbäck,0,2015-04-15
Klave,0,2015-11-25
Marcus Mouya,14,2015-07-15
Madcon,40,2015-06-11
Dyro,14,2015-09-18
Paxel,22,2016-02-22
Diviners,53,2015-03-26
Ryan Stapleton,34,2015-09-28
Schustin,0,2015-05-25
Timo Odv,1,2015-02-20
MW Vibes,0,2015-07-10
Noréll,21,2015-09-18
Hyperion,18,2015-09-17
Danny Darko,31,2015-08-09
"Nisse, Ture och Schtekarn",0,2015-11-14
Pontus,0,2015-07-08
Ninjaneers,0,2014-05-08
Hedvig,0,2015-08-08
Hogland,11,2015-09-14
Andy Grammer,31,2015-08-21
Penthox,19,2015-12-02
Lemaitre,4,2015-06-30
Veronica Maggio,15,2009-01-01
Tove Lo,0,2015-08-12
Vigiland,3,2015-11-13
Major Lazer,11,2015-11-06
Robin Lukovic,0,2015-06-06
DVN,24,2015-06-22
Jonas Blue,22,2015-12-04
Ellie Goulding,0,2015-10-16
Chad Cooper,39,2020-01-10
David Guetta,61,2020-01-17
Sam Feldt,70,2020-01-10
Robin Schulz,74,2020-01-10
Becky Hill,68,2020-01-10
Martin Garrix,69,2019-12-31
Sofia Carson,71,2019-12-16
Max Lean,43,2020-01-03
The Chainsmokers,85,2019-12-06
Avicii,71,2019-12-05
Chad Cooper,50,2019-03-22
Steve Aoki,35,2020-01-17
Oliver Heldens,62,2020-01-10
Yves V,66,2020-01-03
Dimitri Vegas & Like Mike,55,2020-01-17
Galantis,77,2019-10-25
Flip Capella,46,2019-11-15
Maroon 5,67,2019-12-13
Martin Garrix,75,2019-12-27
Steve Aoki,40,2019-12-20
Mark Mendy,52,2019-12-18
Chad Cooper,47,2018-03-09
Don Diablo,69,2019-11-28
Alle Farben,54,2019-12-20
Tiësto,75,2019-12-13
Noize Generation,39,2019-11-29
Felix Jaehn,79,2019-11-22
Charli XCX,56,2019-10-25
Syn Cole,58,2019-12-25
Chad Cooper,39,2018-10-26
Martin Garrix,83,2019-10-31
Hardwell,63,2019-11-22
Cuebrick,41,2019-12-06
Wallaby,38,2019-12-06
R3HAB,80,2019-04-05
Nicky Romero,61,2019-11-01
Dimitri Vegas & Like Mike,71,2019-11-29
Kygo,87,2019-06-28
Khapter Two,45,2019-09-13
Don Diablo,72,2019-09-05
Dimitri Vegas & Like Mike,81,2019-07-05
Mike Williams,49,2020-01-17
R3HAB,52,2019-11-15
JETFIRE,42,2019-08-30
MEDUZA,91,2019-10-11
Tiësto,82,2019-09-20
Diplo,80,2019-09-27
R3HAB,72,2019-10-25
Dreweybear,36,2019-10-04
Lucas & Steve,74,2019-10-11
LIZOT,67,2019-12-13
Wallaby,46,2019-08-16
Mosby & Stinson,33,2020-01-03
Noize Generation,49,2019-03-29
Ellipso,57,2019-12-20
VARGENTA,45,2019-08-22
Ryos,44,2020-01-10
JETFIRE,43,2019-04-12
Adaptiv,42,2019-12-06
Dreweybear,37,2019-12-13
Zedd,50,2020-01-03
Zara Larsson,70,2019-07-05
Meghan Trainor,24,2019-11-21
Niall Horan,65,2019-11-07
Taylor Swift,54,2019-08-20
Katy Perry,55,2019-11-13
The Chainsmokers,62,2019-11-01
Steve Aoki,34,2019-10-18
Zac Brown Band,49,2019-10-18
Ed Sheeran,66,2019-12-11
Tiësto,56,2019-08-02
Ed Sheeran,67,2019-07-11
Marshmello,66,2019-08-09
Ellie Goulding,67,2019-08-16
Katy Perry,35,2019-07-26
Shawn Mendes,67,2019-06-20
P!nk,57,2019-06-28
Martin Garrix,10,2019-06-21
Avicii,68,2019-06-14
Ed Sheeran,66,2019-06-14
Ellie Goulding,66,2019-05-10
Rodney Atkins,54,2019-02-08
Lil Nas X,74,2019-04-29
Marshmello,51,2018-10-19
Dan + Shay,54,2019-03-21
Mabel,46,2019-02-22
Zedd,50,2019-03-22
Mark Ronson,66,2019-01-25
Sam Smith,69,2019-03-08
Galantis,2,2019-03-01
Ellie Goulding,9,2019-02-01
The Chainsmokers,38,2018-11-09
Bebe Rexha,48,2018-11-30
David Guetta,65,2018-12-28
lovelytheband,53,2018-12-14
Jonas Blue,49,2018-11-02
Halsey,66,2018-11-30
Clean Bandit,29,2018-11-23
Calum Scott,63,2018-03-09
Cardi B,59,2018-06-22
WALK THE MOON,37,2018-01-12
Marshmello,58,2018-04-06
ZAYN,33,2016-05-27
Tiësto,39,2018-10-05
Loud Luxury,67,2018-08-27
David Guetta,52,2018-08-17
Alessia Cara,23,2018-08-03
Taylor Swift,50,2017-12-01
Jonas Blue,46,2018-07-20
Calvin Harris,45,2018-07-13
Selena Gomez,45,2018-08-10
5 Seconds of Summer,57,2018-06-29
Years & Years,41,2018-06-29
The Chainsmokers,38,2018-02-09
P!nk,57,2017-09-15
Clean Bandit,51,2018-05-25
The Chainsmokers,41,2018-03-30
Charlie Puth,24,2017-10-04
NOTD,0,2018-04-27
Sean Paul,18,2018-04-20
5 Seconds of Summer,34,2018-04-06
Avicii,47,2017-10-13
Galantis,31,2016-05-20
Charli XCX,25,2017-09-01
Timeflies,37,2017-09-08
Sigrid,46,2018-02-16
HRVY,26,2018-02-09
Avicii,44,2017-11-17
James Bay,47,2018-03-01
Clean Bandit,46,2017-11-17
Selena Gomez,0,2018-02-23
Nick Jonas,39,2017-11-08
The Chainsmokers,52,2016-01-01
Cheat Codes,33,2018-02-16
P!nk,29,2018-01-12
Olivia O'Brien,29,2017-09-29
ZAYN,59,2017-09-29
Kygo,48,2017-06-30
Miley Cyrus,6,2017-06-23
Bruno Mars,59,2017-05-26
Nick Jonas,27,2016-04-29
Alessia Cara,38,2016-10-21
Kelly Clarkson,35,2017-10-06
Ariana Grande,45,2017-02-03
JP Cooper,39,2017-03-24
Alan Walker,44,2017-12-01
Demi Lovato,0,2017-12-15
Liam Payne,42,2017-11-24
Natalie La Rose,22,2015-05-19
The Chainsmokers,49,2016-09-23
Ed Sheeran,46,2017-11-10
Zedd,0,2015-07-10
Cheat Codes,27,2017-06-09
Jason Derulo,43,2017-04-14
Jonas Blue,50,2017-07-21
Flo Rida,26,2017-05-12
Daya,31,2017-11-17
Halsey,33,2017-09-15
Sam Smith,49,2017-09-29
Martin Silence,38,2019-09-20
Ozi,10,2015-03-13
Martin Silence,38,2019-05-31
Beathunterz,37,2018-10-12
Martin Silence,37,2013-12-16
Ozi,35,2013-08-18
Martin Silence,35,2019-05-03
Martin Silence,36,2015-12-11
Martin Silence,38,2012-04-02
Dave Adamec,35,2017-01-13
Uche,33,2019-08-29
MEDUZA,88,2019-02-01
Leo Salom,46,2019-12-03
KSHMR,53,2019-06-19
Armin van Buuren,62,2019-09-13
ARIA,51,2019-04-06
Jax Jones,75,2019-07-12
Steve Aoki,44,2019-06-28
Noize Generation,0,2018-10-12
Cuebrick,0,2018-05-25
KSHMR,61,2019-07-11
Martin Garrix,71,2019-07-18
Dimitri Vegas & Like Mike,19,2019-08-16
DVBBS,24,2019-08-16
Don Diablo,66,2019-07-25
Noize Generation,36,2019-07-19
David Guetta,18,2019-08-16
Don Diablo,58,2019-06-20
KSHMR,61,2019-05-24
Hardwell,57,2019-07-19
Robin Schulz,73,2019-05-03
The Chainsmokers,62,2019-07-24
Tiësto,54,2019-08-09
Timmy Trumpet,64,2019-05-09
DJ Snake,88,2019-07-25
KSHMR,66,2019-08-05
Brooks,60,2019-07-26
Ozi,8,2011
Hardwell,46,2019-08-30
Mike Williams,67,2019-08-30
Nicky Romero,61,2019-06-21
W&W,62,2019-05-17
R3HAB,55,2019-08-02
Dimitri Vegas & Like Mike,64,2019-09-13
Tujamo,69,2019-09-13
Bassjackers,47,2019-09-02
Hardwell,66,2017-12-01
Armin van Buuren,68,2018-05-18
Blasterjaxx,46,2019-09-20
Yves V,69,2019-06-28
LUM!X,71,2019-08-16
Alok,71,2019-03-15
Dzeko,68,2019-01-04
Fedde Le Grand,64,2019-02-08
Valentino Khan,60,2018-03-16
Hardwell,61,2018-12-07
Ummet Ozcan,62,2018-04-27
VASSY,52,2019-09-27
EDX,59,2019-08-16
Steff da Campo,55,2019-06-07
Oliver Heldens,70,2018-10-26
Galantis,65,2018-06-19
HUGEL,55,2019-02-15
FISHER,79,2018-07-13
Chocolate Puma,58,2015-10-16
Dimitri Vegas & Like Mike,58,2019-08-30
Hardwell,58,2019-10-18
David Guetta,68,2019-07-26
Quintino,52,2019-10-11
Ummet Ozcan,47,2019-08-30
Hardwell,61,2019-08-30
DubVision,64,2019-08-16
Dimitri Vangelis & Wyman,62,2019-06-14
Sick Individuals,55,2019-03-29
Sheyna,37,2019-11-22
Declain,34,2019-12-06
Jonny Joel,9,2019-07-12
Jonny Joel,13,2019-07-12
Bonka,40,2019-11-28
Leandro Da Silva,42,2019-12-02
Ez Quew,43,2019-12-06
Fahrland,23,2019-12-06
Aexcit,45,2019-11-15
KDL,33,2019-08-09
Cotone,36,2019-12-06
Drist,37,2019-12-06
Sal & Smit,31,2019-11-15
Oscar House,35,2019-12-06
Ozi,8,2014-05-22
Rasmus Faber,36,2019-12-06
Galardo,31,2019-12-16
Mambo Brothers,29,2019-11-29
Lizzyloo,3,2019-12-20
Madam Misfit,23,2020-01-17
Jay Slay,21,2019-12-23
THIS IS ELLE,18,2014
Amyntas,16,2020-01-13
Jay Slay,23,2019-12-23
David Lei Brandt,18,2019-06-15
Kriss Reeve,29,2020-01-10
Rewind,23,2020-01-14
MATH,24,2020-01-10
Kleøpatra,24,2020-01-10
COY Swede,43,2019-12-20
Joachim L,21,2019-12-23
Tarun,44,2019-10-25
FreeGuerrero,18,2019-06-10
Natixx,26,2020-01-10
Margot White,19,2019-10-18
AMARI,40,2020-01-03
Landon Holloway,23,2019-07-05
Rewind,20,2020-01-01
WVLNGTH,39,2019-12-06
City Wolf,40,2019-12-04
Equalisation,17,2020-01-10
Macy Martin,38,2019-10-25
Liddy Clark,41,2019-11-22
Waft Of Myst,24,2019-08-08
Leo Dynamic1,38,2019-11-01
X-Change,45,2019-10-31
Roderic H,33,2020-01-10
Colin Crooks,37,2019-10-14
B-MEN,36,2019-10-25
Moish,24,2019-07-16
The Swinghoppers,44,2020-01-03
Viciouz Beatz,24,2013-02-18
Keys of Philadelphia,30,2019-06-28
Viciouz Beatz,32,2019-11-03
Mr. WildFire,40,2019-12-25
WVLNGTH,49,2019-12-27
RageMD,37,2019-12-27
Glenn Gatsby,41,2019-12-27
Jade Key,33,2019-12-26
Modhayan,38,2019-08-25
Olivia Creutzer,40,2019-04-19
Maniaxo,38,2019-08-27
Chris Odd,35,2019-10-18
VOLLÉSTAD,37,2019-01-03
RileyXcouz,37,2019-12-06
Werner Mill,42,2018-05-18
Trazmo,38,2019-12-13
Max Vangeli,49,2019-12-20
ImButcher,41,2019-12-20
Indi Star,41,2019-12-06
Pengwin,33,2019-12-20
Oz,26,2019-10-18
Werner Mill,26,2019-12-13
Wett Brain,43,2019-12-14
Nathassia,44,2019-12-11
LUNDØN,41,2019-12-13
Wolfgang Lohr,40,2019-12-13
Ekat Bork,48,2019-10-18
Road Kahan,41,2019-12-12
Akane Hatanaka,1,2019-08-24
Thelin,28,2019-12-08
The Legal Immigrants,36,2019-11-15
Max Shaun,36,2019-08-02
SlYder,45,2019-11-29
DJ F.R.A.N.K,52,2019-11-22
Funky XV,31,2019-08-16
Duchess,39,2019-11-21
Maniaxo,38,2019-08-27
Roberto Marín Muñoz,36,2019-11-22
Many Moor,34,2016-06-10
CURTI$Y,25,2019-11-08
Bombs Away,45,2019-11-01
Road Kahan,39,2019-11-08
Erkki.R,41,2019-08-19
Erkki.R,42,2019-09-16
Type4,24,2019-10-18
jjsauma,23,2019-10-14
Josh Le Tissier,45,2019-06-14
Asmarani,34,2019-10-11
Roberto Marín Muñoz,32,2019-10-11
Byron Keno,32,2018-01-18
Sammy Milo,28,2019-08-09
Sabina Beyli,33,2019-08-16
The Chainsmokers,67,2019-07-24
Roberto Marín Muñoz,30,2019-08-30
Bakermat,54,2019-07-26
Zee Krayski,0,2018-08-03
Armin van Buuren,51,2019-10-25
Mike Candys,59,2019-10-18
Paul Kalkbrenner,65,2019-07-26
Klaas,67,2018-11-02
Falling Decibyls,38,2019-12-27
SAINt JHN,88,2019-10-09
Sevenn,47,2019-06-14
Regard,69,2019-11-01
Jerome,77,2019-05-10
Mike Candys,58,2019-11-29
TELYKast,53,2019-12-09
MEDUZA,77,2019-06-07
Riton,86,2019-09-13
Timmy Trumpet,69,2019-10-31
GLDN,53,2019-09-06
Olympis,67,2019-11-01
Kush Kush,65,2019-09-13
David Guetta,62,2019-08-30
ilasan,33,2020-01-10
Alok,61,2019-06-28
Keanu Silva,62,2019-10-04
Laurent Wolf,40,2019-11-08
Lucho,40,2019-12-16
Lucas & Steve,51,2019-08-16
MATTN,58,2019-05-10
Robert Falcon,48,2020-01-03
VIZE,50,2019-05-17
Desaparecidos,44,2019-06-21
Naeleck,24,2014-12-22
Steff da Campo,56,2019-07-15
Mike Candys,60,2019-09-13
Major Lazer,84,2019-09-11
Tom Noize,23,2018-12-22
Love Harder,70,2019-07-26
Chris Burke,37,2019-08-16
Avicii,70,2019-08-23
Faul & Wad Ad,10,2019-08-30
Stream,50,2019-10-25
Max M,45,2019-12-03
Sam Feldt,72,2019-09-12
DJ Snake,63,2019-08-09
Max M,47,2019-12-03
Sandeville,54,2019-06-28
Chico Rose,75,2019-08-30
David Guetta,72,2019-11-21
Jonas Blue,67,2019-07-19
Sage Charmaine,21,2019-12-13
Tujamo,62,2019-02-22
Dimitri Vegas & Like Mike,71,2019-11-15
NERVO,64,2019-11-01
Dayvi,83,2018-12-28
Electrohol,28,2019-12-31
Rammor,41,2020-01-10
The Wanted,9,2011-01-01
P!nk,2,2010-11-12
Flo Rida,76,2015-04-07
Justin Timberlake,77,2013-03-15
Avicii,13,2013-08-06
Mark Mendy,55,2019-08-23
SASH,45,2020-01-08
Alex Martura,53,2019-04-23
F$O Dinero,21,2019-11-26
Christian French,68,2019-05-17
Lil Muk,48,2019-12-13
X Lovers,58,2019-11-01
TOKiMONSTA,47,2020-01-14
Ron Suno,64,2019-11-29
Bankrol Hayden,67,2020-01-10
1PLAYY,55,2019-12-27
MEDIKAL,57,2019-11-06
Justina Valentine,24,2020-01-14
Josefine,52,2019-02-01
Rudey Barnes,37,2019-11-22
Jamballaz,36,2019-12-10
Lucus,52,2019-12-02
Lolo Zouaï,46,2019-12-13
SGD Vedoe,39,2019-08-30
Lolo Zouaï,56,2019-12-13
DA Image,38,2019-11-15
Kyler Fisher,52,2019-12-06
Sueco the Child,67,2019-09-20
ADAMII,41,2019-12-13
Phi11a,45,2019-12-11
NLE Choppa,55,2019-12-20
Marlowe,42,2019-11-15
Rockie Fresh,49,2019-11-15
Jae Mansa,45,2019-11-11
R-Mean,43,2019-11-29
Pasto Flocco,51,2019-12-13
Yungeen Ace,65,2019-11-08
ABG Neal,46,2019-11-20
SGE Kash,40,2019-12-13
Mishaal,48,2019-12-13
Carson Lueders,51,2019-11-08
James Japan,42,2019-09-18
Mishaal,48,2019-11-15
Roddy Ricch,81,2019-11-25
Pardison Fontaine,44,2019-11-11
Jae Mansa,47,2019-11-22
Rockie Fresh,44,2019-11-07
Big Havi,57,2019-06-28
Phi11a,47,2019-09-27
Victoria Kühne,41,2019-11-27
Shelow Shaq,45,2019-11-01
Avenza,52,2019-10-11
Jacob Tillberg,52,2019-09-13
Fljúga,56,2019-08-16
Bruno Mars,43,2012-10-02
Prefekt,49,2019-05-31
Jacob Tillberg,50,2019-03-24
Sam Smith,7,2014-01-01
Jeriqo,45,2019-02-05
Bruno Mars,82,2012-12-07
P!nk,65,2012-09-18
Weisser Quiff,45,2019-04-10
Jacob Tillberg,51,2019-05-03
metr,48,2019-05-23
Pitbull,76,2012
Rihanna,72,2010-11-16
Kuda,37,2019-03-21
Fergie,1,2010-01-01
Lady Gaga,11,2009-01-01
Avril Lavigne,11,2007-04-17
Rique,35,2019-02-11
Wiz Khalifa,18,2015-03-10
WALWIN,43,2019-01-18
The Pussycat Dolls,38,2005-01-01
Drake,68,2016-05-13
David Guetta,67,2012-12-07
*NSYNC,71,2000-03-21
Pitbull,79,2011-06-17
Jason Derulo,49,2015-03-09
Katy Perry,51,2010-08-24
Avenza,43,2019-01-20
Rique,1,2018-10-19
Robin Thicke,53,2013-01-01
Alex Martura,47,2018-08-17
Rique,1,2018-11-30
Lady Gaga,42,2008-01-01
Prefekt,2,2018-08-17
Rihanna,71,2011-11-19
Hurshel,0,2018-10-28
metr,44,2018-08-20
P!nk,14,2012-09-14
90 Miles,46,2018-08-26
Maroon 5,72,2012-01-01
Adele,61,2014-08-25
Kelly Clarkson,73,2011-10-24
Rihanna,47,2008-06-02
Clarv,1,2018-10-22
Gotye,77,2011-01-01
Katy Perry,37,2008-06-17
Lady Gaga,26,2009-01-01
Ed Sheeran,53,2015-06-18
Laura Jansen,25,2013-06-28
Carly Rae Jepsen,0,2015-04-24
Duke Dumont,1,2015-08-31
Rudimental,31,2015-11-20
Calvin Harris,45,2015-08-28
Dimitri Vegas & Like Mike,18,2015-08-28
The Chainsmokers,38,2015-12-18
The Weeknd,56,2015-11-06
Rihanna,52,2016-03-18
Mike Posner,17,2015-07-24
Shawn Mendes,54,2015-10-16
The Chainsmokers,59,2016-05-20
Rihanna,1,2016-06-01
Tinashe,25,2016-02-05
Rihanna,44,2016-06-01
Calvin Harris,32,2014-11-10
Calvin Harris,37,2014-06-20
Rita Ora,32,2014-05-11
Calvin Harris,0,2016-06-17
Krewella,43,2013-05-21
Calvin Harris,38,2015-04-10
John Legend,64,2014-02-25
Coldplay,48,2012-06-01
Zedd,1,2013-06-11
Zedd,30,2014-01-01
The Weeknd,7,2015-04-07
Mr. Probz,48,2014-11-13
Bombs Away,39,2016-03-04
Mr. Probz,52,2015-02-20
Selena Gomez,0,2016-03-04
Alesso,0,2014-12-08
Lost Frequencies,37,2015-05-15
Britney Spears,31,2009-02-20
Far East Movement,0,2014-01-01
Gotye,0,2012-01-01
MAGIC!,55,2014-09-02
Tinashe,39,2015-05-04
Maroon 5,0,2014-10-07
David Guetta,46,2011-12-09
Naughty Boy,35,2013-01-01
Matt Simons,22,2016-01-22
ZAYN,30,2016-05-13
Clairmont,0,2016-06-13
The Chainsmokers,35,2016-07-15
Charlie Puth,5,2016-07-22
gnash,47,2016-07-22
Jonas Blue,0,2016-07-22
The Weeknd,0,2015-11-06
Tori Kelly,0,2015-10-16
Topic,28,2016-04-22
Lana Del Rey,36,2013-10-29
Zedd,0,2015-07-10
Will Prime,43,2016-04-14
Rihanna,0,2011-07-15
Afrojack,0,2014-05-12
Ciara,29,2015-05-01
Major Lazer,30,2016-09-09
Ariana Grande,2,2016-08-19
Tinashe,20,2016-09-09
The Chainsmokers,51,2016-09-23
Shawn Mendes,2,2016-08-16
Calum Scott,9,2016-07-08
The Weeknd,5,2016-11-11
DJ Snake,0,2016-12-02
ZHU,44,2016-02-12
James Arthur,54,2016-10-21
The Chainsmokers,43,2016-12-16
Maroon 5,0,2016-12-23
Ed Sheeran,51,2017-02-10
The Chainsmokers,40,2017-02-17
Zara Larsson,49,2016-12-23
MØ,49,2016-12-30
Martin Garrix,50,2016-11-11
Ariana Grande,0,2017-02-03
DJ Snake,0,2016-12-16
Calvin Harris,39,2016-11-04
San Holo,0,2017-01-27
Isaiah,35,2017-03-31
Robin Schulz,44,2017-02-24
Halsey,2,2016-04-22
Martin Garrix,44,2017-03-17
Halsey,1,2015-03-03
Alessia Cara,1,2016-10-21
Sia,25,2016-06-17
John Legend,38,2016-12-01
Selena Gomez,0,2016-06-24
Peking Duk,23,2017-01-20
Jonas Blue,0,2016-12-16
Matoma,29,2016-10-07
Jonas Blue,37,2016-01-31
The Chainsmokers,42,2017-04-28
Julia Michaels,5,2017-05-05
Bruno Mars,63,2017-04-20
Clean Bandit,48,2017-05-12
Hayden James,51,2015-08-21
Jason Derulo,38,2017-05-12
French Montana,57,2017-06-09
Tones and I,79,2019-05-10
Roddy Ricch,98,2019-12-06
Future,93,2020-01-10
Justin Bieber,95,2020-01-03
Coopex,30,2020-01-17
KAROL G,98,2019-11-07
Arizona Zervas,99,2019-10-10
The Weeknd,98,2019-11-29
Dua Lipa,97,2019-10-31
CCIITTYY,48,2019-12-13
Trevor Daniel,97,2018-10-05
Maroon 5,98,2019-09-20
Mabryx,47,2020-01-03
Post Malone,98,2019-09-06
Billie Eilish,97,2019-11-13
Fenris,29,2018-10-17
Selena Gomez,88,2020-01-10
Avazesa,23,2019-08-16
Selena Gomez,85,2020-01-10
The Black Eyed Peas,96,2019-10-12
Shawn Mendes,88,2019-06-19
Isak Dahling,25,2019-08-09
Lewis Capaldi,94,2019-05-17
Harry Styles,88,2019-12-13
Majed,24,2019-09-06
Camila Cabello,94,2019-12-06
Coopex,57,2019-12-23
Billie Eilish,95,2019-03-29
SZY,23,2019-08-02
Mac Miller,87,2020-01-09
blackbear,94,2019-08-23
why mona,52,2019-12-13
Pillows,21,2019-05-31
DaBaby,93,2019-09-27
Dubio,47,2019-12-13
Bad Bunny,93,2019-11-21
Dimelo Flow,90,2019-12-13
PuFFcorn,26,2020-01-17
Halsey,86,2020-01-10
Lewis Capaldi,83,2019-11-22
Martin Miller,25,2019-08-23
Regard,94,2019-07-26
Joey Pecoraro,50,2019-12-12
Harry Styles,86,2019-12-13
Viviana Edera,27,2019-10-04
Don Toliver,92,2019-05-29
YNW Melly,90,2019-11-22
Sancii,14,2019-07-19
Travis Scott,94,2019-10-04
Ed Sheeran,84,2019-07-12
Fullife,18,2019-06-28
Juice WRLD,92,2019-10-04
Rauw Alejandro,92,2019-08-29
Joan Ember,39,2020-01-10
Lil Uzi Vert,91,2019-12-12
Devan,39,2020-01-10
Post Malone,87,2019-09-06
Anuel AA,93,2019-07-19
Vendredi,45,2019-12-27
Tyga,91,2019-11-13
The Weeknd,93,2019-11-27
Kazura,26,2019-03-29
Mustard,90,2019-06-28
Dalex,91,2019-11-01
Pillows,19,2019-09-27
BROCKHAMPTON,88,2019-08-23
Doja Cat,88,2019-11-07
Momo Soundz,42,2019-11-08
Ed Sheeran,85,2019-07-12
Sam Smith,91,2019-07-19
Bufalo,38,2020-01-03
Juice WRLD,92,2018-12-10
Travis Scott,89,2019-12-27
Mr. Brackets,14,2019-10-04
Ed Sheeran,91,2019-07-12
Halsey,14,2019-11-08
Roostz,27,2019-06-02
Alicia Keys,73,2020-01-09
Tones and I,73,2019-07-15
jeonghyeon,28,2019-08-30
Lauv,67,2020-01-16
Tate McRae,78,2019-12-06
Rothchild,26,2019-08-23
Dylan Dunlap,67,2019-11-22
Coopex,47,2019-12-20
SHY Martin,66,2020-01-10
Khalid,83,2020-01-09
Momo Soundz,45,2019-12-27
Halsey,70,2020-01-17
blackbear,68,2020-01-16
Dave Nazza,29,2019-11-08
Ava Max,80,2019-12-12
Harry Styles,90,2019-11-17
Juicy Cola,30,2019-11-01
Why Don't We,77,2019-12-30
Zara Larsson,70,2019-11-08
Selena Gomez,79,2020-01-10
Momo Soundz,47,2019-11-08
Thiaguinho MT,76,2019-11-15
Pabllo Vittar,78,2019-10-31
Dadá Boladão,84,2019-09-25
Aaron Smith,84,2014-11-07
KVSH,69,2019-07-12
Pabllo Vittar,75,2019-10-17
Camilo,77,2019-10-15
Dennis DJ,65,2019-10-25
Gusttavo Lima,84,2019-12-05
Dennis DJ,65,2019-08-16
Alok,79,2019-11-22
Gusttavo Lima,78,2019-10-31
Jetlag Music,50,2019-12-16
Normani,83,2019-08-16
Shakira,79,2020-01-13
Alok,69,2018-08-17
Matuê,79,2019-09-04
Dennis DJ,54,2019-10-24
Diego & Arnaldo,78,2019-10-11
Camila Cabello,87,2019-09-04
Rashid,65,2019-10-11
Detonautas Roque Clube,36,2020-01-17
Natiruts,56,2020-01-03
Ludmilla,80,2019-05-31
Dennis DJ,67,2019-12-13
Guilherme & Benuto,65,2020-01-10
Dennis DJ,67,2019-03-15
Camila Cabello,76,2019-09-05
ROSALÍA,88,2019-08-15
Nego do Borel,62,2019-10-25
Jetlag Music,55,2019-10-04
Lagum,63,2019-06-14
Rael,62,2019-09-12
GUILC,53,2019-10-18
Dilsinho,73,2019-10-18
Dennis DJ,63,2019-10-24
Cat Dealers,62,2019-09-27
MC Kevin o Chris,73,2019-03-07
Lucas Lucco,69,2019-10-18
Diego & Victor Hugo,70,2019-11-22
Avine Vinny,61,2019-11-22
Lil Nas X,40,2019-04-05
Gusttavo Lima,73,2019-10-04
Y2K,91,2019-06-28
Cacife Clandestino,60,2019-11-07
Dj Guuga,78,2019-06-11
MC JottaPê,61,2020-01-10
Vou pro Sereno,74,2019-08-30
Turma do Pagode,67,2019-12-06
Guilherme & Benuto,75,2019-03-18
Gusttavo Lima,77,2019-09-12
Yasmin Santos,78,2019-06-28
Sorriso Maroto,73,2019-03-29
Dilsinho,70,2019-01-31
Dennis DJ,47,2019-10-24
WIU,71,2019-10-09
Fernando & Sorocaba,65,2019-09-20
Gusttavo Lima,63,2019-12-05
Turma do Pagode,69,2019-11-16
Sorriso Maroto,69,2019-03-29
Diego & Victor Hugo,60,2019-07-12
Yasmin Santos,67,2019-11-08
Os Barões Da Pisadinha,65,2019-11-08
MC JottaPê,74,2019-10-18
Diego & Victor Hugo,78,2019-03-22
Marcos & Belutti,68,2019-11-29
Dilsinho,72,2019-01-31
Fernando & Sorocaba,59,2019-10-25
Diego & Victor Hugo,73,2019-03-08
Camila Cabello,78,2019-10-11
Harry Styles,74,2019-10-11
Yasmin Santos,73,2019-08-16
Ria Mae,66,2019-10-16
Henrique & Diego,66,2019-09-06
Emicida,59,2019-10-30
Maluma,85,2019-09-27
Guilherme & Benuto,82,2019-08-16
Camila Cabello,73,2019-10-04
Lagum,71,2019-06-14
Os Barões Da Pisadinha,67,2019-09-26
Os Barões Da Pisadinha,67,2019-09-26
Marcos & Belutti,59,2019-07-26
Oriente,69,2018-11-19
Oriente,70,2018-11-23
ROSALÍA,87,2019-03-28
Henrique & Diego,60,2019-02-01
Avine Vinny,56,2019-09-27
Lil Nas X,13,2019-06-20
Turma do Pagode,70,2018-11-30
Pedro Sampaio,68,2018-08-24
Avine Vinny,60,2019-08-02
Whadi Gama,54,2019-01-17
Pedro Capó,86,2018-10-05
Dan + Shay,91,2019-10-04
Selena Gomez,93,2019-10-23
benny blanco,79,2018-12-07
Post Malone,49,2019-09-06
Candace Sosa,20,2020-01-17
Arizona Zervas,71,2019-10-10
Post Malone,51,2019-07-05
Carly Rae Jepsen,76,2012-01-01
Jonas Brothers,86,2019-06-07
Mark Ronson,79,2018-11-30
David Guetta,64,2009-04-17
Mabel,77,2019-06-07
Kygo,81,2018-10-26
Flo Rida,57,2012-06-22
Miguel Dias,34,2019-12-20
Mark Ronson,74,2019-05-30
Sean Paul,57,2018-02-15
Lady Antebellum,73,2010-01-01
Ollie Wade,6,2020-01-17
Ed Sheeran,86,2017-03-03
Clean Bandit,80,2018-05-17
Henri Purnell,62,2019-11-15
Macklemore & Ryan Lewis,83,2012-10-09
Pharrell Williams,54,2014-03-03
Adeena,43,2019-12-06
Katy Perry,71,2012-03-12
Usher,72,2010-03-30
Calvin Harris,85,2018-04-06
B.o.B,68,2010-04-27
Eminem,82,2010-06-18
Lady Gaga,78,2009-11-05
Luis Fonsi,79,2019-02-01
Taio Cruz,77,2010-01-01
Imagine Dragons,78,2012-09-04
Taio Cruz,71,2010-01-01
MOTi,53,2019-12-06
Shawn Mendes,93,2019-06-21
Drake,86,2018-06-29
R-Cue,35,2019-11-01
Katy Perry,65,2012-03-12
Swedish House Mafia,77,2012-09-14
Ed Sheeran,90,2019-05-10
Leonell Cassio,42,2019-11-01
VIZE,52,2018-07-25
R-Cue,36,2019-06-21
Bruno Mars,75,2010-10-05
CeeLo Green,64,2010-11-09
Jennafer Lynsey,24,2020-01-02
Maroon 5,61,2015-09-25
P!nk,76,2010-10-05
David Guetta,66,2012-12-07
fun.,75,2012-02-14
Maroon 5,78,2012-01-01
PLVTINUM,55,2020-01-10
Rihanna,75,2011-11-18
Nicki Minaj,73,2012-01-01
Kyzer,28,2020-01-03
Flo Rida,76,2012-06-22
Macklemore & Ryan Lewis,68,2012-08-01
Justin Bieber,83,2015-11-13
P!nk,80,2012-09-18
Katy Perry,77,2013-01-01
Katy Perry,77,2013-01-01
John Legend,85,2013-08-30
OneRepublic,80,2013-01-01
Jason Derulo,67,2013-09-10
Lukas Graham,79,2016-04-01
MAGIC!,78,2014-06-25
Boo Riley,36,2017-04-09
Ed Sheeran,83,2014-06-21
Sia,68,2016-02-11
Wiz Khalifa,80,2015
Mike Posner,78,2016-05-06
Taylor Swift,78,2014-01-01
Anne-Marie,83,2018-04-27
Olivia King,47,2019-10-25
OMI,76,2015-10-16
Justin Bieber,81,2015-11-13
HIRIE,38,2019-09-13
Drake,83,2016-05-06
Rihanna,77,2016-01-28
Twenty One Pilots,83,2015-05-15
AlexEps,23,2020-01-10
j-hope,76,2019-09-27
BTS,0,2016-05-02
GD X TAEYANG,2,2014-11-21
Edge of Silence,38,2019-09-23
BLACKPINK,72,2019-04-05
4Minute,0,2015-02-09
2NE1,2,2011-07-28
H.I.N.P (Hot Issue of Ntl. Producers),63,2018-08-18
EXID,49,2014-08-28
BTS,0,2015-04-29
HyunA,0,2014-01-01
EXO-K,4,2014-08-06
NCT 127,0,2016-07-10
BTS,3,2016-10-10
BTS,71,2019-04-12
CL,0,2013-11-05
BLACKPINK,60,2018-06-15
015B,34,2019-06-18
Block B,0,2014-01-01
Wanna One,39,2017-11-13
4Minute,0,2016-02-01
f(x),0,2014-07-11
HyunA,0,2016-08-01
BOBBY,0,2016-09-07
WINNER,0,2014-08-11
Mamamoo,39,2016-02-12
Block B - BASTARZ,50,2015-04-14
Rain,34,2017-12-01
SEVENTEEN,54,2017-11-06
KARD,42,2017-11-21
SEUNGRI,44,2018-07-20
Red Velvet,52,2017-11-17
DREAMCATCHER,49,2018-01-12
HyunA,0,2016-08-01
TAEYEON,53,2018-06-18
Mamamoo,49,2017-06-23
Red Velvet,0,2016-09-07
SHAUN,45,2018-06-27
GOT7,0,2018-09-17
Red Velvet,43,2018-08-06
SHINee,37,2018-05-28
Triple H,42,2018-07-18
Nana Mellie,39,2018-09-02
gracie,32,2018-08-02
Lym en,30,2019-01-19
015B,30,2018-11-20
LUCY,35,2018-11-18
WEN,29,2018-09-04
Kozypop,30,2018-10-01
D-Hack,0,2018-07-27
Humming Urban Stereo,0,2018-09-02
GASHI,40,2019-11-15
Lost Kings,53,2019-10-24
CALVIN,40,2019-10-18
Klave,28,2019-09-06
Nightro,18,2019-08-23
Ilvs,22,2019-10-18
Moe Aly,38,2019-08-09
Klave,18,2019-07-12
Nightro,19,2019-09-20
Alan Walker,83,2019-03-21
The Chainsmokers,61,2019-03-22
Jinco,31,2019-09-20
Hellberg,32,2019-07-05
CORSAK,48,2019-06-14
Eastblock Bitches,44,2019-07-05
Jay Made,29,2019-06-28
KHEMIS,0,2019-06-28
Jeanway,0,2019-06-07
Lost Kings,67,2019-01-18
CØDE,28,2019-05-03
SJUR,45,2019-03-22
Justin Prime,29,2019-03-22
Jay Made,34,2019-03-08
Sick Individuals,22,2019-02-08
Haze & Mellow,34,2019-01-04
Lost Kings,69,2018-05-11
Dimitri Vegas & Like Mike,52,2018-05-04
LAY,60,2018-08-31
Klave,32,2019-01-25
Zookeepers,17,2018-09-28
Robert Falcon,25,2018-08-24
Bailo,0,2018-07-20
Zookeepers,44,2018-04-20
Dreweybear,1,2018-08-17
The Chainsmokers,29,2018-03-30
Digital Farm Animals,48,2018-03-29
Pete Kingsman,14,2018-03-30
Mako,3,2018-02-23
Stesso,34,2018-02-23
The Chainsmokers,30,2018-03-09
Nina Nesbitt,0,2018-03-30
Topic,51,2018-01-26
Whistle Back,36,2017-12-01
Joe Ghost,0,2018-03-30
San Holo,55,2017-11-17
You in Mind,25,2017-11-17
Hitimpulse,27,2017-12-01
Jayceeoh,0,2018-03-16
Electrick Village,20,2017-10-27
Scorsi,24,2017-08-11
Marshmello,49,2017-10-12
Dimitri Vegas & Like Mike,66,2017-07-28
Kygo,46,2017-06-30
Möwe,18,2017-11-03
Refeci,19,2017-10-13
FTampa,41,2017-08-25
Steve Void,31,2017-11-03
Hogland,0,2017-08-18
Felix Palmqvist,35,2017-10-20
Vitø,18,2017-10-27
Alan Walker,27,2017-06-23
Luca Schreiner,28,2017-07-28
The Chainsmokers,40,2017-08-04
Miley Cyrus,8,2017-06-30
Wahlstedt,25,2017-07-07
XYLØ,31,2017-08-11
Maybon,9,2017-09-29
Noah Cyrus,50,2017-02-17
Fareoh,0,2017-05-12
Simon Field,34,2017-09-15
Martin Garrix,74,2017-05-26
Hitimpulse,36,2017-09-08
Quiet Disorder,22,2017-09-29
Era Istrefi,29,2017-08-04
Convex,0,2017-08-04
Steve Void,7,2017-08-04
Attom,28,2017-08-11
Kretsen,34,2017-06-09
Tinashe,27,2017-06-30
Mahmut Orhan,24,2017-08-11
Hechmann,16,2017-06-16
Black Coast,30,2017-07-07
Chris Porter,30,2017-06-09
Helena Legend,23,2017-05-05
Hechmann,26,2017-05-05
Martin Garrix,50,2017-03-24
RBYN,0,2017-04-14
Charlie Who?,41,2017-04-14
Tinashe,31,2017-05-19
Steve Aoki,41,2017-03-24
San Holo,68,2017-02-10
Joe Ghost,0,2017-02-10
Joakim Molitor,1,2017-05-26
The Sam Willows,32,2017-05-05
Vanic,37,2017-03-17
Headhunterz,27,2017-02-17
Calvin Harris,40,2016-08-02
Tungevaag,52,2016-09-09
Alyssa Reid,36,2011-01-01
Justin Bieber,72,2012-01-01
Taylor Swift,62,2014-10-27
Selena Gomez,73,2017-05-18
Justin Bieber,72,2012-01-01
Leona Lewis,77,2007
Leona Lewis,70,2007
George Ezra,76,2014-06-27
Starley,68,2016-10-18
Sia,79,2014-07-04
The Chainsmokers,85,2016-07-29
Selena Gomez,69,2013-01-01
Kalom,54,2019-11-21
Lady Gaga,70,2017-04-16
Maroon 5,58,2012-01-01
Maroon 5,33,2012-01-01
Maroon 5,45,2012-01-01
Rihanna,60,2012-12-11
Sia,77,2016-01-29
Hailee Steinfeld,76,2017-04-28
Miley Cyrus,76,2013-10-04
P!nk,76,2017-10-13
Sia,72,2014-07-04
Pigeon John,51,2019-11-22
The Chainsmokers,56,2017-04-28
Meghan Trainor,72,2017-05-12
Love Taps,29,2019-12-06
Calvin Harris,79,2014-10-31
WALK THE MOON,32,2014-12-02
Ed Sheeran,84,2014-06-21
Jason Derulo,51,2015-05-29
Silentó,68,2015-05-04
Charlie Puth,70,2015-05-01
Joshua Perez,29,2019-09-27
Ellie Goulding,62,2015-11-06
Robin Schulz,59,2015-07-17
Robin Schulz,59,2015-09-25
Maroon 5,76,2015-05-15
Maroon 5,75,2015-05-15
Maroon 5,46,2015-03-10
Selena Gomez,82,2017-10-25
Jeffrey Eli,25,2019-11-08
Justin Bieber,78,2015-11-13
Justin Bieber,76,2017-08-17
Little Mix,67,2013-11-08
Little Mix,76,2017-11-24
Little Mix,77,2015-11-06
Little Mix,68,2017-11-24
Adele,71,2015-11-20
Flo Rida,76,2012-06-22
Flo Rida,68,2015-04-07
Flo Rida,68,2015-04-07
Encure,45,2019-12-20
Twenty One Pilots,81,2015-05-15
Twenty One Pilots,81,2016-06-16
Meghan Trainor,71,2015-01-09
Meghan Trainor,67,2015-01-09
David Guetta,66,2011-08-26
Kungs,78,2016-11-04
Martin Garrix,80,2016-07-29
Shawn Mendes,83,2017-04-20
Shawn Mendes,82,2017-04-20
Calvin Harris,77,2016-09-16
DJ Snake,81,2016-08-05
Troye Sivan,67,2015-12-04
John Legend,67,2016-12-02
Katy Perry,72,2013-01-01
Fifth Harmony,70,2016-05-27
Alicia Keys,75,2012-11-18
Alicia Keys,79,2007-11-09
Anja Kotar,37,2019-11-15
Ne-Yo,77,2006-01-01
Fifth Harmony,74,2015-01-30
Hozier,76,2014-09-19
Ariana Grande,74,2014-08-25
Drake,77,2016-05-06
Sheppard,63,2015-03-10
Taylor Swift,68,2014-10-27
Taylor Swift,71,2017-11-08
Demi Lovato,66,2011-01-01
Bruno Mars,68,2016-11-17
Bruno Mars,78,2016-11-17
Shawn Mendes,72,2015-04-14
Shawn Mendes,71,2015-04-14
Shawn Mendes,74,2015-04-14
DNCE,70,2016-11-18
Jessie J,63,2015-05-12
Jessie J,40,2015-05-12
Nick Jonas,65,2015-11-20
Nick Jonas,43,2015-11-20
Alessia Cara,73,2015-11-13
Louis The Child,62,2017-12-08
ODESZA,66,2014-09-08
ILLENIUM,58,2017-09-21
ILLENIUM,61,2016-12-16
RL Grime,55,2018-03-16
Cash Cash,65,2018-04-12
Avicii,22,2011-01-01
Avicii,9,2011-01-01
Sebastian Ingrosso,56,2012-01-01
Cash Cash,58,2016-06-24
Cash Cash,57,2017-03-03
Seven Lions,55,2018-05-18
Kaskade,55,2015-09-25
NGHTMRE,63,2016-10-26
R3HAB,55,2018-08-23
Alison Wonderland,61,2015-03-20
Seven Lions,58,2014-04-29
Seven Lions,50,2017-05-15
Alesso,73,2015-05-26
Flume,62,2017-04-07
The Chainsmokers,64,2016-05-27
Seven Lions,62,2016-10-10
RL Grime,55,2017-06-02
Cash Cash,54,2016-05-27
ILLENIUM,63,2017-09-21
Manila Killa,0,2018-01-26
Gryffin,74,2017-03-03
Zedd,70,2015-05-18
Noah Cyrus,58,2017-12-19
William Black,3,2018-07-02
Midnight Kids,0,2018-06-26
Excision,58,2018-07-17
Boombox Cartel,57,2018-03-02
Win and Woo,50,2017-07-07
RL Grime,73,2018-07-27
RL Grime,57,2018-07-27
Gryffin,70,2018-08-03
Said the Sky,52,2018-07-20
ILLENIUM,57,2018-08-03
Louis The Child,13,2018-04-13
LOUDPVCK,32,2017-01-13
Kaskade,39,2018-05-04
LNY TNZ,40,2016-11-11
Far Out,12,2018-06-28
k?d,17,2016-07-19
Robotaki,22,2017-07-05
SLANDER,57,2018-09-20
Seven Lions,37,2017-06-05
Nicky Romero,17,2018-09-28
ILLENIUM,59,2017-09-21
Gryffin,11,2018-10-26
ILLENIUM,61,2018-11-09
ARMNHMR,48,2016-04-17
Tom Swoon,33,2017-09-22
William Black,23,2018-04-30
Ekali,57,2018-09-28
Ekali,50,2018-09-28
ILLENIUM,46,2018-06-18
Gryffin,6,2018-11-30
Steve Aoki,33,2017-03-24
Louis Futon,46,2017-08-09
Manila Killa,43,2017-04-28
Frank Walker,44,2018-10-05
SLANDER,1,2017-06-23
Halsey,61,2015-03-03
Culture Code,58,2016-12-13
Whethan,46,2018-06-15
The Chainsmokers,73,2015-06-16
Seven Lions,59,2019-01-04
Tritonal,58,2016-09-09
Said the Sky,44,2018-07-20
Zedd,8,2012-01-01
Zedd,43,2015-05-18
Zedd,2,2014-01-01
ILLENIUM,65,2019-01-25
Said the Sky,36,2017-08-14
Tritonal,39,2019-02-15
Snakehips,45,2017-03-24
Boombox Cartel,47,2019-03-08
Ekali,42,2018-03-02
Dabin,54,2019-03-22
Dabin,53,2019-03-22
Dabin,50,2019-03-22
Far Out,6,2019-03-22
Gryffin,76,2019-03-27
yetep,44,2018-10-26
NGHTMRE,57,2018-12-07
SLANDER,62,2019-05-10
Cash Cash,50,2014-09-16
Borgeous,37,2018-11-30
The Chainsmokers,39,2019-05-31
SLANDER,62,2019-05-31
Nurko,52,2019-01-31
Nurko,2,2019-01-15
Lionel Ferro,42,2020-01-10
Nicolas Nerva,23,2020-01-10
Dj Dasten,35,2019-11-14
Jay Slay,25,2019-12-23
KreisEckBeats,21,2019-08-28
Viciouz Beatz,26,2019-11-03
Inoculus,24,2019-10-11
Swing'it Dixieband,38,2019-11-08
Brauner Bär,29,2019-12-20
Werner Mill,29,2019-12-13
um..,34,2019-12-06
Waft Of Myst,32,2019-12-06
Appyday,30,2018-05-28
Laura Thompson,35,2019-11-18
Waft Of Myst,27,2019-11-22
Glenn Gatsby,38,2019-11-22
Maniaxo,35,2019-08-27
Roderic H,36,2019-10-10
Tunebased,31,2019-10-18
Torio,31,2019-06-07
Mike Moonnight,34,2019-07-31
Natixx,25,2019-11-06
Sam Smith,78,2019-11-01
Noah Fabray,33,2019-05-20
MACHA!,25,2019-09-06
AW,42,2019-10-03
Mike Moonnight,39,2019-02-08
Duchess,26,2019-06-21
be insane,30,2019-10-20
Heistheartist,12,2019-09-13
J. Roland,21,2019-08-23
Luke & The Belleville Orchestra,35,2019-09-10
Rewind,20,2019-09-10
The fire ants,0,2018-12-28
Chris Kelly,0,2017-06-05
joeshort,0,2018-03-11
Chris Antonio,0,2016-11-14
Dosk,39,2019-12-27
Laura Pieri,0,2018-04-27
Ebhoni,0,2017-06-05
Lauv,83,2017-05-19
Keith Cullen,33,2019-11-14
Michael Moawad,47,2019-12-06
Khalid,87,2019-11-14
Shanguy,54,2018-06-15
Keith Cullen,29,2019-08-16
Alexander 23,32,2019-06-07
Two Friends,53,2017-04-21
Flume,4,2017-01-13
Two Friends,30,2014-02-04
Cheat Codes,67,2017-03-31
Tritonal,47,2016-09-09
The Chainsmokers,76,2017-02-22
Tritonal,49,2016-12-02
Tritonal,36,2016-09-09
Cash Cash,52,2016-06-24
Flume,3,2016-05-27
Marshmello,20,2016-05-13
Clean Bandit,78,2017-03-16
Halsey,59,2016-04-22
Galantis,57,2014-10-05
Zedd,74,2012-01-01
Zedd,61,2012
David Guetta,66,2011-08-31
David Guetta,53,2011-08-26
David Guetta,58,2011-08-26
Calvin Harris,75,2014-10-31
Calvin Harris,74,2014-10-31
Calvin Harris,72,2014-10-31
Calvin Harris,69,2012-10-26
Calvin Harris,12,2012-10-26
Calvin Harris,71,2012-10-26
Ellie Goulding,65,2013-01-01
Ellie Goulding,47,2013-01-01
Major Lazer,17,2015-06-01
Major Lazer,0,2015-06-01
Phoebe Ryan,19,2017-03-17
Cash Cash,45,2016-06-24
Flux Pavilion,58,2015-11-20
Cash Cash,43,2016-06-24
Tritonal,53,2015-05-18
Vicetone,45,2015-04-17
Yellow Claw,52,2014-12-15
Tove Lo,65,2014-01-01
Cash Cash,38,2016-06-24
Cartoon,71,2015-07-09
Carter,0,2017-04-07
Tritonal,42,2014-04-29
Hillsong Young & Free,1,2013-01-01
Hillsong Young & Free,51,2015-01-13
Shaun Frank,0,2016-02-19
Laidback Luke,27,2014-01-27
Vicetone,0,2013-05-24
Flux Pavilion,20,2016-01-22
Tritonal,35,2014-09-29
3LAU,52,2014-01-01
Prismo,33,2016-09-21
Culture Code,37,2015-07-19
Cartoon,65,2015-06-11
Coldplay,18,2015-07-31
Adventure Club,0,2016-01-08
Hellberg,0,2014-06-11
Hellberg,0,2014-11-12
Hellberg,2,2015-03-16
ILLENIUM,2,2016-02-15
Feint,4,2015-09-18
Cash Cash,44,2016-06-24
Calvin Harris,74,2017-02-24
Mako,45,2014-07-28
Calvin Harris,66,2017-06-16
Cash Cash,51,2016-06-24
Vanic,46,2017-06-02
Martin Garrix,81,2017-01-27
Juventa,27,2014-09-15
Kevin Wild,22,2014-06-30
Imagine Dragons,4,2017-06-23
Era Istrefi,44,2016-07-21
Maroon 5,8,2017-02-14
Mako,23,2014-01-10
Matthew Koma,36,2013-01-01
PSY,2,2015-12-01
Rihanna,76,2008-06-02
Pusher,14,2016-06-24
Clean Bandit,77,2016-10-21
Olly Murs,31,2011
Capital Cities,77,2013
Bruno Mars,82,2016-11-17
Fitz and The Tantrums,64,2016-06-10
Pegboard Nerds,0,2014-10-13
Tristam,0,2013-06-05
Pegboard Nerds,2,2014-03-17
Pitbull,64,2011-06-17
Wrabel,50,2017-05-12
Jonas Blue,58,2016-10-28
The Chainsmokers,59,2016-04-01
Major Lazer,69,2016-07-22
Major Lazer,8,2015-11-27
Major Lazer,10,2015-06-01
Ariana Grande,79,2016-05-20
Alan Walker,20,2015-12-04
Alan Walker,10,2016-06-03
Yellow Claw,0,2016-07-15
DJ Snake,0,2016-06-03
DJ Snake,8,2015-10-16
Borgeous,0,2016-06-13
Diplo,58,2015-08-28
Diplo,58,2013-10-08
Nicky Jam,0,2016-04-22
ZHU,62,2016-07-29
Shawn Mendes,13,2016-06-03
gnash,81,2016-03-25
Cheat Codes,9,2016-04-13
Kiiara,61,2015-10-26
DNCE,3,2015-10-23
Zara Larsson,14,2015-09-10
Cheat Codes,7,2016-02-05
Marshmello,65,2016-01-08
Marshmello,50,2016-01-08
Marshmello,52,2016-01-08
R3HAB,43,2016-05-03
Mike Posner,73,2016-05-06
Mike Posner,45,2016-05-06
DJ Snake,49,2016-08-05
DJ Snake,50,2016-08-05
DJ Snake,56,2016-08-05
DJ Snake,53,2016-08-05
DJ Snake,45,2016-08-05
DJ Snake,53,2016-08-05
Nicky Jam,68,2014-09-09
Terror Jr,0,2016-04-05
Calvin Harris,63,2012-10-26
MØ,71,2016-05-13
Anne-Marie,65,2016-05-20
Alex & Sierra,79,2014-10-06
Jonas Blue,64,2016-06-03
Demi Lovato,63,2016-07-01
Coldplay,71,2016-03-25
Marc E. Bassy,3,2016-05-06
Adele,60,2016-05-16
Klingande,47,2016-08-26
Gryffin,61,2016-08-26
Felix Cartal,35,2016-08-12
Meghan Trainor,12,2016-05-13
The Weeknd,7,2016-09-22
The Chainsmokers,70,2016-09-29
Sia,14,2016
Joel Adams,76,2015-11-06
Shawn Mendes,18,2016-09-23
Maroon 5,11,2016-10-11
Terror Jr,18,2016-08-11
Terror Jr,37,2016-08-12
Far East Movement,35,2016-10-14
Machine Gun Kelly,6,2016-10-14
Troye Sivan,0,2016-08-26
NEIKED,51,2016-08-26
Diviners,58,2015-11-25
The Chainsmokers,53,2016-11-04
Mike Perry,48,2016-10-21
Captain Cuts,42,2016-10-13
Yellow Claw,0,2016-11-11
Alessia Cara,39,2016-10-21
Lil Jon,44,2016-07-22
Lenx & Denx,0,2016-05-30
Jon Bellion,56,2015-04-14
Robin Schulz,65,2016-11-25
Dimitri Vegas & Like Mike,41,2016-10-28
Cashmere Cat,2,2016-09-30
Bebe Rexha,62,2016-10-28
Simon Green,16,2016-10-21
San Holo,5,2016-11-22
The Vamps,4,2016-10-14
Olly Murs,45,2016-11-18
DEAMN,0,2016-11-05
DEAMN,1,2016-12-10
The Chainsmokers,75,2017-01-13
Grandtheft,47,2016-11-04
James Arthur,85,2016-10-28
diMaro,10,2016-12-30
Major Lazer,10,2017-01-26
Sofia Carson,61,2017-01-27
Dimitri Vangelis & Wyman,1,2014-04-21
Blasterjaxx,41,2014-01-06
Contiez,47,2013-05-13
Martin Garrix,1,2013-12-16
Filip Jenven,38,2014-03-14
David Guetta,64,2014-04-06
DJ Snake,72,2013-12-18
Hardwell,13,2014-04-21
Martin Garrix,5,2013-10-08
Stadiumx,0,2014-03-10
Tiësto,5,2013-12-13
New World Sound,0,2014-04-28
New World Sound,0,2013-07-05
Will Sparks,34,2014-02-14
TJR,0,2014-03-03
Timmy Trumpet,28,2014-04-10
Dimitri Vegas & Like Mike,0,2013-06-11
W&W,47,2014-02-24
Armin van Buuren,16,2014-03-10
Laidback Luke,0,2014-05-06
David Guetta,40,2012-12-07
Major Lazer,1,2013-03-15
R3HAB,1,2014-03-24
Denzal Park,0,2013-03-08
3LAU,0,2014-05-12
Martin Garrix,2,2014-03-10
DubVision,0,2014-02-07
John Christian,12,2013-11-11
DJ C Club,0,2014-05-06
PH Electro,0,2014-03-28
Blasterjaxx,1,2014-04-21
East & Young,30,2014-02-28
Sandro Silva,0,2014-02-10
TJR,0,2013-01-01
TJR,0,2014-05-19
Showtek,0,2014-04-07
TJR,32,2013-01-01
Shermanology,0,2014-03-17
Blasterjaxx,0,2014-02-17
Röyksopp,36,2014-04-28
Diplo,1,2013-10-15
SEREBRO,0,2013-06-14
Cedric Gervais,9,2012-01-01
Sunnery James & Ryan Marciano,0,2014-05-05
New World Sound,0,2012-11-05
New World Sound,0,2013-04-29
DVBBS,3,2014-04-28
Showtek,1,2013-11-13
Afrojack,0,2011-05-16
Quintino,0,2013-08-19
TST,0,2014-05-19
Laidback Luke,0,2014-03-18
Moguai,0,2014-05-26
Firebeatz,0,2014-06-02
MOTi,0,2013-03-08
Steve Aoki,0,2013-02-05
DVBBS,0,2013-12-23
Contiez,13,2012-05-15
J-Trick,23,2012-06-18
Chuckie,28,2012-11-26
Bassjackers,0,2014-03-28
Armin van Buuren,41,2014-03-28
Sidney Samson,0,2014-05-26
DJ Bam Bam,0,2013-05-07
Ahzee,42,2014-02-22
DJ Kuba,7,2014-03-17
Wolfpack,21,2014-05-19
Yves V,0,2013-11-29
Quintino,0,2013-09-23
Sandro Silva,12,2013-12-06
Zomboy,0,2014-05-19
Bassjackers,0,2014-04-28
MAKJ,42,2014-03-17
Yellow Claw,0,2014-02-10
Cosmic Gate,13,2014-01-06
Deorro,48,2014-03-10
Firebeatz,0,2014-06-02
Galantis,20,2014-05-26
Far East Movement,0,2014-01-01
Deorro,0,2014-02-21
Tiësto,39,2014-06-06
Quintino,0,2014-05-30
Scooter,38,2014-05-23
R3HAB,0,2013-07-15
Deorro,41,2014-06-23
David Guetta,20,2014-06-30
Muttonheads,0,2013-01-01
Firebeatz,0,2014-07-05
Ummet Ozcan,0,2014-07-14
Mike Hawkins,0,2014-02-17
Sidney Housen,7,2014-07-04
Husman,5,2014-05-19
Armin van Buuren,45,2013-05-03
Michael Mind Project,40,2014-03-28
Sidney Housen,4,2014-02-17
David Guetta,54,2014-06-30
Syndicate Of L.A.W.,0,2014-06-09
Afrojack,0,2014-01-01
Hard Rock Sofa,0,2013-05-31
Erick Morillo,22,2016-11-18
Wheats,7,2017-08-04
Axwell,36,2005-07-16
Sasch BBC,2,2018-01-04
Gary Caos,13,2019-02-15
NONDO,6,2019-12-13
Supacooks,21,2017-08-21
Kreature,11,2018-02-16
V-Sag,15,2020-01-06
Antranig,6,2019-05-27
Prok & Fitch,13,2016-10-10
Mr. Kavalicious,6,2018-03-02
TV Rock,0,2010-05-02
Audio Storm,5,2018-02-12
Daft Punk,74,2001-03-07
Paul Johnson,47,2012-09-04
Patrick M,0,2018-10-26
Mark Knight,43,2013-05-06
Sidney Charles,23,2017-10-27
Sunar,8,2019-06-14
Mischa Daniels,24,2008
Stefano Richetta,3,2019-01-28
James Organ,4,2019-07-26
Axwell,2,2013-01-01
Animist,0,2019-03-25
2 Eivissa,36,2014-09-12
Pieter Ellis,4,2018-02-08
Dusky,0,2014-11-24
Donatello,27,2018-09-28
Abel Ramos,0,2010-09-28
Erick Morillo,0,2011-11-16
Erick Morillo,49,2012-05-01
Mark Knight,51,2008-08-10
Erick Morillo,24,2009
Lissat,2,2017-06-02
Band&dos,6,2018-07-02
Alberto Dimeo,5,2017-10-09
Deniz Koyu,39,2012
Oscar G & Ralph Falcon,34,2002
Erick Morillo,13,2015
The Ones,0,2001-01-01
Lush Life,0,2014-06-01
Edward Maya,4,2015-07-08
Dosem,32,2015-08-03
Groove Armada,61,2001-07-11
Fred Falke,1,2010-02-24
Sahar Z,14,2018-04-13
Medina,47,2009-10-09
Traumer,31,2015-03-12
David Tort,15,2010-04-26
Frank Cherryman,1,2012-06-28
Tony C,0,2010-10-18
Dave Spoon,4,2011-01-12
Third Party,7,2011-07-29
Adrian Hour,4,2014-01-06
Fatboy Slim,32,2010-09-13
Robbie Rivera,8,2018-04-06
CamelPhat,35,2018-07-20
Intensa Music,4,2010-06-17
Kurd Maverick,8,2013-09-15
Mark Knight,22,2016-01-22
EDX,32,2012-11-04
Adrian Hour,7,2019-02-08
David Tort,20,2011-03-20
Sabb,35,2018-03-09
Chicane,44,2008-10-06
Robbie Rivera,18,2018-06-29
Erick Morillo,6,2018-07-23
Harry Romero,12,2018-08-13
Eli Brown,33,2017-06-16
David Guetta,38,2018-09-14
Axwell,39,2005-05-23
Leventina,29,2018-10-19
Fish Go Deep,49,2006
Animal Picnic,31,2018-08-10
Eiffel 65,73,2011-01-05
Yousef,19,2013-01-28
MoodBlast,33,2016-10-14
J. Nandez,1,2014-10-06
Michael Gray,0,2010-05-14
Erick Morillo,16,2017-10-09
Funkerman,8,2008-05-09
Sonny Wharton,0,2015-09-11
Tim Berg,0,2011-03-11
Piet van Dongen,5,2011-05-23
The Egg,39,2006-09-18
DJ Mes,13,2018-08-09
Denis Horvat,51,2019-03-22
Mischa Daniels,27,2017-01-30
Andy Mcgirr,0,2014-06-30
Mark Knight,35,2009-09-29
Mike Traxx,1,2011-05-01
Marcel Woods,0,2011-10-27
Piem,15,2019-07-19
Oscar Barila,0,2013-04-04
The Underdog Project,52,2004-09-13
Jozels,29,2020-01-17
Robyn,29,2019-09-20
Above & Beyond,50,2019-11-07
Sultan + Shepard,43,2019-11-08
Jean Juan,30,2020-01-17
BLR,49,2019-12-20
Dirty South,45,2019-11-15
UOAK,13,2019-12-30
Lane 8,49,2020-01-10
Luke Coulson,36,2019-12-20
Deeparture,30,2019-12-13
RY X,1,2019-07-12
Casper Cole,60,2019-11-22
Mahalo,32,2020-01-03
Nexeri,44,2019-12-13
Amtrac,58,2020-01-03
CamelPhat,68,2019-11-08
Deeparture,28,2019-12-13
WATEVA,51,2019-12-06
Spada,45,2019-12-13
Le Youth,57,2019-11-07
Lane 8,55,2019-10-10
Jean Juan,40,2019-11-08
Evokings,37,2019-11-04
Monolink,51,2019-05-17
Âme,26,2019-08-09
Morgin Madison,25,2019-11-22
Jameson,30,2019-09-23
Peer Kusiv,23,2019-08-09
Tinlicker,40,2019-09-13
Flume,47,2019-08-30
Eelke Kleijn,51,2019-09-12
Jean Juan,42,2019-10-04
Ben Böhmer,50,2019-11-22
Deeparture,37,2019-11-28
Joachim Pastor,48,2019-10-04
Redondo,50,2019-08-02
Danny Howard,46,2019-08-30
Morgin Madison,47,2019-11-06
RÜFÜS DU SOL,39,2019-09-06
Jax Jones,53,2019-07-31
JAMO,26,2019-08-02
Maloma,18,2019-11-29
Sultan + Shepard,43,2019-08-12
Eli & Fur,38,2019-08-13
alt-J,36,2019-08-20
Hot Since 82,40,2019-07-26
CamelPhat,66,2019-06-04
Jean Juan,39,2019-06-13
Life Like Charlie,27,2019-11-17
Sofi Tukker,11,2019-05-17
N O M I N A L,1,2019-01-15
Lane 8,60,2019-06-20
Paraleven,31,2019-07-11
Lstn,22,2019-05-27
Soul Of Void,10,2019-06-18
Hot Since 82,44,2019-06-07
Jean Juan,33,2019-07-11
Joris Voorn,50,2019-05-10
SKIY,20,2019-06-07
Cassian,13,2019-05-16
Elderbrook,48,2019-02-08
Bob Moses,2,2019-01-19
Deorro,18,2019-05-24
Ben Yoo Suk,8,2019-08-30
Lane 8,51,2019-04-30
Mick Mazoo,35,2019-05-23
SG Lewis,8,2019-05-10
Nora En Pure,44,2019-02-22
RÜFÜS DU SOL,56,2019-02-15
Joachim Pastor,38,2019-04-26
Chris Malinchak,56,2018-03-07
Yotto,58,2019-03-08
Fatboy Slim,28,2019-01-18
Grimes,40,2019-01-18
RÜFÜS DU SOL,53,2018-10-19
Simon Field,21,2019-03-15
Holter & Mogyoro,18,2019-04-29
Worakls,40,2019-02-15
Deeparture,32,2019-05-17
Eli & Fur,44,2019-03-08
Andy Kulter,10,2018-01-25
Lstn,35,2019-05-09
Set Mo,37,2019-02-01
SØNIN,34,2019-03-01
CamelPhat,69,2018-11-16
Maya Jane Coles,28,2018-11-16
Lane 8,39,2018-09-13
N'to,1,2018-11-09
Tinlicker,40,2018-10-12
RÜFÜS DU SOL,58,2018-10-19
Yotto,32,2018-07-16
Tinlicker,21,2018-08-20
Lane 8,35,2018-09-20
RÜFÜS DU SOL,40,2019-04-12
Au/Ra,67,2018-07-28
Andy Kulter,10,2018-01-25
Calvin Harris,5,2018-06-22
Hot Since 82,46,2018-06-28
Claptone,33,2018-06-08
Vicetone,63,2018-08-03
David Guetta,68,2018-07-26
Disco Fries,13,2018-06-13
Matisse & Sadko,0,2018-08-03
Justin Mylo,50,2018-04-06
APEK,22,2017-06-09
Cuebrick,36,2017-04-21
Cuebrick,0,2018-05-25
Culture Code,58,2016-12-13
Gareth Emery,0,2014-04-01
Zedd,2,2013-01-01
Zedd,2,2014-01-01
Adara,14,2016-07-25
Vicetone,47,2017-08-11
Culture Code,23,2015-12-04
Gareth Emery,41,2016-04-01
Gareth Emery,40,2016-04-01
David Guetta,70,2018-06-14
David Guetta,72,2018-02-22
Maestro Harrell,18,2016-02-22
Kat Krazy,18,2017-10-12
Kat Krazy,18,2016-07-01
Kosling,41,2018-07-19
Kosling,38,2018-04-06
Jax Jones,65,2017-12-01
Seven Lions,49,2018-07-13
MØ,58,2018-07-12
Zedd,80,2018-07-18
K-391,66,2018-06-07
Klaas,56,2018-05-04
R.I.O.,47,2017-08-04
Hilda,2,2018-05-14
Mike Perry,57,2017-09-01
Cash Cash,65,2018-04-12
DVBBS,23,2017-10-20
Cash Cash,47,2016-06-24
Cash Cash,51,2013-07-16
Cash Cash,44,2016-06-24
Syn Cole,53,2018-03-16
Mike Perry,73,2016-04-15
DEAMN,0,2016-11-05
DEAMN,0,2017-02-14
DEAMN,0,2017-06-03
DEAMN,34,2017-10-11
DEAMN,25,2018-04-06
Vicetone,1,2015-02-02
Laidback Luke,35,2017-02-20
Shavi,25,2017-06-06
Breathe Carolina,13,2016-02-26
Husman,24,2016-02-26
Feenixpawl,32,2016-06-24
P!nk,33,2018-01-12
Aanysa,19,2017-01-13
Aanysa,47,2016-11-04
CoEd,15,2018-03-05
Tacacho,8,2014-06-02
Solidisco,17,2016-07-18
Myon,0,2016-08-19
Lost Kings,51,2017-01-27
Tritonal,42,2017-08-11
Au5,0,2014-03-21
Breathe Carolina,56,2018-05-04
Axollo,14,2018-03-23
Xavi,22,2017-08-25
Avicii,56,2017-08-09
My Buddy Mike,43,2018-03-09
Vicetone,1,2018-03-09
Lindsey Stirling,43,2014-04-29
Syn Cole,25,2017-05-12
Zedd,74,2012-01-01
Ken Loi,28,2017-12-01
Zedd,84,2018-01-23
King Deco,30,2017-07-14
Daniel Garrick,28,2017-04-07
Klaas,59,2018-01-12
Sultan + Shepard,30,2015-09-07
Mike Perry,48,2016-10-21
Syn Cole,45,2017-04-28
Jonas Blue,68,2015-12-04
Feenixpawl,34,2013-04-10
Dj Geducht,28,2017-05-24
Dj Geducht,30,2017-05-24
Quintino,0,2017-04-14
Party Favor,0,2017-02-03
Vicetone,0,2016-11-04
Clean Bandit,78,2017-03-16
Mike Perry,56,2017-04-21
Zedd,17,2017-02-23
Eminence,30,2017-04-20
Jonas Blue,58,2016-10-28
Thomas Gold,13,2015-12-14
Jason Parris,19,2016-03-11
Alesso,56,2015-05-26
Lost Kings,0,2015-10-23
Burak Yeter,32,2017-12-01
Chachi,0,2014-06-20
Mike Candys,40,2017-06-30
3LAU,58,2018-02-16
Don Diablo,30,2017-06-16
Dirty South & Alesso,0,2012-09-10
DJ Ehkir,0,2012-09-11
BURNS,0,2012-09-14
Grant Smillie,9,2012-09-07
M-3ox,35,2012-06-18
The Aston Shuffle,0,2012-11-18
Rasmus Faber,0,2012-11-30
Richard Beynon,0,2012-10-16
CAZZETTE,0,2012-12-12
Eric Prydz,0,2012
Dune,0,2012-11-21
EDX,25,2012-07-14
3LAU,0,2012-07-17
Sidney Samson,0,2013-01-07
CAZZETTE,0,2012-11-13
Keane,0,2013-01-01
Discopolis,6,2013-02-11
The Only,8,2012
Swanky Tunes,0,2013-03-12
Richard Vission,0,2013-03-15
ARTY,45,2013-03-18
Eva Simons,0,2013-03-25
OneRepublic,0,2013-01-01
OneRepublic,6,2013-01-01
Northend,0,2013-04-01
Calvin Harris,39,2013-04-12
Swanky Tunes,0,2013-04-15
Style of Eye,0,2013-04-22
Sebastian Ingrosso & Tommy Trash,0,2013-04-22
will.i.am,0,2013-01-01
John Newman,0,2013-01-01
Bob Sinclar,27,2013-04-02
Kid Vicious,0,2013-02-28
Vicetone,0,2013-04-23
Adrian Lux,30,2013-01-01
Tiësto,0,2013-05-28
Vicetone vs Nico Vega,0,2013-05-09
MOSKA,0,2013-04-18
BURNS,0,2013-07-05
East & Young,0,2013-06-18
Hardwell,29,2013-07-01
Inpetto,0,2013-07-01
An21,0,2013-07-08
6 Fingers & Tass,0,2013-07-19
Henrik B,0,2013-01-01
ARTY,3,2013-09-23
John Dahlbäck,33,2013-10-01
Kid Massive,0,2013-10-07
Nicky Romero,39,2013-09-09
Sick Individuals,0,2013-01-01
Afrojack,0,2013-01-01
Don Diablo,0,2013-12-09
Osen,17,2013-10-06
PMZ,0,2013-04-01
Jewelz,21,2014-01-27
Ken Loi,0,2014-02-17
Gareth Emery,0,2014-02-24
Ellie Goulding,35,2014-01-01
Sidney Samson,13,2014-08-13
Tobu,0,2013-10-30
Pierce Fulton,22,2014-03-31
Rebeat,19,2014-04-07
Tom Swoon,35,2014-04-07
John Newman,0,2013-12-12
Ellie Goulding,0,2014-01-01
Dyro,4,2014-05-05
CAZZETTE,0,2014-05-12
London Grammar,39,2014-05-06
CAZZETTE,0,2013-01-01
Hook N Sling,11,2014-05-09
Guy Sebastian,28,2014-05-05
KAAZE,0,2014-06-09
Paris Blohm,37,2014-06-09
DubVision,0,2014-06-13
Sick Individuals,39,2014-07-14
X-Vertigo,0,2014-07-14
CAZZETTE,0,2014-07-01
Arno Cost,0,2014-07-28
Steerner,0,2014-07-28
Deorro,0,2014-08-05
The Aston Shuffle,0,2014-08-18
Andrew Rayel,15,2014-08-18
Nugnes,0,2014-07-26
Nicky Romero,20,2014-06-13
Deniz Koyu,0,2014-09-22
Galantis,14,2014-09-08
OneRepublic,0,2014-09-23
twoloud,0,2014-09-29
DubVision,0,2014-10-06
CAZZETTE,2,2014-10-21
Sick Individuals,19,2014-11-10
Polyna,0,2014-11-10
Garmiani,0,2012-06-18
3LAU,32,2015-01-16
Jus Jack,14,2015-02-16
Elephante,0,2014
Sam Feldt,0,2014-12-11
Dash Berlin,17,2015-02-23
The Chainsmokers,62,2019-11-01
Martin Garrix,75,2019-12-27
Dimitri Vegas & Like Mike,71,2019-11-15
K-391,48,2019-10-04
Dimitri Vegas & Like Mike,18,2019-07-26
Alan Walker,63,2019-06-25
Dimitri Vegas & Like Mike,64,2019-09-13
Dimitri Vegas & Like Mike,50,2019-04-19
3 Are Legend,31,2019-07-26
Oliver Heldens,37,2019-02-01
Martin Garrix,68,2019-03-31
K-391,41,2018-07-06
Martin Garrix,52,2018-12-07
Martin Garrix,77,2018-07-29
Dimitri Vegas & Like Mike,66,2018-07-20
John De Sohn,27,2018-06-15
Steve Aoki,44,2018-11-09
Sean Finn,51,2018-07-06
Martin Garrix,40,2017-12-29
Armin van Buuren,63,2018-05-18
Steve Aoki,3,2018-10-05
TooManyLeftHands,38,2018-11-30
Dimitri Vegas & Like Mike,56,2017-10-25
Alan Walker,49,2017-12-01
Erlandsson,36,2018-04-20
Ryos,0,2018-02-09
Newclaess,38,2018-05-11
Hogland,58,2017-11-03
Paul Kalkbrenner,44,2018-04-06
Dimitri Vegas & Like Mike,50,2018-02-01
The Chainsmokers,34,2018-03-09
Martin Garrix,62,2017-10-20
Steve Aoki,69,2018-02-02
Martin Garrix,59,2017-08-25
KAZZANOVA,47,2017-12-15
Paul Kalkbrenner,40,2018-03-16
Vicetone,49,2016-09-16
Deorro,25,2018-01-26
The Chainsmokers,50,2017-04-28
Marshmello,58,2017-10-13
Dimitri Vegas & Like Mike,46,2017-10-13
Pete Kingsman,38,2018-02-23
Martin Garrix,47,2017-08-18
The Chainsmokers,0,2016-05-27
Martin Garrix,60,2017-04-07
Martin Garrix,51,2017-03-17
Bodybangers,37,2017-05-26
Alan Walker,32,2017-06-23
The Chainsmokers,41,2016-12-23
Calvin Harris,44,2016-08-02
Martin Garrix,59,2016-11-11
Alan Walker,42,2017-03-03
Sound Of Legend,50,2016-10-28
Alan Walker,24,2017-06-23
Martin Garrix,49,2016-10-20
Calvin Harris,45,2015-08-07
Vicetone,47,2015-03-13
Wahlstedt,0,2016
W&W,35,2017-04-14
Armin van Buuren,12,2017-06-09
Showtek,33,2017-03-31
Benny Benassi,37,2017-03-17
W&W,28,2017-02-24
Marc Korn,24,2017-03-31
Sia,67,2016-10-21
Deorro,49,2017-03-03
Lost Frequencies,24,2017-01-13
Hardwell,20,2017-01-27
Martin Garrix,52,2016-10-28
Alan Walker,2,2016-04-29
Vicetone,45,2015-04-17
Pitchback,4,2016-12-09
Ste Ingham,12,2017-05-26
Klaas,17,2016-02-19
Hardwell,9,2016-12-23
Steve Aoki,26,2016-08-26
DubVision,6,2016-09-16
KAAZE,8,2016-12-09
Nolan van Lith,6,2016-12-09
Newclaess,24,2017-03-31
Olly James,9,2016-07-22
Martin Garrix,53,2016-10-28
Moguai,34,2016-07-15
Joey Dale,5,2016-10-14
Mako,25,2016-08-12
Wahlstedt,1,2016-05-20
The Chainsmokers,35,2016-07-15
Tommie Sunshine,24,2016-04-29
Lost Frequencies,14,2016-10-14
DallasK,8,2016-09-16
Henrik B,0,2016-05-06
Joey Dale,9,2016-09-16
Moby,6,2016-09-09
Möwe,6,2016-06-10
Pitchback,22,2016-07-01
Hardwell,16,2016-07-01
Dannic,20,2016-07-01
Kura,17,2016-07-01
Sex Room,13,2016-06-03
Mark Stent,14,2016-06-24
Mangabey,15,2019-08-23
Terrence Parker,36,2013-03-15
Session Victim,49,2012
Merchant,39,2013-06-28
Kllo,55,2016-11-15
Rayko,38,2013-05-03
The White Lamp,0,2012-04-01
Project Pablo,0,2016-06-03
Robert Owens,30,2011-05-06
Sworn Virgins,40,2018-07-20
HNNY,53,2015-02-01
Fusion Groove Orchestra,41,2016-04-01
Andy Hart,44,2014-09-29
Phillipi & Rodrigo,41,2016-02-12
Coeo,0,2016-10-28
Hypnolove,0,2016-07-01
Brame & Hamo,34,2015-04-06
Bileo,48,2014-09-08
Dele Sosimi Afrobeat Orchestra,46,2015-12-25
Elder Island,61,2016-11-11
Howling,14,2015-04-24
Dusky,49,2013-09-30
Todd Terje,32,2016-07-15
Pete Heller,0,2012-11-16
Solomun,42,2011-04-04
Salif Keita,0,2003-01-01
Kollektiv Turmstrasse,42,2012-08-27
Lake People,32,2012-11-19
Luca C,22,2011-07-17
Theophilus London,47,2012-12-14
Kiki Gyan,53,2012-12-03
Midland,53,2016-12-16
Rick Wade,46,2013-03-08
Fouk,41,2015-10-02
Gwen McCrae,56,1982
EKO,24,2017-06-16
Demuja,43,2017-06-09
Nebraska,23,2016-05-09
Franc Moody,46,2017-02-15
The Black Madonna,0,2014
Bileo,36,2014-09-08
Gino Soccio,50,1979
Sylvester,0,1977
Timeless Legend,32,2009-06-08
The Joneses,0,2009-07-20
Dennis Ferrer,8,2015-06-15
Gary's Gang,9,2016-04-15
Chemise,51,2012-05-01
Imagination,31,1982
Cerrone,0,2014-10-27
Aretha Franklin,2,1983
Daniel Leseman,9,2011-08-29
Casual T,31,2015-07-10
Borrowed Identity,23,2013-10-01
Demarkus Lewis,24,2016-09-12
Fouk,0,2016-06-24
Ponzu Island,22,2016-03-21
L'Atelier,39,2015-04-13
Pezzner,8,2015-10-26
Goody Goody,41,1978
Moodymann,52,2014-01-27
Cerrone,3,2014-12-01
Luther Vandross,69,1981-07-23
Kraak & Smaak,0,2017-01-20
Soulsearcher,52,1998
Max Graef,27,2014-03-24
Harrison BDP,0,2018-06-25
Mo'funk,19,2019-01-18
Shake,21,2013-10-21
Quim Manuel O Espirito Santo,37,2017-04-14
Brame & Hamo,37,2015-04-06
Time Bandits,35,1990-12-06
Roger Thornhill,32,2015-12-04
Zac Samuel,38,2017-03-24
Donna Summer,5,1979
Cassius,36,2018-06-18
Moodymann,48,2000-01-01
Benita,29,2017-12-01
Chain Reaction,29,1980-03-15
Krystal Klear,48,2018-05-04
Fouk,48,2015-10-02
Detroit Swindle,52,2018-05-28
Detroit Swindle,48,2013-06-24
Alma Negra,10,2019-02-11
Unknown Artist,18,2018-10-18
Ron Blanco,24,2017-07-21
DJ Boring,0,2017-09-22
Gino Soccio,33,1994
Skip Mahoney,31,1993
Detroit Swindle,45,2014-03-24
Apparel Wax,34,2018-10-08
Mall Grab,0,2015-04-23
Cuba Trinidad,15,1991
New Jackson,37,2017-09-01
Tujamo,32,2012-10-03
Rudeejay,27,2019-05-03
Lauren,13,2018-04-06
FISHER,79,2018-07-13
Garmiani,53,2017-08-18
Merk & Kremont,37,2015-06-05
Tujamo,56,2019-06-21
Gregor Salto,35,2014-03-28
Dimitri Vegas & Like Mike,38,2013-02-18
Dimitri Vegas & Like Mike,42,2014-05-05
Ummet Ozcan,37,2014-07-14
Jeffy D,16,2014-07-28
Max Styler,22,2019-01-18
BLACKPINK,79,2019-04-05
Nicky Romero,57,2019-02-15
Showtek,57,2018-11-02
Tujamo,59,2015-04-17
Tujamo,62,2019-02-22
Tujamo,46,2015-09-18
Laidback Luke,44,2015-01-05
Tujamo,39,2017-12-01
Tujamo,23,2014-06-13
Tujamo,40,2015-03-23
Dimitri Vegas & Like Mike,29,2015-05-07
Dimitri Vegas & Like Mike,25,2014-03-17
David Guetta,65,2014-11-21
Martin Garrix,53,2014-03-10
Martin Garrix,41,2014-01-27
R3HAB,50,2014-03-24
Bassjackers,56,2015-04-28
Ummet Ozcan,46,2014-04-14
Bassjackers,49,2014-10-31
Garmiani,52,2016-02-19
Bassjackers,47,2016-06-20
Valentino Khan,60,2015-07-10
Tujamo,49,2019-03-22
Jay Hardway,59,2018-10-01
Deorro,21,2019-04-19
Nicky Romero,49,2012-03-02
Sander van Doorn,0,2014-09-29
Tiësto,0,2013-11-04
MC Fioti,41,2018-04-27
Tujamo,42,2019-01-18
Steve Aoki,44,2016-09-30
twoloud,48,2015-10-09
Dimitri Vegas & Like Mike,34,2016-05-09
Tujamo,37,2019-08-02
Laidback Luke,42,2016-07-04
Rudeejay,17,2015-06-16
Tujamo,62,2018-08-03
SNBRN,49,2015-05-11
Tiësto,68,2018-08-24
Tujamo,69,2019-09-13
Sandro Silva,59,2018-09-10
KSHMR,60,2016-04-08
KSHMR,52,2014-11-27
Timmy Trumpet,49,2016-08-29
Tujamo,46,2018-06-15
Steve Aoki,31,2014-09-22
Nicky Romero,49,2019-04-19
LUM!X,52,2019-04-19
Hardwell,58,2012-05-18
Afrojack,41,2012-07-16
Avicii,0,2015-12-11
Nicky Romero,30,2013-06-10
Chuckie,13,2013-06-17
Krewella,29,2013-11-04
Major Lazer,17,2013-08-16
Ibranovski,0,2014-02-11
Blasterjaxx,14,2014-02-28
Showtek,0,2013-12-30
Hardwell,28,2014-10-03
Dimitri Vegas & Like Mike,0,2013-06-03
Sander Van Doorn & Firebeatz,0,2014-04-07
Porter Robinson,43,2012-01-01
Sebastian Ingrosso,64,2013-01-01
Sebastian Ingrosso,56,2012-01-01
Swedish House Mafia,77,2012-09-14
Martin Garrix,0,2014-10-27
Ivan Gough,61,2012-05-22
Tiësto,69,2014-06-13
Tiësto,44,2014-06-13
Tiësto,40,2014-06-13
Tiësto,41,2014-06-13
Tiësto,49,2014-06-13
Hardwell,26,2012-04-30
Hardwell,27,2013-12-10
Hardwell,34,2014-08-08
Hardwell,50,2013-01-11
Capital Cities,38,2013
American Authors,55,2014-01-01
Avicii,58,2011-01-01
Avicii,66,2012-01-01
Afrojack,58,2014-01-01
Afrojack,37,2014-01-01
Afrojack,55,2014-01-01
Kid Cudi,4,2012
Afrojack,39,2011
Icona Pop,42,2013-10-08
Cash Cash,1,2013-10-29
Cash Cash,50,2014-09-16
Afrojack,18,2014-05-12
Alesso,48,2013-01-01
Alesso,60,2015-05-26
Borgeous,0,2014-09-08
Borgeous,0,2014-02-03
Charli XCX,41,2014-10-31
Coldplay,51,2014-12-01
David Guetta,32,2014-06-30
Dillon Francis,33,2015-04-07
Dimitri Vegas & Like Mike,0,2015-04-04
Dimitri Vegas & Like Mike,20,2014-08-04
Blasterjaxx,40,2015-01-16
Don Diablo,0,2014-09-24
Dzeko & Torres,0,2015-02-16
Feenixpawl,0,2015-05-12
John Christian,0,2014-06-09
John Martin,30,2014-05-27
KSHMR,25,2014-10-06
Michael Woods,0,2013-03-11
Nicky Romero,0,2012-01-02
OneRepublic,55,2015-05-26
OneRepublic,45,2014-09-23
Passion Pit,1,2013-06-11
Sick Individuals,0,2013-09-02
Swedish House Mafia,65,2012-01-01
Tim Berg,2,2010-11-12
Tritonal,42,2014-09-29
twoloud,0,2013-10-21
Zedd,61,2012
Zedd,62,2012-01-01
Borgeous,0,2014-06-23
Swedish House Mafia,47,2010-05-31
Steve Angello,0,2013-08-12
Tommy Trash,0,2011-09-25
Icona Pop,1,2013-06-11
Calvin Harris,25,2012-12-11
Audien,34,2013-12-16
Gareth Emery,41,2014-04-01
Hardwell,33,2015-01-20
Krewella,51,2013-09-20
Krewella,55,2013-09-20
Wolfgang Gartner,27,2013-07-22
Showtek,0,2013-05-24
HIIO,0,2014-12-22
MOTi,0,2014-09-22
Alesso,40,2012-12-10
Dirty South,61,2013-01-01
Nicky Romero,45,2013-03-25
NERVO,35,2012-01-01
Ellie Goulding,34,2013-01-01
Sander van Doorn,37,2014-10-19
Bingo Players,0,2014-06-17
Tommy Trash,31,2011-09-23
Quintino,0,2015-04-06
Tiësto,0,2013-08-26
Sandro Silva,0,2011-07-20
Michael Mind,16,2008-04-10
DJ Antoine,3,2008-08-11
Chris Lake,33,2006-01-01
Chris Lake,5,2009-03-23
Bob Sinclar,0,2007-01-08
Mylo,7,2006-01-07
Sander Kleinenberg,0,2007
David Guetta,47,2007-06-15
David Guetta,24,2008-02-29
David Guetta,26,2007-06-15
David Guetta,4,2007-06-15
Sharam featuring Daniel Bedingfield,0,2008-10-27
Erick Decks,18,2007-06-04
Meck,0,2008-12-21
Klaas,0,2009-03-13
John Morley,3,2007-09-17
Klaas,8,2007-11-05
Fragma,0,2008-12-15
Klaas,5,2006-04-05
Horny United,18,2008-05-02
Aston Martinez,5,2005
Micha Moor,0,2007-09-03
Spencer & Hill,7,2009-05-11
Spencer & Hill,6,2008-12-15
Spencer & Hill,2,2008-12-15
Spencer & Hill,0,2006-03-31
David Guetta,17,2009-04-17
Federico Franchi,0,2007-10-01
DJ Jean,0,2007
TEC,1,2005
The Shapeshifters,54,2006-03-27
The Shapeshifters,4,2006-01-01
The Shapeshifters,6,2007-01-01
R.I.O.,23,2008-12-08
Akcent,40,2006-01-01
Klaas,17,2008-05-26
Michael Mind,6,2008-03-31
Laurent Wolf feat. Eric Carter,0,2008-10-14
David Guetta,24,2004-06-04
David Guetta,0,2003
D.O.N.S. feat. Terri B.,0,2009-02-02
Spencer & Hill,0,2008-12-15
Sneaky Sound System,5,2008-07-18
Conways feat. The Nick Straker Band,0,2006-04-26
Getfar,0,2008-02-07
Groovestylerz,1,2006-12-15
Jack Holiday,23,2008
Pat Farrell,1,2009-03-02
Yves Larock,0,2007
Kevaz,0,2008-12-22
Alex Gaudino,0,2007
Velvet,0,2005
Picco,0,2009-01-19
Picco,1,2006-12-11
Stereoboys,0,2008-07-08
Paxi,1,2008-07-07
September,0,2008-05-09
Remady,41,2008-12-19
Röyksopp,16,2009-06-12
DJ Antoine,27,2009-05-28
Heiko & Maiko,21,2007-07-02
Coburn,0,2007-07-02
Sander Kleinenberg,0,2007
Sander Kleinenberg,6,2009-07-09
Niels Van Gogh,0,2009-06-04
Sunloverz,0,2008-08-15
Sunloverz,0,2006
DJ Tune,4,2008-07-07
Familjen,0,2007-03-28
Eric Prydz,31,2003
MIKA,11,2009-01-01
Dave Darell,0,2009-02-27
Steve Angello & Sebastian Ingrosso,0,2009-03-23
Selda,0,2008-12-08
Michael Mind,0,2009-06-01
Michael Mind,4,2007-08-17
Ali Payami,0,2009-08-24
Manfred Mann's Earth Band,0,2007-04-06
David Guetta,5,2009-08-14
Familjen,0,2008-01-01
DJ Antoine,0,2007
Big Ali,31,2008-10-20
Vinylshakerz,0,2009-09-11
Culture Beat,0,2008-08-25
Laidback Luke,0,2008-08-07
Fedde Le Grand feat. Mitch Crown,0,2009-08-31
Morten Hampenberg & Alexander Brown,0,2009-08-31
Sidekick,0,2009-08-31
Laidback Luke,14,2008-10-07
Peeet,0,2007-06-25
David Guetta,0,2009-08-24
David Guetta,0,2009-08-24
David Guetta,0,2009-08-24
David Guetta,12,2007-05-18
Enur,0,2008-09-23
Enur,0,2008-09-23
Enur,0,2008-09-23
Daft Punk,52,2003-12-01
Heiko & Maiko,3,2009-05-25
The Black Eyed Peas,41,2009-01-01
for KING & COUNTRY,56,2019-01-25
Urban Praise Project,24,2019-11-15
Marcus Bornold,6,2019-09-13
Geek Boy,17,2015-05-13
Ryan Stevenson,39,2018-06-08
Gray and Crystal Steadman,9,2019-10-18
Spencer Annis,13,2018-10-12
LZ7,33,2016-05-27
Clavee,11,2019-08-01
Nash Hawkins,5,2019-08-30
Twelve24,22,2015-10-24
Guri,0,2017-10-20
Derek Minor,21,2017-04-14
Britt Nicole,0,2015-03-17
Gui Brazil,13,2018-01-18
N + I,38,2019-09-27
for KING & COUNTRY,54,2019-04-26
Capital Kings,0,2016-07-29
GAWVI,0,2016-07-29
GAWVI,0,2016-07-29
GAWVI,0,2016-09-09
GAWVI,0,2016-09-09
Casting Crowns,24,2015-04-14
Capital Kings,0,2015-10-02
Capital Kings,0,2015-10-02
Capital Kings,0,2015-10-02
Capital Kings,0,2015-10-02
Hillsong Worship,0,2017-03-31
Capital Kings,0,2015-10-02
Capital Kings,0,2014-03-11
Gui Brazil,28,2018-01-18
Hollyn,0,2016-10-07
Hillsong Young & Free,0,2015-12-04
Reyer,31,2013-11-15
Capital Kings,0,2015-10-02
Capital Kings,0,2015-10-02
Capital Kings,1,2013-01-08
GAWVI,0,2017-02-24
Capital Kings,0,2015-10-02
Sevin,18,2016-04-08
Bright City,20,2017-04-28
GAWVI,0,2017-03-31
Capital Kings,0,2015-10-02
Blanca,40,2015-05-04
Capital Kings,0,2017-06-02
Hillsong Young & Free,0,2014-03-04
Mr Jham,26,2017-02-25
Britt Nicole,21,2015-03-17
Urban Rescue,32,2015-03-10
Carlos Herrera Music,27,2016-08-26
Family Force 5,0,2015-11-06
FreeG,0,2017-04-28
Chris Howland,23,2017-07-07
Judah Banke,9,2017-07-07
Capital Kings,0,2015-10-02
Capital Kings,1,2017-07-28
Reyer,22,2015-12-01
Capital Kings,49,2017-09-01
GAWVI,0,2017-09-15
Hollyn,38,2017-09-15
Deraj,18,2017-09-15
GAWVI,0,2016-09-09
Capital Kings,43,2017-10-20
GAWVI,0,2017-12-01
GAWVI,0,2017-12-15
Marshall Marshall,15,2017-06-23
CASS,42,2017-05-08
Reyer,36,2015-12-01
Reyer,11,2016-11-08
Reyer,25,2015-12-01
Reyer,18,2017-11-16
Joel Vaughn,0,2016-04-22
VYLW,6,2017-11-18
Terine,14,2017-10-28
CASS,23,2017-04-27
VYLW,5,2017-11-18
CASS,38,2018-02-02
Tektrik,31,2018-05-09
Bright Ones,35,2018-04-27
Oh Snap It's Luke!,26,2018-03-30
Reyer,15,2014-10-13
TobyMac,39,2018-02-23
Eikon,32,2018-06-13
Benjah,26,2017-11-10
Twelve24,24,2015-10-24
Roberto Rosso,9,2018-07-06
Roberto Rosso,4,2017-01-25
Galactus Jack,24,2018-06-15
Geek Boy,8,2019-01-11
Nash Hawkins,6,2019-08-02
Gui Brazil,33,2018-10-26
Galactus Jack,28,2016-07-29
Michaell D,0,2019-02-08
Happi,27,2019-02-08
Look Project DJ,0,2019-03-22
Marnik,57,2020-01-03
MOTi,53,2019-12-06
Alok,79,2019-11-22
KSHMR,42,2019-08-30
Timmy Trumpet,65,2019-11-22
Will Sparks,56,2019-12-13
Lucas & Steve,74,2019-10-11
Steve Aoki,65,2019-10-04
Blasterjaxx,52,2019-12-13
Marnik,66,2019-11-15
Hardwell,58,2019-10-18
Flume,76,2019-09-25
KSHMR,62,2019-10-11
Snavs,50,2019-10-04
KSHMR,55,2019-09-13
Mike Williams,67,2019-08-30
Alok,61,2019-08-30
KSHMR,48,2019-06-28
Mike Williams,29,2019-05-24
Yves V,46,2019-09-13
Lucas & Steve,51,2019-08-16
Mike Williams,63,2019-07-26
Blasterjaxx,42,2019-06-21
JETFIRE,45,2019-06-07
KSHMR,61,2019-05-24
Blasterjaxx,57,2019-06-07
Will Sparks,61,2019-04-26
Alok,61,2019-06-28
Dannic,37,2019-06-17
KSHMR,45,2019-06-28
Madison Mars,55,2019-05-24
JETFIRE,30,2019-05-03
Wiwek,35,2019-04-10
Wiwek,22,2019-04-10
Wiwek,27,2019-04-10
Shaun Frank,45,2019-05-17
Lucas & Steve,50,2019-04-26
Tujamo,57,2019-04-12
Hardwell,45,2019-03-08
KSHMR,66,2019-03-01
Deorro,14,2019-03-08
Cesqeaux,43,2019-04-12
BROHUG,44,2019-04-12
Zen/it,48,2019-04-12
Hardwell,6,2019-02-08
Kvmo,43,2019-01-31
Madison Mars,57,2019-01-11
Mike Williams,56,2019-01-25
Alok,61,2019-02-01
Paris Blohm,43,2019-02-06
Bali Bandits,46,2019-01-04
BROHUG,39,2019-02-01
R3HAB,68,2018-12-21
Hardwell,49,2019-01-04
Hardwell,61,2018-12-07
KAAZE,47,2019-01-11
Dzeko,68,2019-01-04
Don Diablo,5,2018-12-07
Cuebrick,35,2018-11-19
Borgeous,0,2018-11-19
Throttle,51,2018-12-21
Zen/it,0,2018-12-14
The Him,38,2018-11-09
Jonas Aden,3,2018-11-30
Mike Williams,70,2018-12-07
Hanne Mjøen,35,2018-12-07
KSHMR,55,2018-11-02
Oliver Heldens,70,2018-10-26
JETFIRE,30,2018-11-16
Breathe Carolina,0,2018-11-16
Will Sparks,51,2018-10-31
Lucas & Steve,60,2018-11-09
Tiësto,13,2018-10-26
Martin Garrix,56,2018-10-18
Dynoro,66,2018-01-17
Deorro,62,2018-10-19
HI-LO,41,2018-10-19
Tommie Sunshine,46,2018-10-05
Hardwell,65,2018-10-05
Jack Wins,62,2018-10-19
Throttle,53,2018-10-12
Martin Garrix,49,2018-10-17
Timmy Trumpet,61,2018-09-28
Martin Garrix,53,2018-10-16
Lucas & Steve,72,2018-09-28
Timmy Trumpet,51,2018-10-15
Janieck,52,2018-10-19
Kura,0,2018-10-12
Sam Feldt,46,2018-10-05
Martin Garrix,68,2018-09-14
Mike Williams,51,2018-09-21
Dannic,28,2018-10-01
Dannic,14,2018-10-15
Declain,31,2018-10-08
KSHMR,50,2018-08-24
Dimitri Vegas & Like Mike,57,2018-07-22
KSHMR,62,2018-08-03
Thomas Gold,39,2020-01-17
Ryos,44,2020-01-10
ReauBeau,18,2020-01-17
Sick Individuals,23,2020-01-15
Covenants,32,2020-01-10
KAAZE,52,2020-01-03
Gregor Potter,29,2020-01-03
Maddix,32,2019-12-13
Nipri,4,2020-01-17
Sick Individuals,49,2020-01-08
Sick Individuals,53,2019-12-06
Marcus Santoro,34,2020-01-10
Kroshwell,4,2020-01-17
BonRen,24,2020-01-10
Tim Hox,37,2019-12-13
Kasille,7,2020-01-15
Corx,21,2020-01-10
Roan Shenoyy,42,2019-12-13
Born Dirty,37,2019-12-06
Argui,28,2019-12-06
Almero,24,2020-01-03
Friendzone,42,2019-12-27
MIMO,41,2019-12-27
ARMNHMR,38,2020-01-17
David Hopperman,47,2020-01-03
Next Habit,37,2019-12-13
It's Benzzo,36,2020-01-10
Blackcode,39,2019-12-18
Next Habit,31,2020-01-17
RMCM,34,2019-12-11
RSIN,21,2019-12-13
Maddix,42,2019-11-29
Rave Radio,24,2019-12-17
SQWAD,40,2019-11-29
Eat More Cake,49,2019-12-20
Ferdinand Weber,24,2020-01-17
Sultan + Shepard,49,2019-12-13
Sandro Silva,31,2019-12-04
DJ MEG,38,2019-11-29
Hardwell,63,2019-11-22
RICCI,59,2019-12-27
Hellblasterz,25,2020-01-03
Michael Calfan,58,2019-12-06
Jimmy Clash,37,2019-11-27
FWHO,37,2019-12-13
Luke DB,6,2020-01-17
Jared Moreno,43,2019-12-20
Blaze U,36,2019-12-13
Addal,57,2019-11-08
Dirty Palm,52,2019-12-13
Adam De Great,27,2019-12-02
Anthony Dircson,40,2019-11-22
Chris River,50,2019-12-13
CALV,15,2019-12-06
Marc Benjamin,35,2019-12-06
Olly James,38,2019-11-20
FineRefined,25,2019-12-03
Armin van Buuren,55,2019-11-29
FUNKYBEAT,33,2019-11-22
MR.BLACK,38,2019-11-15
Tom & Dexx,26,2019-11-22
Bolier,46,2019-12-06
Twin Theory,36,2019-11-29
Laidback Luke,39,2019-12-06
Dada Life,38,2019-11-08
ReauBeau,43,2019-11-15
Rubayne,38,2019-11-15
Thomas Gold,44,2019-11-06
Shaun Frank,31,2019-11-08
Tom Swoon,25,2015-10-09
Alesso,0,2015-05-22
Afrojack,0,2014-01-01
Steve Aoki,50,2016-05-19
Steve Aoki,48,2014-09-29
Zedd,7,2015-05-15
Thomas Gold,36,2015-09-30
Thomas Newson,0,2014-12-12
Paris Blohm,37,2018-03-02
Steve Aoki,37,2014-09-29
Afrojack,0,2014-01-01
Sebastian Ingrosso,6,2012-01-01
Steve Aoki,45,2016-03-25
Steve Angello,0,2015-06-10
Fedde Le Grand,32,2015-06-23
Dirty South,0,2013-01-01
Thomas Gold,35,2014-11-28
Alesso,1,2015-05-22
Yves V,0,2016-05-23
Dannic,19,2014-09-22
Afrojack,1,2014-01-01
Martin Garrix,66,2015-03-17
Dash Berlin,38,2014-08-29
Unlike Pluto,5,2017-03-10
Bassjackers,1,2016-10-24
Unlike Pluto,40,2018-01-26
Bassjackers,1,2017-09-22
Dirty South,44,2015-09-03
John Dahlbäck,0,2014-07-07
Deorro,70,2015-03-03
Martin Garrix,5,2015-02-23
Afrojack,0,2014-01-01
Bingo Players,32,2013
John Dahlbäck,0,2014-10-20
Dash Berlin,36,2014-07-04
Alesso,6,2015-05-22
Dimitri Vegas & Like Mike,0,2015-12-28
DubVision,0,2015-08-21
Steve Aoki,47,2015-05-11
John Dahlbäck,32,2014-08-04
Dzeko & Torres,22,2013-05-14
Avicii,9,2012-01-01
DubVision,0,2015-08-28
Zedd,7,2015-05-15
Alesso,0,2015-05-22
Zedd,1,2016-09-23
Afrojack,0,2014-01-01
Alesso,0,2015-05-22
Ivan Gough & Feenixpawl feat. Georgi Kay,48,2012-04-27
Afrojack,24,2014-01-01
Bingo Players,0,2014-01-01
Kaskade,18,2013-09-09
KSHMR,0,2015-07-24
Dash Berlin,35,2014-08-29
League of Legends,10,2017-09-15
Nicky Romero,1,2015-06-22
Steve Aoki,48,2015-05-11
The Jane Doze,30,2015-04-07
Nicky Romero,38,2013
Martin Garrix,2,2016-05-27
Kaskade,0,2014-11-03
Morgan Page,31,2018-02-21
Hardwell,42,2015-10-16
Laidback Luke,19,2015-03-09
Dash Berlin,23,2015-02-23
Galantis,72,2016-04-01
Martin Garrix,4,2016-03-11
Nicky Romero,0,2018-01-19
Dash Berlin,35,2014-08-29
Hardwell,5,2017-09-22
Sebastian Ingrosso,7,2013-01-01
John Dahlbäck,15,2015-04-13
Dash Berlin,37,2014-08-29
R3HAB,0,2014-09-29
Galantis,55,2018-05-17
Zedd,1,2012-01-01
Ummet Ozcan,0,2015-09-07
Zedd,3,2012
Zedd,0,2015-05-15
Axwell /\ Ingrosso,11,2015-06-12
Hardwell,20,2015-07-31
Alesso,1,2015-05-22
Thomas Gold,39,2015-05-25
Afrojack,4,2014-01-01
Thomas Newson,18,2015-09-14
Steve Aoki,36,2012
Quintino,44,2016-01-01
Calvin Harris,72,2014-10-31
DOLF,43,2017-10-13
Shapov,26,2018-01-05
twoloud,0,2014-09-29
Afrojack,0,2014-01-01
Fedde Le Grand,41,2014-01-01
Dash Berlin,37,2015-10-26
Galantis,39,2014-04-28
NERVO,51,2015-07-24
David Guetta,4,2012-08-17
Afrojack,26,2011-09-12
The Glitch Mob,55,2011-07-12
Steve Aoki,0,2012-10-02
Otto Knows,3,2012-01-01
TJR,0,2012-09-24
Bingo Players,1,2012-08-06
Kid Cudi,11,2012-01-01
Tommy Trash,0,2011-06-25
Laurent Wolf,25,2010-03-17
Will Sparks,0,2013-04-29
TJR,3,2013-01-01
H.P. Baxxter,32,2013-01-25
Kongsted,0,2013-03-29
Will Sparks,0,2013-04-18
Tiësto & Showtek,0,2012-06-18
Sandro Silva,15,2012-01-30
Tujamo,41,2012-06-15
Nicky Romero,0,2012-02-13
David Guetta,30,2012-03-23
Michael Calfan,1,2011-12-05
Ivan Gough & Feenixpawl feat. Georgi Kay,0,2012-04-27
Steff da Campo,22,2011-07-29
Kraddy,0,2011-11-18
Dada Life,29,2012-01-01
SCNDL,20,2013-02-15
Ozo,0,2010-12-16
Klaas,21,2012-02-27
Kastenholt & Dee,28,2012-12-20
Martin Garrix,5,2013-07-01
W&W,36,2012-12-17
Chuckie,28,2011-12-12
Tommy Trash,33,2012-02-03
Hardwell,20,2011-05-02
Kastenholt & Dee,29,2012-05-14
Deorro,0,2012-09-10
Blasterjaxx,0,2013
TJR,0,2013-01-01
Vicetone,45,2013-10-07
Barcode Brothers,46,2000-01-01
Generation DJ,16,2010-05-25
Dada Life,1,2013-01-01
JDG,0,2013-08-29
Showtek,0,2013-10-08
Qulinez,26,2013-09-30
Showtek,0,2014-01-13
Tony Junior,0,2013-09-27
Deorro,29,2013-12-09
Tiësto,0,2012-10-08
Mike Hawkins,7,2013-12-02
Sandro Silva,25,2013-11-25
W&W,0,2013-07-22
Laidback Luke,0,2013-08-13
David Guetta,59,2014-01-27
DVBBS,30,2014-01-20
Mike Candys,16,2014-02-14
Nicky Romero,12,2013-06-03
Sick Individuals,0,2013-12-06
Tiësto,17,2012-06-11
R3HAB,0,2014-01-20
Mike Candys,23,2013-12-06
Crew Cardinal,39,2013-11-29
Deorro,5,2014-02-25
Martin Garrix,2,2014-03-17
Deorro,0,2014-04-01
Rene Rodrigezz,0,2014-01-31
Orkestrated,1,2013-09-12
Matthew Nash,0,2013-06-03
LOOPERS,15,2013-01-04
Adrian Emile,13,2013-10-30
Dimitri Vegas & Like Mike,0,2014-05-05
K-391,0,2012-09-13
SCNDL,0,2014-05-05
TJR,19,2014-06-02
Tiësto,0,2014-06-06
Ummet Ozcan,28,2014-04-28
Hardwell,27,2014-06-27
R3HAB,0,2014-07-29
DVBBS,27,2014-04-21
Quintino,18,2014-06-09
Otto Knows,2,2014-01-01
R3HAB,18,2014-07-21
Jewelz & Sparks,6,2014-07-14
Vicetone,21,2014-06-30
HIIO,0,2013-07-29
Kygo,71,2019-02-14
TooManyLeftHands,34,2019-02-15
Mike Perry,10,2019-02-15
Calvin Harris,16,2019-02-15
Tritonal,39,2019-02-15
Madison Mars,46,2019-02-15
Felix Cartal,60,2019-02-14
MOTi,59,2019-02-15
Tom Walker,48,2019-01-10
Lucas & Steve,47,2019-02-15
Firebeatz,49,2019-02-15
Matrix & Futurebound,52,2019-02-06
R3HAB,60,2019-02-08
Seeb,50,2019-02-08
Galantis,77,2019-01-31
David Guetta,76,2019-02-08
Mike Mago,40,2019-02-08
Thomas Gold,28,2019-02-08
Quintino,48,2019-02-08
Sick Individuals,22,2019-02-08
Fedde Le Grand,64,2019-02-08
Nicky Romero,0,2019-02-06
Vanic,38,2019-02-01
Kygo,63,2019-02-01
Mike Hawkins,41,2019-02-01
Shift K3Y,37,2019-02-01
Don Diablo,50,2019-01-31
Hugo Helmig,43,2019-02-01
Mercer,52,2019-02-01
Oliver Heldens,70,2019-01-25
R3HAB,59,2019-01-18
Vigiland,61,2019-01-25
Don Diablo,59,2019-01-18
Nicky Romero,6,2019-01-25
ARTY,63,2019-01-25
M-22,64,2019-01-25
Joe Stone,56,2019-01-25
twoloud,28,2019-01-25
Tom Ferry,37,2019-01-25
Hikaru Utada,63,2019-01-18
Cat Dealers,67,2019-01-18
LIZOT,48,2019-01-18
Nora En Pure,52,2019-01-18
Galardo,13,2019-01-28
Tiësto,1,2019-01-07
Rudimental,47,2019-01-11
Tritonal,40,2019-01-11
EDX,58,2019-01-11
Dimitri Vegas & Like Mike,69,2019-01-11
Breathe Carolina,40,2019-01-11
Lost Kings,19,2019-01-11
Panic! At The Disco,60,2019-01-11
Calvin Harris,83,2019-01-11
Ryan Riback,48,2019-01-11
Trobi,49,2019-01-11
BloodPop®,35,2019-01-11
Dante Klein,48,2019-01-11
Example,61,2019-01-11
Lulleaux,48,2019-01-10
Luca Debonaire,44,2019-01-07
The Chainsmokers,51,2018-12-08
Lost Kings,4,2019-01-04
Lost Frequencies,19,2018-12-07
The Him,57,2019-01-04
Faustix,59,2018-12-28
Lemonface,23,2019-01-04
MOTi,61,2019-01-04
Janee,42,2018-12-28
Lucas Estrada,25,2018-12-28
SHAUN,77,2018-12-21
KREAM,48,2018-12-21
Dubdogz,50,2018-12-21
Tritonal,41,2018-12-21
MOTi,42,2018-12-07
RetroVision,7,2018-12-03
Infernal,40,2018-12-21
Galantis,58,2018-12-21
Oomloud,27,2018-12-17
Alan Walker,78,2018-12-14
Martin Garrix,56,2018-12-14
Vigiland,45,2018-12-14
Ummet Ozcan,47,2018-12-14
Gil Sanders,15,2018-12-14
Sagan,36,2018-12-14
Netsky,46,2018-12-14
BRKLYN,20,2018-12-14
Netsky,43,2018-12-14
Man Cub,20,2018-12-14
Nikki Vianna,0,2018-12-14
Orjan Nilsen,23,2018-12-14
Bantu,34,2018-12-14
Madison Gold,27,2018-12-14
Younotus,23,2018-12-14
Codeko,43,2018-11-30
Seeb,73,2018-12-06
Martin Garrix,54,2019-12-31
Tiësto,59,2019-11-29
Steve Aoki,63,2019-12-20
Martin Garrix,58,2019-12-20
Declain,34,2019-12-06
WildVibes,48,2019-11-08
DubVision,55,2019-12-13
Matisse & Sadko,56,2019-11-01
Somero,32,2019-10-25
Nicky Romero,61,2019-11-01
Merzo,25,2019-11-08
Hardwell,61,2019-08-30
Above & Beyond,47,2019-10-25
Hardwell,57,2019-10-18
David Guetta,63,2019-10-03
Tritonal,57,2019-09-27
Sam Feldt,69,2019-08-29
Steve Aoki,53,2019-10-25
Armin van Buuren,52,2019-10-25
Maurice West,38,2019-10-03
Garmiani,48,2019-09-27
Hardwell,34,2019-09-20
ARTY,53,2019-10-04
Loreno Mayer,19,2019-10-04
Deniz Koyu,58,2019-08-30
Martin Garrix,50,2019-03-31
Martin Garrix,76,2019-02-21
Dimitri Vegas & Like Mike,28,2014-08-04
Bassjackers,29,2016-06-10
Sander van Doorn,34,2014-10-06
Hardwell,57,2019-07-19
ARTY,22,2019-05-31
Dimitri Vegas & Like Mike,16,2019-03-08
Maurice West,43,2018-11-12
Martin Garrix,43,2015-02-13
Thomas Gold,30,2019-08-16
METAFO4R,37,2019-07-12
Dimitri Vegas & Like Mike,53,2018-10-05
Armin van Buuren,41,2018-10-19
Eric Prydz,65,2008-08-29
Nicky Romero,0,2018-10-26
Kygo,67,2019-05-30
W&W,62,2019-05-17
NWYR,47,2019-02-04
Armin van Buuren,24,2018-04-06
Martin Garrix,52,2018-10-19
Armin van Buuren,27,2017-08-18
Martin Garrix,57,2016-05-27
Nicky Romero,35,2012-02-24
David Guetta,49,2018-08-31
Axwell /\ Ingrosso,2,2018-02-02
Ummet Ozcan,58,2019-03-04
Manse,51,2019-06-26
Axwell,6,2009-05-04
DubVision,57,2019-06-14
DubVision,52,2019-07-19
Bassjackers,3,2017-03-24
Sick Individuals,63,2018-10-26
Martin Garrix,59,2018-10-19
Matisse & Sadko,62,2019-01-18
Lost Frequencies,4,2017-01-13
Dimitri Vegas & Like Mike,29,2015-07-17
Thomas Gold,39,2019-07-26
Tiësto,55,2019-04-26
ARTY,6,2019-05-17
Maddix,35,2019-08-02
Dimitri Vegas & Like Mike,21,2019-07-27
Tom Odell,45,2014-09-23
Carnage,50,2019-09-20
Dimitri Vegas & Like Mike,47,2014-02-14
Van Halen,51,2019-05-17
Dimitri Vegas & Like Mike,54,2018-03-30
Armin van Buuren,19,2019-05-24
Above & Beyond,63,2019-07-26
Armin van Buuren,50,2018-08-10
Dimitri Vegas & Like Mike,7,2019-08-10
Garmiani,50,2019-05-03
Steve Aoki,20,2019-08-09
Smooth4Lyfe,8,2016-11-24
Rezz,42,2017-08-04
Stan Kolev,7,2018-04-13
Betoko,4,2018-03-26
Rafael Cerato,13,2018-04-06
X Dream,12,2006-04-17
Stan Kolev,23,2018-04-05
Marla Singer,17,2018-03-26
Tensal,2,2015-02-22
Julian Jeweil,32,2017-01-16
Deas,33,2018-03-30
Alex Kennon,2,2017-06-02
Vitalic,29,2017-01-20
Pete Oak,5,2015-11-20
Niconé,15,2018-02-23
Beatamines,0,2018-04-06
Yotto,15,2018-03-02
Raffa Vergara,1,2018-05-07
Jay Lumen,38,2018-05-18
ANNA,25,2018-04-13
Hidden Empire,15,2018-03-23
Reinier Zonneveld,8,2017-12-15
Hidden Empire,32,2017-11-24
Hidden Empire,0,2016-11-25
ANNA,34,2016-09-16
Flug,9,2018-01-29
Regal,28,2015-07-06
Amelie Lens,52,2017-12-15
Paul Ritch,0,2018-03-28
Olivier Giacomotto,38,2018-02-09
Boris Brejcha,0,2016-09-13
Rafael Cerato,6,2018-06-18
Chris Lawyer,4,2016-03-21
Liquid Soul,18,2015-08-28
Vertical Mode,0,2016-09-12
Timmy Trumpet,8,2016-12-19
Ghost Rider,42,2014-09-04
Hi Profile,13,2018-05-07
Metronome,24,2017-11-24
Irazu,2,2016-05-09
Clouds,37,2013-05-21
Frankie Bones,34,2017-11-24
Avalon,34,2012-06-27
Thomas Schumacher,40,2018-06-29
Hidden Empire,11,2017-08-25
Julian Jeweil,34,2017-10-02
Koen Groeneveld,3,2015-08-03
Christian Smith,15,2017-10-23
Vini Vici,53,2018-01-01
Liquid Soul,48,2016-09-19
Stan Kolev,31,2018-06-28
CamelPhat,39,2018-07-20
Koen Groeneveld,13,2018-06-15
Koen Groeneveld,20,2016-10-10
Jay Lumen,22,2018-02-26
Urbano,2,2016-12-05
Enrico Sangiuliano,50,2018-06-01
Dubfire,49,2016-10-28
stereOMantra,14,2016-12-12
Lab's Cloud,19,2017-06-30
Mystic Crock,15,2018-02-20
KLIMENT,14,2014-01-31
KLIMENT,36,2013-07-21
Elea,5,2013-06-29
KLIMENT,16,2018-05-10
Elea,16,2011-11-11
E-Mantra,20,2012-11-06
Booka Shade,14,2018-08-10
Boris Brejcha,0,2016-02-22
Cirez D,0,2013-11-24
Losless,7,2018-08-13
Sam Shure,38,2018-06-08
Fake Mood,1,2015-08-03
Agents Of Time,14,2018-06-08
Tale Of Us,37,2017-06-16
Tim Engelhardt,8,2014-09-19
Tone Depth,5,2017-12-22
Rafael Cerato,16,2017-12-04
Markus Klee,0,2017-09-15
Eddie M,0,2017-09-15
DAVI,20,2017-11-24
Stan Kolev,3,2018-08-23
Circuit Breakers,26,2017-03-27
Yotam Avni,21,2017-11-24
Stan Kolev,8,2018-08-23
Boston 168,41,2016-03-17
Coyu,31,2018-08-20
Tensal,3,2016-08-05
Yan Cook,5,2018-05-21
Julian Jeweil,29,2017-10-02
Deborah de Luca,45,2018-04-30
Lowkey,0,2016-05-07
Deorro,50,2020-01-17
W&W,62,2019-11-11
Nicky Romero,48,2020-01-17
Andrew Rayel,45,2019-11-01
Wildcrow,12,2020-01-17
D-wayne,20,2016-11-04
Dave Mak,34,2019-12-27
Pantac,21,2019-11-08
Noiz Van Grane,22,2019-12-06
Deorro,8,2019-08-16
Diego Miranda,44,2019-12-06
SCNDL,28,2019-10-09
W&W,50,2019-03-25
MC L da Vinte,26,2019-08-09
Steve Aoki,18,2019-05-24
Dominix,38,2020-01-03
Sonic Snares,22,2019-11-01
Sunnery James & Ryan Marciano,45,2019-12-13
Dimitri Vegas & Like Mike,56,2019-08-16
Loreno Mayer,17,2019-10-04
Averdeck,33,2019-11-22
Wyko,16,2019-09-27
Holden Redd,24,2019-12-13
Onur Atli,36,2019-11-01
OUTRAGE,21,2019-09-13
Aitor Blond,34,2019-08-30
Timmo Hendriks,34,2019-09-13
Blackcode,28,2019-09-20
Mark Sixma,28,2019-09-27
Justin Mylo,41,2019-08-16
Morello Twins,32,2019-09-06
Funk Machine,13,2019-08-28
R3SPAWN,34,2019-07-19
Alesso,58,2019-07-19
Dynoro,63,2019-05-24
Wolfpack,41,2019-11-15
Steve Aoki,44,2019-06-28
Dirty Palm,48,2019-08-16
Cheat Codes,43,2019-07-25
Blackcode,25,2019-06-28
FABV,38,2019-06-14
Blackcode,39,2019-04-12
Showtek,34,2019-11-22
Purebeat,35,2019-07-27
Olly James,42,2019-07-12
Blasterjaxx,53,2019-06-14
Knife Party,64,2019-07-18
AWAY,46,2019-08-15
Dimitri Vegas & Like Mike,65,2019-05-17
Timmy Trumpet,52,2019-07-24
Steve Aoki,57,2018-06-15
Blasterjaxx,39,2019-06-28
Dimatik,19,2019-07-12
SaberZ,27,2019-07-12
Leo Reyes,22,2019-06-21
Husman,30,2019-05-24
Maarten de Jong,30,2019-06-07
Tigerlily,17,2015-11-20
Justin Prime,28,2019-05-31
MC Fioti,6,2018-08-03
David Guetta,54,2019-06-14
Jimmy Clash,40,2019-05-09
Tyron Hapi,17,2018-06-29
Wanna Wake,18,2018-05-11
Deorro,36,2018-06-28
Armin van Buuren,6,2016-11-17
Krunk!,31,2018-12-07
Skytech,45,2019-05-31
D-wayne,17,2019-05-10
R3HAB,55,2019-05-24
Vinny Vibe,29,2019-07-12
Skytech,47,2019-05-03
Dominix,33,2019-04-26
Loreno Mayer,36,2019-04-19
Jay Eskar,1,2019-05-24
Domastic,26,2019-01-11
Tiësto,2,2019-04-05
Notalike,27,2019-04-05
Sidney Samson,42,2019-04-19
Alesso,5,2017-02-03
Calvin Harris,15,2014-11-12
OneRepublic,44,2013-01-01
Hardwell,42,2013-06-21
Avicii,50,2013-07-30
Lana Del Rey,73,2013-02-01
Calvin Harris,67,2012-10-26
Armin van Buuren,56,2013-04-05
Dirty South,35,2013-03-05
W&W,19,2013-08-02
Bingo Players,24,2013-01-01
Syn Cole,0,2013-12-31
Lana Del Rey,45,2013-01-01
Cash Cash,34,2013-10-29
Zedd,39,2012
Afrojack,1,2013-01-01
Afrojack,44,2012-02-28
Audien,43,2013-12-16
Galantis,20,2014-01-27
Timeflies,0,2014-01-01
David Guetta,41,2011-08-26
Kaskade,23,2011
Kaskade,13,2011
Morgan Page,23,2013-11-19
Felix Cartal,0,2013-07-02
Tiësto,2,2013-12-13
Seven Lions,0,2013-01-01
Avicii,7,2013-01-01
Cole Plante,28,2014-01-01
Thomas Newson,24,2014-03-10
John Legend,64,2014-02-25
Alex Guesta,6,2014-03-03
Kaskade,18,2013-06-07
Calvin Harris,29,2014-04-30
Tiësto,0,2013-07-02
Avicii,42,2011-07-16
The Wanted,12,2013-01-01
3LAU,29,2013-09-20
The Cataracs,0,2012-01-01
NERVO,30,2012-12-04
3LAU,52,2014-01-01
Cash Cash,21,2014-03-24
Swanky Tunes,0,2013-05-01
Qulinez,0,2014-03-24
Showtek,0,2013-05-14
Swedish House Mafia,67,2011-05-13
Afrojack,0,2014-01-01
Gareth Emery,0,2014-04-01
Hardwell,39,2013-10-21
Zedd,51,2012-01-01
Adventure Club,1,2013-10-22
Adventure Club,1,2013-10-22
Hardwell,27,2013-09-23
Kaskade,44,2013-07-23
Hardwell,52,2012-02-06
Hardwell,54,2012-12-29
Chris Lake,12,2014-01-31
Gareth Emery,0,2014-03-31
Qubicon,11,2014-03-03
Avicii,5,2013-01-01
Borgeous,0,2014-02-03
Vicetone,1,2013-03-11
The Wanted,39,2013-01-01
Dannic,27,2014-04-14
Armin van Buuren,33,2014-04-14
CAZZETTE,1,2012-11-11
Michael Brun,10,2012-01-02
Audien,16,2013-10-28
Adventure Club,0,2014-04-16
Sevyn Streeter,0,2014-04-01
Hardwell,28,2014-04-18
Avicii,20,2013-01-01
Showtek,47,2013-01-01
Tiësto,47,2014-04-22
Ferry Corsten feat. Jenny Wahlstrom,27,2013
Lush & Simon,42,2014-04-28
Tegan and Sara,20,2013-03-08
Starkillers,14,2014-04-21
Mat Zo,15,2014-01-01
Julian Calor,27,2014-03-03